  0
SECTION
  2
HEADER
  9
$ACADVER
  1
AC1018
  9
$HANDSEED
  5
FFFFFFFF
  9
$ANGBASE
  50
0.0
  9
$ANGDIR
  70
1
  9
$MEASUREMENT
  70
1
  9
$INSUNITS
  70
4
  9
$EXTMIN
 10
28.197500000
 20
-146.177500000
 30
0.0
  9
$EXTMAX
 10
171.802500000
 20
-53.822500000
 30
0.0
  9
$LIMMIN
 10
28.197500000
 20
-146.177500000
  9
$LIMMAX
 10
171.802500000
 20
-53.822500000
  0
ENDSEC
  0
SECTION
  2
TABLES
  0
TABLE
  2
APPID
  5
1
330
0
100
AcDbSymbolTable
 70
1
  0
APPID
  5
2
330
1
100
AcDbSymbolTableRecord
100
AcDbRegAppTableRecord
  2
ACAD
 70
0
  0
ENDTAB
  0
TABLE
  2
LTYPE
  5
3
330
0
100
AcDbSymbolTable
 70
6
  0
LTYPE
  5
4
330
3
100
AcDbSymbolTableRecord
100
AcDbLinetypeTableRecord
  2
ByBlock
 70
0
  3

 72
65
 73
0
 40
0
  0
LTYPE
  5
5
330
3
100
AcDbSymbolTableRecord
100
AcDbLinetypeTableRecord
  2
ByLayer
 70
0
  3

 72
65
 73
0
 40
0
  0
LTYPE
  5
6
330
3
100
AcDbSymbolTableRecord
100
AcDbLinetypeTableRecord
  2
CONTINUOUS
 70
0
  3
Solid line
 72
65
 73
0
 40
0
  0
LTYPE
  5
7
330
3
100
AcDbSymbolTableRecord
100
AcDbLinetypeTableRecord
  2
DASHDOT
 70
0
  3
Dash Dot ____ _ ____ _
 72
65
 73
4
 40
2
 49
1.25
 74
0
 49
-0.25
 74
0
 49
0.25
 74
0
 49
-0.25
 74
0
  0
LTYPE
  5
8
330
3
100
AcDbSymbolTableRecord
100
AcDbLinetypeTableRecord
  2
DASHED
 70
0
  3
Dashed __ __ __ __ __
 72
65
 73
2
 40
0.75
 49
0.5
 74
0
 49
-0.25
 74
0
  0
LTYPE
  5
9
330
3
100
AcDbSymbolTableRecord
100
AcDbLinetypeTableRecord
  2
DOTTED
 70
0
  3
Dotted .  .  .  .
 72
65
 73
2
 40
0.2
 49
0.0
 74
0
 49
-0.2
 74
0
  0
ENDTAB
  0
TABLE
  2
STYLE
  5
A
330
0
100
AcDbSymbolTable
 70
4
  0
STYLE
  5
B
330
A
100
AcDbSymbolTableRecord
100
AcDbTextStyleTableRecord
  2
KICAD
 70
0
 40
0
 41
1
 42
1
 50
0
 71
0
  3
isocp.shx
  0
STYLE
  5
C
330
A
100
AcDbSymbolTableRecord
100
AcDbTextStyleTableRecord
  2
KICADB
 70
0
 40
0
 41
1
 42
1
 50
0
 71
0
  3
isocp.shx
  0
STYLE
  5
D
330
A
100
AcDbSymbolTableRecord
100
AcDbTextStyleTableRecord
  2
KICADI
 70
0
 40
0
 41
1
 42
1
 50
15
 71
0
  3
isocp.shx
  0
STYLE
  5
E
330
A
100
AcDbSymbolTableRecord
100
AcDbTextStyleTableRecord
  2
KICADBI
 70
0
 40
0
 41
1
 42
1
 50
15
 71
0
  3
isocp.shx
  0
ENDTAB
  0
TABLE
  2
LAYER
  5
F
330
0
100
AcDbSymbolTable
 70
3
  0
LAYER
  5
12
330
F
100
AcDbSymbolTableRecord
100
AcDbLayerTableRecord
  2
0
 70
0
 62
7
  6
CONTINUOUS
390
10
  0
LAYER
  5
13
330
F
100
AcDbSymbolTableRecord
100
AcDbLayerTableRecord
  2
B.Mask
 70
0
 62
4
420
196590
  6
CONTINUOUS
390
10
  0
LAYER
  5
14
330
F
100
AcDbSymbolTableRecord
100
AcDbLayerTableRecord
  2
Edge.Cuts
 70
0
 62
254
420
13685453
  6
CONTINUOUS
390
10
  0
ENDTAB
  0
TABLE
  2
VPORT
  5
15
330
0
100
AcDbSymbolTable
 70
1
  0
VPORT
  5
F0000000
330
15
100
AcDbSymbolTableRecord
100
AcDbViewportTableRecord
  2
*Active
 70
0
 10
0.0
 20
0.0
 11
1.0
 21
1.0
 12
100.000000000
 22
-100.000000000
 13
0.0
 23
0.0
 14
0.5
 24
0.5
 15
0.5
 25
0.5
 16
0.0
 26
0.0
 36
1.0
 17
0.0
 27
0.0
 37
0.0
 40
92.355000000
 41
1.6
 42
50.0
 43
0.0
 44
0.0
 50
0.0
 51
0.0
 71
0
 72
1000
 73
1
 74
3
 75
0
 76
0
 77
0
 78
0
281
0
 65
0
146
0.0
  0
ENDTAB
  0
TABLE
  2
VIEW
  5
16
330
0
100
AcDbSymbolTable
 70
0
  0
ENDTAB
  0
TABLE
  2
UCS
  5
17
330
0
100
AcDbSymbolTable
 70
0
  0
ENDTAB
  0
TABLE
  2
DIMSTYLE
  5
18
330
0
100
AcDbSymbolTable
 70
1
100
AcDbDimStyleTable
 71
0
  0
DIMSTYLE
105
19
330
18
100
AcDbSymbolTableRecord
100
AcDbDimStyleTableRecord
  2
Standard
 70
0
  0
ENDTAB
  0
TABLE
  2
BLOCK_RECORD
  5
1A
330
0
100
AcDbSymbolTable
 70
3
  0
BLOCK_RECORD
  5
1B
330
1A
100
AcDbSymbolTableRecord
100
AcDbBlockTableRecord
  2
*Model_Space
340
1E
 70
0
280
1
281
0
  0
BLOCK_RECORD
  5
1C
330
1A
100
AcDbSymbolTableRecord
100
AcDbBlockTableRecord
  2
*Paper_Space
340
1F
 70
0
280
1
281
0
  0
BLOCK_RECORD
  5
1D
330
1A
100
AcDbSymbolTableRecord
100
AcDbBlockTableRecord
  2
*Paper_Space0
340
20
 70
0
280
1
281
0
  0
ENDTAB
  0
ENDSEC
  0
SECTION
  2
BLOCKS
  0
BLOCK
  5
23
330
1B
100
AcDbEntity
  8
0
100
AcDbBlockBegin
  2
*Model_Space
 70
0
 10
0.0
 20
0.0
 30
0.0
  3
*Model_Space
  1

  0
ENDBLK
  5
24
330
1B
100
AcDbEntity
  8
0
100
AcDbBlockEnd
  0
BLOCK
  5
25
330
1C
100
AcDbEntity
 67
1
  8
0
100
AcDbBlockBegin
  2
*Paper_Space
 70
0
 10
0.0
 20
0.0
 30
0.0
  3
*Paper_Space
  1

  0
ENDBLK
  5
26
330
1C
100
AcDbEntity
 67
1
  8
0
100
AcDbBlockEnd
  0
BLOCK
  5
27
330
1D
100
AcDbEntity
 67
1
  8
0
100
AcDbBlockBegin
  2
*Paper_Space0
 70
0
 10
0.0
 20
0.0
 30
0.0
  3
*Paper_Space0
  1

  0
ENDBLK
  5
28
330
1D
100
AcDbEntity
 67
1
  8
0
100
AcDbBlockEnd
  0
ENDSEC
  0
SECTION
  2
ENTITIES
  0
LINE
  5
29
330
1B
100
AcDbEntity
  8
B.Mask
  6
CONTINUOUS
100
AcDbLine
 10
45.5276309999999995
 20
-124.5427759999999893
 30
0
 11
45.9571979999999982
 21
-124.6185199999999895
 31
0
  0
LINE
  5
2A
330
1B
100
AcDbEntity
  8
B.Mask
  6
CONTINUOUS
100
AcDbLine
 10
45.9571979999999982
 20
-124.6185199999999895
 30
0
 11
46.3785290000000003
 21
-124.7314149999999984
 31
0
  0
LINE
  5
2B
330
1B
100
AcDbEntity
  8
B.Mask
  6
CONTINUOUS
100
AcDbLine
 10
46.3785290000000003
 20
-124.7314149999999984
 30
0
 11
46.7884169999999955
 21
-124.8806019999999961
 31
0
  0
LINE
  5
2C
330
1B
100
AcDbEntity
  8
B.Mask
  6
CONTINUOUS
100
AcDbLine
 10
46.7884169999999955
 20
-124.8806019999999961
 30
0
 11
47.1837429999999998
 21
-125.064945999999992
 31
0
  0
LINE
  5
2D
330
1B
100
AcDbEntity
  8
B.Mask
  6
CONTINUOUS
100
AcDbLine
 10
47.1837429999999998
 20
-125.064945999999992
 30
0
 11
47.5614980000000003
 21
-125.2830429999999922
 31
0
  0
LINE
  5
2E
330
1B
100
AcDbEntity
  8
B.Mask
  6
CONTINUOUS
100
AcDbLine
 10
47.5614980000000003
 20
-125.2830429999999922
 30
0
 11
47.918807000000001
 21
-125.5332329999999956
 31
0
  0
LINE
  5
2F
330
1B
100
AcDbEntity
  8
B.Mask
  6
CONTINUOUS
100
AcDbLine
 10
47.918807000000001
 20
-125.5332329999999956
 30
0
 11
48.2529509999999959
 21
-125.8136129999999895
 31
0
  0
LINE
  5
30
330
1B
100
AcDbEntity
  8
B.Mask
  6
CONTINUOUS
100
AcDbLine
 10
48.2529509999999959
 20
-125.8136129999999895
 30
0
 11
48.5613869999999963
 21
-126.1220489999999899
 31
0
  0
LINE
  5
31
330
1B
100
AcDbEntity
  8
B.Mask
  6
CONTINUOUS
100
AcDbLine
 10
48.5613869999999963
 20
-126.1220489999999899
 30
0
 11
48.8417669999999973
 21
-126.456192999999999
 31
0
  0
LINE
  5
32
330
1B
100
AcDbEntity
  8
B.Mask
  6
CONTINUOUS
100
AcDbLine
 10
48.8417669999999973
 20
-126.456192999999999
 30
0
 11
49.0919570000000007
 21
-126.8135019999999997
 31
0
  0
LINE
  5
33
330
1B
100
AcDbEntity
  8
B.Mask
  6
CONTINUOUS
100
AcDbLine
 10
49.0919570000000007
 20
-126.8135019999999997
 30
0
 11
49.3100540000000009
 21
-127.1912569999999931
 31
0
  0
LINE
  5
34
330
1B
100
AcDbEntity
  8
B.Mask
  6
CONTINUOUS
100
AcDbLine
 10
49.3100540000000009
 20
-127.1912569999999931
 30
0
 11
49.4943979999999968
 21
-127.5865829999999903
 31
0
  0
LINE
  5
35
330
1B
100
AcDbEntity
  8
B.Mask
  6
CONTINUOUS
100
AcDbLine
 10
49.4943979999999968
 20
-127.5865829999999903
 30
0
 11
49.6435849999999945
 21
-127.9964709999999997
 31
0
  0
LINE
  5
36
330
1B
100
AcDbEntity
  8
B.Mask
  6
CONTINUOUS
100
AcDbLine
 10
49.6435849999999945
 20
-127.9964709999999997
 30
0
 11
49.7564799999999963
 21
-128.4178019999999947
 31
0
  0
LINE
  5
37
330
1B
100
AcDbEntity
  8
B.Mask
  6
CONTINUOUS
100
AcDbLine
 10
49.7564799999999963
 20
-128.4178019999999947
 30
0
 11
49.8322239999999965
 21
-128.8473689999999863
 31
0
  0
LINE
  5
38
330
1B
100
AcDbEntity
  8
B.Mask
  6
CONTINUOUS
100
AcDbLine
 10
49.8322239999999965
 20
-128.8473689999999863
 30
0
 11
49.870241
 21
-129.2819029999999998
 31
0
  0
LINE
  5
39
330
1B
100
AcDbEntity
  8
B.Mask
  6
CONTINUOUS
100
AcDbLine
 10
49.870241
 20
-129.2819029999999998
 30
0
 11
49.870241
 21
-129.7180970000000002
 31
0
  0
LINE
  5
3A
330
1B
100
AcDbEntity
  8
B.Mask
  6
CONTINUOUS
100
AcDbLine
 10
49.870241
 20
-129.7180970000000002
 30
0
 11
49.8322239999999965
 21
-130.1526309999999853
 31
0
  0
LINE
  5
3B
330
1B
100
AcDbEntity
  8
B.Mask
  6
CONTINUOUS
100
AcDbLine
 10
49.8322239999999965
 20
-130.1526309999999853
 30
0
 11
49.7564799999999963
 21
-130.5821980000000053
 31
0
  0
LINE
  5
3C
330
1B
100
AcDbEntity
  8
B.Mask
  6
CONTINUOUS
100
AcDbLine
 10
49.7564799999999963
 20
-130.5821980000000053
 30
0
 11
49.6435849999999945
 21
-131.0035289999999861
 31
0
  0
LINE
  5
3D
330
1B
100
AcDbEntity
  8
B.Mask
  6
CONTINUOUS
100
AcDbLine
 10
49.6435849999999945
 20
-131.0035289999999861
 30
0
 11
49.4943979999999968
 21
-131.4134169999999813
 31
0
  0
LINE
  5
3E
330
1B
100
AcDbEntity
  8
B.Mask
  6
CONTINUOUS
100
AcDbLine
 10
49.4943979999999968
 20
-131.4134169999999813
 30
0
 11
49.3100540000000009
 21
-131.8087429999999927
 31
0
  0
LINE
  5
3F
330
1B
100
AcDbEntity
  8
B.Mask
  6
CONTINUOUS
100
AcDbLine
 10
49.3100540000000009
 20
-131.8087429999999927
 30
0
 11
49.0919570000000007
 21
-132.1864980000000003
 31
0
  0
LINE
  5
40
330
1B
100
AcDbEntity
  8
B.Mask
  6
CONTINUOUS
100
AcDbLine
 10
49.0919570000000007
 20
-132.1864980000000003
 30
0
 11
48.8417669999999973
 21
-132.5438069999999868
 31
0
  0
LINE
  5
41
330
1B
100
AcDbEntity
  8
B.Mask
  6
CONTINUOUS
100
AcDbLine
 10
48.8417669999999973
 20
-132.5438069999999868
 30
0
 11
48.5613869999999963
 21
-132.8779509999999959
 31
0
  0
LINE
  5
42
330
1B
100
AcDbEntity
  8
B.Mask
  6
CONTINUOUS
100
AcDbLine
 10
48.5613869999999963
 20
-132.8779509999999959
 30
0
 11
48.2529509999999959
 21
-133.1863869999999963
 31
0
  0
LINE
  5
43
330
1B
100
AcDbEntity
  8
B.Mask
  6
CONTINUOUS
100
AcDbLine
 10
48.2529509999999959
 20
-133.1863869999999963
 30
0
 11
47.918807000000001
 21
-133.4667670000000044
 31
0
  0
LINE
  5
44
330
1B
100
AcDbEntity
  8
B.Mask
  6
CONTINUOUS
100
AcDbLine
 10
47.918807000000001
 20
-133.4667670000000044
 30
0
 11
47.5614980000000003
 21
-133.7169570000000078
 31
0
  0
LINE
  5
45
330
1B
100
AcDbEntity
  8
B.Mask
  6
CONTINUOUS
100
AcDbLine
 10
47.5614980000000003
 20
-133.7169570000000078
 30
0
 11
47.1837429999999998
 21
-133.935054000000008
 31
0
  0
LINE
  5
46
330
1B
100
AcDbEntity
  8
B.Mask
  6
CONTINUOUS
100
AcDbLine
 10
47.1837429999999998
 20
-133.935054000000008
 30
0
 11
46.7884169999999955
 21
-134.1193979999999897
 31
0
  0
LINE
  5
47
330
1B
100
AcDbEntity
  8
B.Mask
  6
CONTINUOUS
100
AcDbLine
 10
46.7884169999999955
 20
-134.1193979999999897
 30
0
 11
46.3785290000000003
 21
-134.2685850000000016
 31
0
  0
LINE
  5
48
330
1B
100
AcDbEntity
  8
B.Mask
  6
CONTINUOUS
100
AcDbLine
 10
46.3785290000000003
 20
-134.2685850000000016
 30
0
 11
45.9571979999999982
 21
-134.3814799999999821
 31
0
  0
LINE
  5
49
330
1B
100
AcDbEntity
  8
B.Mask
  6
CONTINUOUS
100
AcDbLine
 10
45.9571979999999982
 20
-134.3814799999999821
 30
0
 11
45.5276309999999995
 21
-134.4572239999999965
 31
0
  0
LINE
  5
4A
330
1B
100
AcDbEntity
  8
B.Mask
  6
CONTINUOUS
100
AcDbLine
 10
45.5276309999999995
 20
-134.4572239999999965
 30
0
 11
45.0930970000000002
 21
-134.4952409999999929
 31
0
  0
LINE
  5
4B
330
1B
100
AcDbEntity
  8
B.Mask
  6
CONTINUOUS
100
AcDbLine
 10
45.0930970000000002
 20
-134.4952409999999929
 30
0
 11
44.6569029999999998
 21
-134.4952409999999929
 31
0
  0
LINE
  5
4C
330
1B
100
AcDbEntity
  8
B.Mask
  6
CONTINUOUS
100
AcDbLine
 10
44.6569029999999998
 20
-134.4952409999999929
 30
0
 11
44.2223690000000005
 21
-134.4572239999999965
 31
0
  0
LINE
  5
4D
330
1B
100
AcDbEntity
  8
B.Mask
  6
CONTINUOUS
100
AcDbLine
 10
44.2223690000000005
 20
-134.4572239999999965
 30
0
 11
43.7928019999999947
 21
-134.3814799999999821
 31
0
  0
LINE
  5
4E
330
1B
100
AcDbEntity
  8
B.Mask
  6
CONTINUOUS
100
AcDbLine
 10
43.7928019999999947
 20
-134.3814799999999821
 30
0
 11
43.3714709999999997
 21
-134.2685850000000016
 31
0
  0
LINE
  5
4F
330
1B
100
AcDbEntity
  8
B.Mask
  6
CONTINUOUS
100
AcDbLine
 10
43.3714709999999997
 20
-134.2685850000000016
 30
0
 11
42.9615829999999974
 21
-134.1193979999999897
 31
0
  0
LINE
  5
50
330
1B
100
AcDbEntity
  8
B.Mask
  6
CONTINUOUS
100
AcDbLine
 10
42.9615829999999974
 20
-134.1193979999999897
 30
0
 11
42.5662570000000002
 21
-133.935054000000008
 31
0
  0
LINE
  5
51
330
1B
100
AcDbEntity
  8
B.Mask
  6
CONTINUOUS
100
AcDbLine
 10
42.5662570000000002
 20
-133.935054000000008
 30
0
 11
42.1885019999999997
 21
-133.7169570000000078
 31
0
  0
LINE
  5
52
330
1B
100
AcDbEntity
  8
B.Mask
  6
CONTINUOUS
100
AcDbLine
 10
42.1885019999999997
 20
-133.7169570000000078
 30
0
 11
41.831192999999999
 21
-133.4667670000000044
 31
0
  0
LINE
  5
53
330
1B
100
AcDbEntity
  8
B.Mask
  6
CONTINUOUS
100
AcDbLine
 10
41.831192999999999
 20
-133.4667670000000044
 30
0
 11
41.497048999999997
 21
-133.1863869999999963
 31
0
  0
LINE
  5
54
330
1B
100
AcDbEntity
  8
B.Mask
  6
CONTINUOUS
100
AcDbLine
 10
41.497048999999997
 20
-133.1863869999999963
 30
0
 11
41.1886129999999966
 21
-132.8779509999999959
 31
0
  0
LINE
  5
55
330
1B
100
AcDbEntity
  8
B.Mask
  6
CONTINUOUS
100
AcDbLine
 10
41.1886129999999966
 20
-132.8779509999999959
 30
0
 11
40.9082329999999956
 21
-132.5438069999999868
 31
0
  0
LINE
  5
56
330
1B
100
AcDbEntity
  8
B.Mask
  6
CONTINUOUS
100
AcDbLine
 10
40.9082329999999956
 20
-132.5438069999999868
 30
0
 11
40.6580429999999993
 21
-132.1864980000000003
 31
0
  0
LINE
  5
57
330
1B
100
AcDbEntity
  8
B.Mask
  6
CONTINUOUS
100
AcDbLine
 10
40.6580429999999993
 20
-132.1864980000000003
 30
0
 11
40.4399459999999991
 21
-131.8087429999999927
 31
0
  0
LINE
  5
58
330
1B
100
AcDbEntity
  8
B.Mask
  6
CONTINUOUS
100
AcDbLine
 10
40.4399459999999991
 20
-131.8087429999999927
 30
0
 11
40.2556019999999961
 21
-131.4134169999999813
 31
0
  0
LINE
  5
59
330
1B
100
AcDbEntity
  8
B.Mask
  6
CONTINUOUS
100
AcDbLine
 10
40.2556019999999961
 20
-131.4134169999999813
 30
0
 11
40.1064149999999984
 21
-131.0035289999999861
 31
0
  0
LINE
  5
5A
330
1B
100
AcDbEntity
  8
B.Mask
  6
CONTINUOUS
100
AcDbLine
 10
40.1064149999999984
 20
-131.0035289999999861
 30
0
 11
39.9935199999999966
 21
-130.5821980000000053
 31
0
  0
LINE
  5
5B
330
1B
100
AcDbEntity
  8
B.Mask
  6
CONTINUOUS
100
AcDbLine
 10
39.9935199999999966
 20
-130.5821980000000053
 30
0
 11
39.9177759999999964
 21
-130.1526309999999853
 31
0
  0
LINE
  5
5C
330
1B
100
AcDbEntity
  8
B.Mask
  6
CONTINUOUS
100
AcDbLine
 10
39.9177759999999964
 20
-130.1526309999999853
 30
0
 11
39.879759
 21
-129.7180970000000002
 31
0
  0
LINE
  5
5D
330
1B
100
AcDbEntity
  8
B.Mask
  6
CONTINUOUS
100
AcDbLine
 10
39.879759
 20
-129.7180970000000002
 30
0
 11
39.879759
 21
-129.2819029999999998
 31
0
  0
LINE
  5
5E
330
1B
100
AcDbEntity
  8
B.Mask
  6
CONTINUOUS
100
AcDbLine
 10
39.879759
 20
-129.2819029999999998
 30
0
 11
39.9177759999999964
 21
-128.8473689999999863
 31
0
  0
LINE
  5
5F
330
1B
100
AcDbEntity
  8
B.Mask
  6
CONTINUOUS
100
AcDbLine
 10
39.9177759999999964
 20
-128.8473689999999863
 30
0
 11
39.9935199999999966
 21
-128.4178019999999947
 31
0
  0
LINE
  5
60
330
1B
100
AcDbEntity
  8
B.Mask
  6
CONTINUOUS
100
AcDbLine
 10
39.9935199999999966
 20
-128.4178019999999947
 30
0
 11
40.1064149999999984
 21
-127.9964709999999997
 31
0
  0
LINE
  5
61
330
1B
100
AcDbEntity
  8
B.Mask
  6
CONTINUOUS
100
AcDbLine
 10
40.1064149999999984
 20
-127.9964709999999997
 30
0
 11
40.2556019999999961
 21
-127.5865829999999903
 31
0
  0
LINE
  5
62
330
1B
100
AcDbEntity
  8
B.Mask
  6
CONTINUOUS
100
AcDbLine
 10
40.2556019999999961
 20
-127.5865829999999903
 30
0
 11
40.4399459999999991
 21
-127.1912569999999931
 31
0
  0
LINE
  5
63
330
1B
100
AcDbEntity
  8
B.Mask
  6
CONTINUOUS
100
AcDbLine
 10
40.4399459999999991
 20
-127.1912569999999931
 30
0
 11
40.6580429999999993
 21
-126.8135019999999997
 31
0
  0
LINE
  5
64
330
1B
100
AcDbEntity
  8
B.Mask
  6
CONTINUOUS
100
AcDbLine
 10
40.6580429999999993
 20
-126.8135019999999997
 30
0
 11
40.9082329999999956
 21
-126.456192999999999
 31
0
  0
LINE
  5
65
330
1B
100
AcDbEntity
  8
B.Mask
  6
CONTINUOUS
100
AcDbLine
 10
40.9082329999999956
 20
-126.456192999999999
 30
0
 11
41.1886129999999966
 21
-126.1220489999999899
 31
0
  0
LINE
  5
66
330
1B
100
AcDbEntity
  8
B.Mask
  6
CONTINUOUS
100
AcDbLine
 10
41.1886129999999966
 20
-126.1220489999999899
 30
0
 11
41.497048999999997
 21
-125.8136129999999895
 31
0
  0
LINE
  5
67
330
1B
100
AcDbEntity
  8
B.Mask
  6
CONTINUOUS
100
AcDbLine
 10
41.497048999999997
 20
-125.8136129999999895
 30
0
 11
41.831192999999999
 21
-125.5332329999999956
 31
0
  0
LINE
  5
68
330
1B
100
AcDbEntity
  8
B.Mask
  6
CONTINUOUS
100
AcDbLine
 10
41.831192999999999
 20
-125.5332329999999956
 30
0
 11
42.1885019999999997
 21
-125.2830429999999922
 31
0
  0
LINE
  5
69
330
1B
100
AcDbEntity
  8
B.Mask
  6
CONTINUOUS
100
AcDbLine
 10
42.1885019999999997
 20
-125.2830429999999922
 30
0
 11
42.5662570000000002
 21
-125.064945999999992
 31
0
  0
LINE
  5
6A
330
1B
100
AcDbEntity
  8
B.Mask
  6
CONTINUOUS
100
AcDbLine
 10
42.5662570000000002
 20
-125.064945999999992
 30
0
 11
42.9615829999999974
 21
-124.8806019999999961
 31
0
  0
LINE
  5
6B
330
1B
100
AcDbEntity
  8
B.Mask
  6
CONTINUOUS
100
AcDbLine
 10
42.9615829999999974
 20
-124.8806019999999961
 30
0
 11
43.3714709999999997
 21
-124.7314149999999984
 31
0
  0
LINE
  5
6C
330
1B
100
AcDbEntity
  8
B.Mask
  6
CONTINUOUS
100
AcDbLine
 10
43.3714709999999997
 20
-124.7314149999999984
 30
0
 11
43.7928019999999947
 21
-124.6185199999999895
 31
0
  0
LINE
  5
6D
330
1B
100
AcDbEntity
  8
B.Mask
  6
CONTINUOUS
100
AcDbLine
 10
43.7928019999999947
 20
-124.6185199999999895
 30
0
 11
44.2223690000000005
 21
-124.5427759999999893
 31
0
  0
LINE
  5
6E
330
1B
100
AcDbEntity
  8
B.Mask
  6
CONTINUOUS
100
AcDbLine
 10
44.2223690000000005
 20
-124.5427759999999893
 30
0
 11
44.6569029999999998
 21
-124.5047589999999929
 31
0
  0
LINE
  5
6F
330
1B
100
AcDbEntity
  8
B.Mask
  6
CONTINUOUS
100
AcDbLine
 10
44.6569029999999998
 20
-124.5047589999999929
 30
0
 11
45.0930970000000002
 21
-124.5047589999999929
 31
0
  0
LINE
  5
70
330
1B
100
AcDbEntity
  8
B.Mask
  6
CONTINUOUS
100
AcDbLine
 10
45.0930970000000002
 20
-124.5047589999999929
 30
0
 11
45.5276309999999995
 21
-124.5427759999999893
 31
0
  0
LINE
  5
71
330
1B
100
AcDbEntity
  8
B.Mask
  6
CONTINUOUS
100
AcDbLine
 10
66.2776309999999995
 20
-124.5427759999999893
 30
0
 11
66.7071979999999911
 21
-124.6185199999999895
 31
0
  0
LINE
  5
72
330
1B
100
AcDbEntity
  8
B.Mask
  6
CONTINUOUS
100
AcDbLine
 10
66.7071979999999911
 20
-124.6185199999999895
 30
0
 11
67.1285290000000003
 21
-124.7314149999999984
 31
0
  0
LINE
  5
73
330
1B
100
AcDbEntity
  8
B.Mask
  6
CONTINUOUS
100
AcDbLine
 10
67.1285290000000003
 20
-124.7314149999999984
 30
0
 11
67.5384169999999955
 21
-124.8806019999999961
 31
0
  0
LINE
  5
74
330
1B
100
AcDbEntity
  8
B.Mask
  6
CONTINUOUS
100
AcDbLine
 10
67.5384169999999955
 20
-124.8806019999999961
 30
0
 11
67.9337429999999927
 21
-125.064945999999992
 31
0
  0
LINE
  5
75
330
1B
100
AcDbEntity
  8
B.Mask
  6
CONTINUOUS
100
AcDbLine
 10
67.9337429999999927
 20
-125.064945999999992
 30
0
 11
68.3114980000000003
 21
-125.2830429999999922
 31
0
  0
LINE
  5
76
330
1B
100
AcDbEntity
  8
B.Mask
  6
CONTINUOUS
100
AcDbLine
 10
68.3114980000000003
 20
-125.2830429999999922
 30
0
 11
68.668807000000001
 21
-125.5332329999999956
 31
0
  0
LINE
  5
77
330
1B
100
AcDbEntity
  8
B.Mask
  6
CONTINUOUS
100
AcDbLine
 10
68.668807000000001
 20
-125.5332329999999956
 30
0
 11
69.0029509999999959
 21
-125.8136129999999895
 31
0
  0
LINE
  5
78
330
1B
100
AcDbEntity
  8
B.Mask
  6
CONTINUOUS
100
AcDbLine
 10
69.0029509999999959
 20
-125.8136129999999895
 30
0
 11
69.3113869999999963
 21
-126.1220489999999899
 31
0
  0
LINE
  5
79
330
1B
100
AcDbEntity
  8
B.Mask
  6
CONTINUOUS
100
AcDbLine
 10
69.3113869999999963
 20
-126.1220489999999899
 30
0
 11
69.5917669999999902
 21
-126.456192999999999
 31
0
  0
LINE
  5
7A
330
1B
100
AcDbEntity
  8
B.Mask
  6
CONTINUOUS
100
AcDbLine
 10
69.5917669999999902
 20
-126.456192999999999
 30
0
 11
69.8419569999999936
 21
-126.8135019999999997
 31
0
  0
LINE
  5
7B
330
1B
100
AcDbEntity
  8
B.Mask
  6
CONTINUOUS
100
AcDbLine
 10
69.8419569999999936
 20
-126.8135019999999997
 30
0
 11
70.0600539999999938
 21
-127.1912569999999931
 31
0
  0
LINE
  5
7C
330
1B
100
AcDbEntity
  8
B.Mask
  6
CONTINUOUS
100
AcDbLine
 10
70.0600539999999938
 20
-127.1912569999999931
 30
0
 11
70.2443980000000039
 21
-127.5865829999999903
 31
0
  0
LINE
  5
7D
330
1B
100
AcDbEntity
  8
B.Mask
  6
CONTINUOUS
100
AcDbLine
 10
70.2443980000000039
 20
-127.5865829999999903
 30
0
 11
70.3935850000000016
 21
-127.9964709999999997
 31
0
  0
LINE
  5
7E
330
1B
100
AcDbEntity
  8
B.Mask
  6
CONTINUOUS
100
AcDbLine
 10
70.3935850000000016
 20
-127.9964709999999997
 30
0
 11
70.5064799999999963
 21
-128.4178019999999947
 31
0
  0
LINE
  5
7F
330
1B
100
AcDbEntity
  8
B.Mask
  6
CONTINUOUS
100
AcDbLine
 10
70.5064799999999963
 20
-128.4178019999999947
 30
0
 11
70.5822239999999965
 21
-128.8473689999999863
 31
0
  0
LINE
  5
80
330
1B
100
AcDbEntity
  8
B.Mask
  6
CONTINUOUS
100
AcDbLine
 10
70.5822239999999965
 20
-128.8473689999999863
 30
0
 11
70.6202409999999929
 21
-129.2819029999999998
 31
0
  0
LINE
  5
81
330
1B
100
AcDbEntity
  8
B.Mask
  6
CONTINUOUS
100
AcDbLine
 10
70.6202409999999929
 20
-129.2819029999999998
 30
0
 11
70.6202409999999929
 21
-129.7180970000000002
 31
0
  0
LINE
  5
82
330
1B
100
AcDbEntity
  8
B.Mask
  6
CONTINUOUS
100
AcDbLine
 10
70.6202409999999929
 20
-129.7180970000000002
 30
0
 11
70.5822239999999965
 21
-130.1526309999999853
 31
0
  0
LINE
  5
83
330
1B
100
AcDbEntity
  8
B.Mask
  6
CONTINUOUS
100
AcDbLine
 10
70.5822239999999965
 20
-130.1526309999999853
 30
0
 11
70.5064799999999963
 21
-130.5821980000000053
 31
0
  0
LINE
  5
84
330
1B
100
AcDbEntity
  8
B.Mask
  6
CONTINUOUS
100
AcDbLine
 10
70.5064799999999963
 20
-130.5821980000000053
 30
0
 11
70.3935850000000016
 21
-131.0035289999999861
 31
0
  0
LINE
  5
85
330
1B
100
AcDbEntity
  8
B.Mask
  6
CONTINUOUS
100
AcDbLine
 10
70.3935850000000016
 20
-131.0035289999999861
 30
0
 11
70.2443980000000039
 21
-131.4134169999999813
 31
0
  0
LINE
  5
86
330
1B
100
AcDbEntity
  8
B.Mask
  6
CONTINUOUS
100
AcDbLine
 10
70.2443980000000039
 20
-131.4134169999999813
 30
0
 11
70.0600539999999938
 21
-131.8087429999999927
 31
0
  0
LINE
  5
87
330
1B
100
AcDbEntity
  8
B.Mask
  6
CONTINUOUS
100
AcDbLine
 10
70.0600539999999938
 20
-131.8087429999999927
 30
0
 11
69.8419569999999936
 21
-132.1864980000000003
 31
0
  0
LINE
  5
88
330
1B
100
AcDbEntity
  8
B.Mask
  6
CONTINUOUS
100
AcDbLine
 10
69.8419569999999936
 20
-132.1864980000000003
 30
0
 11
69.5917669999999902
 21
-132.5438069999999868
 31
0
  0
LINE
  5
89
330
1B
100
AcDbEntity
  8
B.Mask
  6
CONTINUOUS
100
AcDbLine
 10
69.5917669999999902
 20
-132.5438069999999868
 30
0
 11
69.3113869999999963
 21
-132.8779509999999959
 31
0
  0
LINE
  5
8A
330
1B
100
AcDbEntity
  8
B.Mask
  6
CONTINUOUS
100
AcDbLine
 10
69.3113869999999963
 20
-132.8779509999999959
 30
0
 11
69.0029509999999959
 21
-133.1863869999999963
 31
0
  0
LINE
  5
8B
330
1B
100
AcDbEntity
  8
B.Mask
  6
CONTINUOUS
100
AcDbLine
 10
69.0029509999999959
 20
-133.1863869999999963
 30
0
 11
68.668807000000001
 21
-133.4667670000000044
 31
0
  0
LINE
  5
8C
330
1B
100
AcDbEntity
  8
B.Mask
  6
CONTINUOUS
100
AcDbLine
 10
68.668807000000001
 20
-133.4667670000000044
 30
0
 11
68.3114980000000003
 21
-133.7169570000000078
 31
0
  0
LINE
  5
8D
330
1B
100
AcDbEntity
  8
B.Mask
  6
CONTINUOUS
100
AcDbLine
 10
68.3114980000000003
 20
-133.7169570000000078
 30
0
 11
67.9337429999999927
 21
-133.935054000000008
 31
0
  0
LINE
  5
8E
330
1B
100
AcDbEntity
  8
B.Mask
  6
CONTINUOUS
100
AcDbLine
 10
67.9337429999999927
 20
-133.935054000000008
 30
0
 11
67.5384169999999955
 21
-134.1193979999999897
 31
0
  0
LINE
  5
8F
330
1B
100
AcDbEntity
  8
B.Mask
  6
CONTINUOUS
100
AcDbLine
 10
67.5384169999999955
 20
-134.1193979999999897
 30
0
 11
67.1285290000000003
 21
-134.2685850000000016
 31
0
  0
LINE
  5
90
330
1B
100
AcDbEntity
  8
B.Mask
  6
CONTINUOUS
100
AcDbLine
 10
67.1285290000000003
 20
-134.2685850000000016
 30
0
 11
66.7071979999999911
 21
-134.3814799999999821
 31
0
  0
LINE
  5
91
330
1B
100
AcDbEntity
  8
B.Mask
  6
CONTINUOUS
100
AcDbLine
 10
66.7071979999999911
 20
-134.3814799999999821
 30
0
 11
66.2776309999999995
 21
-134.4572239999999965
 31
0
  0
LINE
  5
92
330
1B
100
AcDbEntity
  8
B.Mask
  6
CONTINUOUS
100
AcDbLine
 10
66.2776309999999995
 20
-134.4572239999999965
 30
0
 11
65.8430970000000002
 21
-134.4952409999999929
 31
0
  0
LINE
  5
93
330
1B
100
AcDbEntity
  8
B.Mask
  6
CONTINUOUS
100
AcDbLine
 10
65.8430970000000002
 20
-134.4952409999999929
 30
0
 11
65.4069029999999998
 21
-134.4952409999999929
 31
0
  0
LINE
  5
94
330
1B
100
AcDbEntity
  8
B.Mask
  6
CONTINUOUS
100
AcDbLine
 10
65.4069029999999998
 20
-134.4952409999999929
 30
0
 11
64.9723690000000005
 21
-134.4572239999999965
 31
0
  0
LINE
  5
95
330
1B
100
AcDbEntity
  8
B.Mask
  6
CONTINUOUS
100
AcDbLine
 10
64.9723690000000005
 20
-134.4572239999999965
 30
0
 11
64.5428019999999947
 21
-134.3814799999999821
 31
0
  0
LINE
  5
96
330
1B
100
AcDbEntity
  8
B.Mask
  6
CONTINUOUS
100
AcDbLine
 10
64.5428019999999947
 20
-134.3814799999999821
 30
0
 11
64.1214709999999997
 21
-134.2685850000000016
 31
0
  0
LINE
  5
97
330
1B
100
AcDbEntity
  8
B.Mask
  6
CONTINUOUS
100
AcDbLine
 10
64.1214709999999997
 20
-134.2685850000000016
 30
0
 11
63.7115829999999974
 21
-134.1193979999999897
 31
0
  0
LINE
  5
98
330
1B
100
AcDbEntity
  8
B.Mask
  6
CONTINUOUS
100
AcDbLine
 10
63.7115829999999974
 20
-134.1193979999999897
 30
0
 11
63.3162570000000002
 21
-133.935054000000008
 31
0
  0
LINE
  5
99
330
1B
100
AcDbEntity
  8
B.Mask
  6
CONTINUOUS
100
AcDbLine
 10
63.3162570000000002
 20
-133.935054000000008
 30
0
 11
62.9385019999999997
 21
-133.7169570000000078
 31
0
  0
LINE
  5
9A
330
1B
100
AcDbEntity
  8
B.Mask
  6
CONTINUOUS
100
AcDbLine
 10
62.9385019999999997
 20
-133.7169570000000078
 30
0
 11
62.581192999999999
 21
-133.4667670000000044
 31
0
  0
LINE
  5
9B
330
1B
100
AcDbEntity
  8
B.Mask
  6
CONTINUOUS
100
AcDbLine
 10
62.581192999999999
 20
-133.4667670000000044
 30
0
 11
62.247048999999997
 21
-133.1863869999999963
 31
0
  0
LINE
  5
9C
330
1B
100
AcDbEntity
  8
B.Mask
  6
CONTINUOUS
100
AcDbLine
 10
62.247048999999997
 20
-133.1863869999999963
 30
0
 11
61.9386129999999966
 21
-132.8779509999999959
 31
0
  0
LINE
  5
9D
330
1B
100
AcDbEntity
  8
B.Mask
  6
CONTINUOUS
100
AcDbLine
 10
61.9386129999999966
 20
-132.8779509999999959
 30
0
 11
61.6582329999999956
 21
-132.5438069999999868
 31
0
  0
LINE
  5
9E
330
1B
100
AcDbEntity
  8
B.Mask
  6
CONTINUOUS
100
AcDbLine
 10
61.6582329999999956
 20
-132.5438069999999868
 30
0
 11
61.4080429999999993
 21
-132.1864980000000003
 31
0
  0
LINE
  5
9F
330
1B
100
AcDbEntity
  8
B.Mask
  6
CONTINUOUS
100
AcDbLine
 10
61.4080429999999993
 20
-132.1864980000000003
 30
0
 11
61.1899459999999991
 21
-131.8087429999999927
 31
0
  0
LINE
  5
A0
330
1B
100
AcDbEntity
  8
B.Mask
  6
CONTINUOUS
100
AcDbLine
 10
61.1899459999999991
 20
-131.8087429999999927
 30
0
 11
61.0056019999999961
 21
-131.4134169999999813
 31
0
  0
LINE
  5
A1
330
1B
100
AcDbEntity
  8
B.Mask
  6
CONTINUOUS
100
AcDbLine
 10
61.0056019999999961
 20
-131.4134169999999813
 30
0
 11
60.8564149999999984
 21
-131.0035289999999861
 31
0
  0
LINE
  5
A2
330
1B
100
AcDbEntity
  8
B.Mask
  6
CONTINUOUS
100
AcDbLine
 10
60.8564149999999984
 20
-131.0035289999999861
 30
0
 11
60.7435199999999966
 21
-130.5821980000000053
 31
0
  0
LINE
  5
A3
330
1B
100
AcDbEntity
  8
B.Mask
  6
CONTINUOUS
100
AcDbLine
 10
60.7435199999999966
 20
-130.5821980000000053
 30
0
 11
60.6677759999999964
 21
-130.1526309999999853
 31
0
  0
LINE
  5
A4
330
1B
100
AcDbEntity
  8
B.Mask
  6
CONTINUOUS
100
AcDbLine
 10
60.6677759999999964
 20
-130.1526309999999853
 30
0
 11
60.629759
 21
-129.7180970000000002
 31
0
  0
LINE
  5
A5
330
1B
100
AcDbEntity
  8
B.Mask
  6
CONTINUOUS
100
AcDbLine
 10
60.629759
 20
-129.7180970000000002
 30
0
 11
60.629759
 21
-129.2819029999999998
 31
0
  0
LINE
  5
A6
330
1B
100
AcDbEntity
  8
B.Mask
  6
CONTINUOUS
100
AcDbLine
 10
60.629759
 20
-129.2819029999999998
 30
0
 11
60.6677759999999964
 21
-128.8473689999999863
 31
0
  0
LINE
  5
A7
330
1B
100
AcDbEntity
  8
B.Mask
  6
CONTINUOUS
100
AcDbLine
 10
60.6677759999999964
 20
-128.8473689999999863
 30
0
 11
60.7435199999999966
 21
-128.4178019999999947
 31
0
  0
LINE
  5
A8
330
1B
100
AcDbEntity
  8
B.Mask
  6
CONTINUOUS
100
AcDbLine
 10
60.7435199999999966
 20
-128.4178019999999947
 30
0
 11
60.8564149999999984
 21
-127.9964709999999997
 31
0
  0
LINE
  5
A9
330
1B
100
AcDbEntity
  8
B.Mask
  6
CONTINUOUS
100
AcDbLine
 10
60.8564149999999984
 20
-127.9964709999999997
 30
0
 11
61.0056019999999961
 21
-127.5865829999999903
 31
0
  0
LINE
  5
AA
330
1B
100
AcDbEntity
  8
B.Mask
  6
CONTINUOUS
100
AcDbLine
 10
61.0056019999999961
 20
-127.5865829999999903
 30
0
 11
61.1899459999999991
 21
-127.1912569999999931
 31
0
  0
LINE
  5
AB
330
1B
100
AcDbEntity
  8
B.Mask
  6
CONTINUOUS
100
AcDbLine
 10
61.1899459999999991
 20
-127.1912569999999931
 30
0
 11
61.4080429999999993
 21
-126.8135019999999997
 31
0
  0
LINE
  5
AC
330
1B
100
AcDbEntity
  8
B.Mask
  6
CONTINUOUS
100
AcDbLine
 10
61.4080429999999993
 20
-126.8135019999999997
 30
0
 11
61.6582329999999956
 21
-126.456192999999999
 31
0
  0
LINE
  5
AD
330
1B
100
AcDbEntity
  8
B.Mask
  6
CONTINUOUS
100
AcDbLine
 10
61.6582329999999956
 20
-126.456192999999999
 30
0
 11
61.9386129999999966
 21
-126.1220489999999899
 31
0
  0
LINE
  5
AE
330
1B
100
AcDbEntity
  8
B.Mask
  6
CONTINUOUS
100
AcDbLine
 10
61.9386129999999966
 20
-126.1220489999999899
 30
0
 11
62.247048999999997
 21
-125.8136129999999895
 31
0
  0
LINE
  5
AF
330
1B
100
AcDbEntity
  8
B.Mask
  6
CONTINUOUS
100
AcDbLine
 10
62.247048999999997
 20
-125.8136129999999895
 30
0
 11
62.581192999999999
 21
-125.5332329999999956
 31
0
  0
LINE
  5
B0
330
1B
100
AcDbEntity
  8
B.Mask
  6
CONTINUOUS
100
AcDbLine
 10
62.581192999999999
 20
-125.5332329999999956
 30
0
 11
62.9385019999999997
 21
-125.2830429999999922
 31
0
  0
LINE
  5
B1
330
1B
100
AcDbEntity
  8
B.Mask
  6
CONTINUOUS
100
AcDbLine
 10
62.9385019999999997
 20
-125.2830429999999922
 30
0
 11
63.3162570000000002
 21
-125.064945999999992
 31
0
  0
LINE
  5
B2
330
1B
100
AcDbEntity
  8
B.Mask
  6
CONTINUOUS
100
AcDbLine
 10
63.3162570000000002
 20
-125.064945999999992
 30
0
 11
63.7115829999999974
 21
-124.8806019999999961
 31
0
  0
LINE
  5
B3
330
1B
100
AcDbEntity
  8
B.Mask
  6
CONTINUOUS
100
AcDbLine
 10
63.7115829999999974
 20
-124.8806019999999961
 30
0
 11
64.1214709999999997
 21
-124.7314149999999984
 31
0
  0
LINE
  5
B4
330
1B
100
AcDbEntity
  8
B.Mask
  6
CONTINUOUS
100
AcDbLine
 10
64.1214709999999997
 20
-124.7314149999999984
 30
0
 11
64.5428019999999947
 21
-124.6185199999999895
 31
0
  0
LINE
  5
B5
330
1B
100
AcDbEntity
  8
B.Mask
  6
CONTINUOUS
100
AcDbLine
 10
64.5428019999999947
 20
-124.6185199999999895
 30
0
 11
64.9723690000000005
 21
-124.5427759999999893
 31
0
  0
LINE
  5
B6
330
1B
100
AcDbEntity
  8
B.Mask
  6
CONTINUOUS
100
AcDbLine
 10
64.9723690000000005
 20
-124.5427759999999893
 30
0
 11
65.4069029999999998
 21
-124.5047589999999929
 31
0
  0
LINE
  5
B7
330
1B
100
AcDbEntity
  8
B.Mask
  6
CONTINUOUS
100
AcDbLine
 10
65.4069029999999998
 20
-124.5047589999999929
 30
0
 11
65.8430970000000002
 21
-124.5047589999999929
 31
0
  0
LINE
  5
B8
330
1B
100
AcDbEntity
  8
B.Mask
  6
CONTINUOUS
100
AcDbLine
 10
65.8430970000000002
 20
-124.5047589999999929
 30
0
 11
66.2776309999999995
 21
-124.5427759999999893
 31
0
  0
LINE
  5
B9
330
1B
100
AcDbEntity
  8
B.Mask
  6
CONTINUOUS
100
AcDbLine
 10
87.0276309999999995
 20
-124.5427759999999893
 30
0
 11
87.4571979999999911
 21
-124.6185199999999895
 31
0
  0
LINE
  5
BA
330
1B
100
AcDbEntity
  8
B.Mask
  6
CONTINUOUS
100
AcDbLine
 10
87.4571979999999911
 20
-124.6185199999999895
 30
0
 11
87.8785290000000003
 21
-124.7314149999999984
 31
0
  0
LINE
  5
BB
330
1B
100
AcDbEntity
  8
B.Mask
  6
CONTINUOUS
100
AcDbLine
 10
87.8785290000000003
 20
-124.7314149999999984
 30
0
 11
88.2884169999999955
 21
-124.8806019999999961
 31
0
  0
LINE
  5
BC
330
1B
100
AcDbEntity
  8
B.Mask
  6
CONTINUOUS
100
AcDbLine
 10
88.2884169999999955
 20
-124.8806019999999961
 30
0
 11
88.6837429999999927
 21
-125.064945999999992
 31
0
  0
LINE
  5
BD
330
1B
100
AcDbEntity
  8
B.Mask
  6
CONTINUOUS
100
AcDbLine
 10
88.6837429999999927
 20
-125.064945999999992
 30
0
 11
89.0614980000000003
 21
-125.2830429999999922
 31
0
  0
LINE
  5
BE
330
1B
100
AcDbEntity
  8
B.Mask
  6
CONTINUOUS
100
AcDbLine
 10
89.0614980000000003
 20
-125.2830429999999922
 30
0
 11
89.418807000000001
 21
-125.5332329999999956
 31
0
  0
LINE
  5
BF
330
1B
100
AcDbEntity
  8
B.Mask
  6
CONTINUOUS
100
AcDbLine
 10
89.418807000000001
 20
-125.5332329999999956
 30
0
 11
89.7529509999999959
 21
-125.8136129999999895
 31
0
  0
LINE
  5
C0
330
1B
100
AcDbEntity
  8
B.Mask
  6
CONTINUOUS
100
AcDbLine
 10
89.7529509999999959
 20
-125.8136129999999895
 30
0
 11
90.0613869999999963
 21
-126.1220489999999899
 31
0
  0
LINE
  5
C1
330
1B
100
AcDbEntity
  8
B.Mask
  6
CONTINUOUS
100
AcDbLine
 10
90.0613869999999963
 20
-126.1220489999999899
 30
0
 11
90.3417669999999902
 21
-126.456192999999999
 31
0
  0
LINE
  5
C2
330
1B
100
AcDbEntity
  8
B.Mask
  6
CONTINUOUS
100
AcDbLine
 10
90.3417669999999902
 20
-126.456192999999999
 30
0
 11
90.5919569999999936
 21
-126.8135019999999997
 31
0
  0
LINE
  5
C3
330
1B
100
AcDbEntity
  8
B.Mask
  6
CONTINUOUS
100
AcDbLine
 10
90.5919569999999936
 20
-126.8135019999999997
 30
0
 11
90.8100539999999938
 21
-127.1912569999999931
 31
0
  0
LINE
  5
C4
330
1B
100
AcDbEntity
  8
B.Mask
  6
CONTINUOUS
100
AcDbLine
 10
90.8100539999999938
 20
-127.1912569999999931
 30
0
 11
90.9943979999999897
 21
-127.5865829999999903
 31
0
  0
LINE
  5
C5
330
1B
100
AcDbEntity
  8
B.Mask
  6
CONTINUOUS
100
AcDbLine
 10
90.9943979999999897
 20
-127.5865829999999903
 30
0
 11
91.1435850000000016
 21
-127.9964709999999997
 31
0
  0
LINE
  5
C6
330
1B
100
AcDbEntity
  8
B.Mask
  6
CONTINUOUS
100
AcDbLine
 10
91.1435850000000016
 20
-127.9964709999999997
 30
0
 11
91.2564799999999963
 21
-128.4178019999999947
 31
0
  0
LINE
  5
C7
330
1B
100
AcDbEntity
  8
B.Mask
  6
CONTINUOUS
100
AcDbLine
 10
91.2564799999999963
 20
-128.4178019999999947
 30
0
 11
91.3322239999999965
 21
-128.8473689999999863
 31
0
  0
LINE
  5
C8
330
1B
100
AcDbEntity
  8
B.Mask
  6
CONTINUOUS
100
AcDbLine
 10
91.3322239999999965
 20
-128.8473689999999863
 30
0
 11
91.3702409999999929
 21
-129.2819029999999998
 31
0
  0
LINE
  5
C9
330
1B
100
AcDbEntity
  8
B.Mask
  6
CONTINUOUS
100
AcDbLine
 10
91.3702409999999929
 20
-129.2819029999999998
 30
0
 11
91.3702409999999929
 21
-129.7180970000000002
 31
0
  0
LINE
  5
CA
330
1B
100
AcDbEntity
  8
B.Mask
  6
CONTINUOUS
100
AcDbLine
 10
91.3702409999999929
 20
-129.7180970000000002
 30
0
 11
91.3322239999999965
 21
-130.1526309999999853
 31
0
  0
LINE
  5
CB
330
1B
100
AcDbEntity
  8
B.Mask
  6
CONTINUOUS
100
AcDbLine
 10
91.3322239999999965
 20
-130.1526309999999853
 30
0
 11
91.2564799999999963
 21
-130.5821980000000053
 31
0
  0
LINE
  5
CC
330
1B
100
AcDbEntity
  8
B.Mask
  6
CONTINUOUS
100
AcDbLine
 10
91.2564799999999963
 20
-130.5821980000000053
 30
0
 11
91.1435850000000016
 21
-131.0035289999999861
 31
0
  0
LINE
  5
CD
330
1B
100
AcDbEntity
  8
B.Mask
  6
CONTINUOUS
100
AcDbLine
 10
91.1435850000000016
 20
-131.0035289999999861
 30
0
 11
90.9943979999999897
 21
-131.4134169999999813
 31
0
  0
LINE
  5
CE
330
1B
100
AcDbEntity
  8
B.Mask
  6
CONTINUOUS
100
AcDbLine
 10
90.9943979999999897
 20
-131.4134169999999813
 30
0
 11
90.8100539999999938
 21
-131.8087429999999927
 31
0
  0
LINE
  5
CF
330
1B
100
AcDbEntity
  8
B.Mask
  6
CONTINUOUS
100
AcDbLine
 10
90.8100539999999938
 20
-131.8087429999999927
 30
0
 11
90.5919569999999936
 21
-132.1864980000000003
 31
0
  0
LINE
  5
D0
330
1B
100
AcDbEntity
  8
B.Mask
  6
CONTINUOUS
100
AcDbLine
 10
90.5919569999999936
 20
-132.1864980000000003
 30
0
 11
90.3417669999999902
 21
-132.5438069999999868
 31
0
  0
LINE
  5
D1
330
1B
100
AcDbEntity
  8
B.Mask
  6
CONTINUOUS
100
AcDbLine
 10
90.3417669999999902
 20
-132.5438069999999868
 30
0
 11
90.0613869999999963
 21
-132.8779509999999959
 31
0
  0
LINE
  5
D2
330
1B
100
AcDbEntity
  8
B.Mask
  6
CONTINUOUS
100
AcDbLine
 10
90.0613869999999963
 20
-132.8779509999999959
 30
0
 11
89.7529509999999959
 21
-133.1863869999999963
 31
0
  0
LINE
  5
D3
330
1B
100
AcDbEntity
  8
B.Mask
  6
CONTINUOUS
100
AcDbLine
 10
89.7529509999999959
 20
-133.1863869999999963
 30
0
 11
89.418807000000001
 21
-133.4667670000000044
 31
0
  0
LINE
  5
D4
330
1B
100
AcDbEntity
  8
B.Mask
  6
CONTINUOUS
100
AcDbLine
 10
89.418807000000001
 20
-133.4667670000000044
 30
0
 11
89.0614980000000003
 21
-133.7169570000000078
 31
0
  0
LINE
  5
D5
330
1B
100
AcDbEntity
  8
B.Mask
  6
CONTINUOUS
100
AcDbLine
 10
89.0614980000000003
 20
-133.7169570000000078
 30
0
 11
88.6837429999999927
 21
-133.935054000000008
 31
0
  0
LINE
  5
D6
330
1B
100
AcDbEntity
  8
B.Mask
  6
CONTINUOUS
100
AcDbLine
 10
88.6837429999999927
 20
-133.935054000000008
 30
0
 11
88.2884169999999955
 21
-134.1193979999999897
 31
0
  0
LINE
  5
D7
330
1B
100
AcDbEntity
  8
B.Mask
  6
CONTINUOUS
100
AcDbLine
 10
88.2884169999999955
 20
-134.1193979999999897
 30
0
 11
87.8785290000000003
 21
-134.2685850000000016
 31
0
  0
LINE
  5
D8
330
1B
100
AcDbEntity
  8
B.Mask
  6
CONTINUOUS
100
AcDbLine
 10
87.8785290000000003
 20
-134.2685850000000016
 30
0
 11
87.4571979999999911
 21
-134.3814799999999821
 31
0
  0
LINE
  5
D9
330
1B
100
AcDbEntity
  8
B.Mask
  6
CONTINUOUS
100
AcDbLine
 10
87.4571979999999911
 20
-134.3814799999999821
 30
0
 11
87.0276309999999995
 21
-134.4572239999999965
 31
0
  0
LINE
  5
DA
330
1B
100
AcDbEntity
  8
B.Mask
  6
CONTINUOUS
100
AcDbLine
 10
87.0276309999999995
 20
-134.4572239999999965
 30
0
 11
86.5930970000000002
 21
-134.4952409999999929
 31
0
  0
LINE
  5
DB
330
1B
100
AcDbEntity
  8
B.Mask
  6
CONTINUOUS
100
AcDbLine
 10
86.5930970000000002
 20
-134.4952409999999929
 30
0
 11
86.1569029999999998
 21
-134.4952409999999929
 31
0
  0
LINE
  5
DC
330
1B
100
AcDbEntity
  8
B.Mask
  6
CONTINUOUS
100
AcDbLine
 10
86.1569029999999998
 20
-134.4952409999999929
 30
0
 11
85.7223690000000005
 21
-134.4572239999999965
 31
0
  0
LINE
  5
DD
330
1B
100
AcDbEntity
  8
B.Mask
  6
CONTINUOUS
100
AcDbLine
 10
85.7223690000000005
 20
-134.4572239999999965
 30
0
 11
85.2928019999999947
 21
-134.3814799999999821
 31
0
  0
LINE
  5
DE
330
1B
100
AcDbEntity
  8
B.Mask
  6
CONTINUOUS
100
AcDbLine
 10
85.2928019999999947
 20
-134.3814799999999821
 30
0
 11
84.8714709999999997
 21
-134.2685850000000016
 31
0
  0
LINE
  5
DF
330
1B
100
AcDbEntity
  8
B.Mask
  6
CONTINUOUS
100
AcDbLine
 10
84.8714709999999997
 20
-134.2685850000000016
 30
0
 11
84.4615829999999903
 21
-134.1193979999999897
 31
0
  0
LINE
  5
E0
330
1B
100
AcDbEntity
  8
B.Mask
  6
CONTINUOUS
100
AcDbLine
 10
84.4615829999999903
 20
-134.1193979999999897
 30
0
 11
84.0662569999999931
 21
-133.935054000000008
 31
0
  0
LINE
  5
E1
330
1B
100
AcDbEntity
  8
B.Mask
  6
CONTINUOUS
100
AcDbLine
 10
84.0662569999999931
 20
-133.935054000000008
 30
0
 11
83.6885019999999997
 21
-133.7169570000000078
 31
0
  0
LINE
  5
E2
330
1B
100
AcDbEntity
  8
B.Mask
  6
CONTINUOUS
100
AcDbLine
 10
83.6885019999999997
 20
-133.7169570000000078
 30
0
 11
83.331192999999999
 21
-133.4667670000000044
 31
0
  0
LINE
  5
E3
330
1B
100
AcDbEntity
  8
B.Mask
  6
CONTINUOUS
100
AcDbLine
 10
83.331192999999999
 20
-133.4667670000000044
 30
0
 11
82.9970489999999899
 21
-133.1863869999999963
 31
0
  0
LINE
  5
E4
330
1B
100
AcDbEntity
  8
B.Mask
  6
CONTINUOUS
100
AcDbLine
 10
82.9970489999999899
 20
-133.1863869999999963
 30
0
 11
82.6886129999999895
 21
-132.8779509999999959
 31
0
  0
LINE
  5
E5
330
1B
100
AcDbEntity
  8
B.Mask
  6
CONTINUOUS
100
AcDbLine
 10
82.6886129999999895
 20
-132.8779509999999959
 30
0
 11
82.4082329999999956
 21
-132.5438069999999868
 31
0
  0
LINE
  5
E6
330
1B
100
AcDbEntity
  8
B.Mask
  6
CONTINUOUS
100
AcDbLine
 10
82.4082329999999956
 20
-132.5438069999999868
 30
0
 11
82.1580429999999922
 21
-132.1864980000000003
 31
0
  0
LINE
  5
E7
330
1B
100
AcDbEntity
  8
B.Mask
  6
CONTINUOUS
100
AcDbLine
 10
82.1580429999999922
 20
-132.1864980000000003
 30
0
 11
81.939945999999992
 21
-131.8087429999999927
 31
0
  0
LINE
  5
E8
330
1B
100
AcDbEntity
  8
B.Mask
  6
CONTINUOUS
100
AcDbLine
 10
81.939945999999992
 20
-131.8087429999999927
 30
0
 11
81.7556019999999961
 21
-131.4134169999999813
 31
0
  0
LINE
  5
E9
330
1B
100
AcDbEntity
  8
B.Mask
  6
CONTINUOUS
100
AcDbLine
 10
81.7556019999999961
 20
-131.4134169999999813
 30
0
 11
81.6064149999999984
 21
-131.0035289999999861
 31
0
  0
LINE
  5
EA
330
1B
100
AcDbEntity
  8
B.Mask
  6
CONTINUOUS
100
AcDbLine
 10
81.6064149999999984
 20
-131.0035289999999861
 30
0
 11
81.4935199999999895
 21
-130.5821980000000053
 31
0
  0
LINE
  5
EB
330
1B
100
AcDbEntity
  8
B.Mask
  6
CONTINUOUS
100
AcDbLine
 10
81.4935199999999895
 20
-130.5821980000000053
 30
0
 11
81.4177759999999893
 21
-130.1526309999999853
 31
0
  0
LINE
  5
EC
330
1B
100
AcDbEntity
  8
B.Mask
  6
CONTINUOUS
100
AcDbLine
 10
81.4177759999999893
 20
-130.1526309999999853
 30
0
 11
81.3797589999999929
 21
-129.7180970000000002
 31
0
  0
LINE
  5
ED
330
1B
100
AcDbEntity
  8
B.Mask
  6
CONTINUOUS
100
AcDbLine
 10
81.3797589999999929
 20
-129.7180970000000002
 30
0
 11
81.3797589999999929
 21
-129.2819029999999998
 31
0
  0
LINE
  5
EE
330
1B
100
AcDbEntity
  8
B.Mask
  6
CONTINUOUS
100
AcDbLine
 10
81.3797589999999929
 20
-129.2819029999999998
 30
0
 11
81.4177759999999893
 21
-128.8473689999999863
 31
0
  0
LINE
  5
EF
330
1B
100
AcDbEntity
  8
B.Mask
  6
CONTINUOUS
100
AcDbLine
 10
81.4177759999999893
 20
-128.8473689999999863
 30
0
 11
81.4935199999999895
 21
-128.4178019999999947
 31
0
  0
LINE
  5
F0
330
1B
100
AcDbEntity
  8
B.Mask
  6
CONTINUOUS
100
AcDbLine
 10
81.4935199999999895
 20
-128.4178019999999947
 30
0
 11
81.6064149999999984
 21
-127.9964709999999997
 31
0
  0
LINE
  5
F1
330
1B
100
AcDbEntity
  8
B.Mask
  6
CONTINUOUS
100
AcDbLine
 10
81.6064149999999984
 20
-127.9964709999999997
 30
0
 11
81.7556019999999961
 21
-127.5865829999999903
 31
0
  0
LINE
  5
F2
330
1B
100
AcDbEntity
  8
B.Mask
  6
CONTINUOUS
100
AcDbLine
 10
81.7556019999999961
 20
-127.5865829999999903
 30
0
 11
81.939945999999992
 21
-127.1912569999999931
 31
0
  0
LINE
  5
F3
330
1B
100
AcDbEntity
  8
B.Mask
  6
CONTINUOUS
100
AcDbLine
 10
81.939945999999992
 20
-127.1912569999999931
 30
0
 11
82.1580429999999922
 21
-126.8135019999999997
 31
0
  0
LINE
  5
F4
330
1B
100
AcDbEntity
  8
B.Mask
  6
CONTINUOUS
100
AcDbLine
 10
82.1580429999999922
 20
-126.8135019999999997
 30
0
 11
82.4082329999999956
 21
-126.456192999999999
 31
0
  0
LINE
  5
F5
330
1B
100
AcDbEntity
  8
B.Mask
  6
CONTINUOUS
100
AcDbLine
 10
82.4082329999999956
 20
-126.456192999999999
 30
0
 11
82.6886129999999895
 21
-126.1220489999999899
 31
0
  0
LINE
  5
F6
330
1B
100
AcDbEntity
  8
B.Mask
  6
CONTINUOUS
100
AcDbLine
 10
82.6886129999999895
 20
-126.1220489999999899
 30
0
 11
82.9970489999999899
 21
-125.8136129999999895
 31
0
  0
LINE
  5
F7
330
1B
100
AcDbEntity
  8
B.Mask
  6
CONTINUOUS
100
AcDbLine
 10
82.9970489999999899
 20
-125.8136129999999895
 30
0
 11
83.331192999999999
 21
-125.5332329999999956
 31
0
  0
LINE
  5
F8
330
1B
100
AcDbEntity
  8
B.Mask
  6
CONTINUOUS
100
AcDbLine
 10
83.331192999999999
 20
-125.5332329999999956
 30
0
 11
83.6885019999999997
 21
-125.2830429999999922
 31
0
  0
LINE
  5
F9
330
1B
100
AcDbEntity
  8
B.Mask
  6
CONTINUOUS
100
AcDbLine
 10
83.6885019999999997
 20
-125.2830429999999922
 30
0
 11
84.0662569999999931
 21
-125.064945999999992
 31
0
  0
LINE
  5
FA
330
1B
100
AcDbEntity
  8
B.Mask
  6
CONTINUOUS
100
AcDbLine
 10
84.0662569999999931
 20
-125.064945999999992
 30
0
 11
84.4615829999999903
 21
-124.8806019999999961
 31
0
  0
LINE
  5
FB
330
1B
100
AcDbEntity
  8
B.Mask
  6
CONTINUOUS
100
AcDbLine
 10
84.4615829999999903
 20
-124.8806019999999961
 30
0
 11
84.8714709999999997
 21
-124.7314149999999984
 31
0
  0
LINE
  5
FC
330
1B
100
AcDbEntity
  8
B.Mask
  6
CONTINUOUS
100
AcDbLine
 10
84.8714709999999997
 20
-124.7314149999999984
 30
0
 11
85.2928019999999947
 21
-124.6185199999999895
 31
0
  0
LINE
  5
FD
330
1B
100
AcDbEntity
  8
B.Mask
  6
CONTINUOUS
100
AcDbLine
 10
85.2928019999999947
 20
-124.6185199999999895
 30
0
 11
85.7223690000000005
 21
-124.5427759999999893
 31
0
  0
LINE
  5
FE
330
1B
100
AcDbEntity
  8
B.Mask
  6
CONTINUOUS
100
AcDbLine
 10
85.7223690000000005
 20
-124.5427759999999893
 30
0
 11
86.1569029999999998
 21
-124.5047589999999929
 31
0
  0
LINE
  5
FF
330
1B
100
AcDbEntity
  8
B.Mask
  6
CONTINUOUS
100
AcDbLine
 10
86.1569029999999998
 20
-124.5047589999999929
 30
0
 11
86.5930970000000002
 21
-124.5047589999999929
 31
0
  0
LINE
  5
100
330
1B
100
AcDbEntity
  8
B.Mask
  6
CONTINUOUS
100
AcDbLine
 10
86.5930970000000002
 20
-124.5047589999999929
 30
0
 11
87.0276309999999995
 21
-124.5427759999999893
 31
0
  0
LINE
  5
101
330
1B
100
AcDbEntity
  8
B.Mask
  6
CONTINUOUS
100
AcDbLine
 10
107.7776309999999995
 20
-124.5427759999999893
 30
0
 11
108.2071979999999911
 21
-124.6185199999999895
 31
0
  0
LINE
  5
102
330
1B
100
AcDbEntity
  8
B.Mask
  6
CONTINUOUS
100
AcDbLine
 10
108.2071979999999911
 20
-124.6185199999999895
 30
0
 11
108.6285290000000003
 21
-124.7314149999999984
 31
0
  0
LINE
  5
103
330
1B
100
AcDbEntity
  8
B.Mask
  6
CONTINUOUS
100
AcDbLine
 10
108.6285290000000003
 20
-124.7314149999999984
 30
0
 11
109.0384169999999955
 21
-124.8806019999999961
 31
0
  0
LINE
  5
104
330
1B
100
AcDbEntity
  8
B.Mask
  6
CONTINUOUS
100
AcDbLine
 10
109.0384169999999955
 20
-124.8806019999999961
 30
0
 11
109.4337429999999927
 21
-125.064945999999992
 31
0
  0
LINE
  5
105
330
1B
100
AcDbEntity
  8
B.Mask
  6
CONTINUOUS
100
AcDbLine
 10
109.4337429999999927
 20
-125.064945999999992
 30
0
 11
109.8114980000000003
 21
-125.2830429999999922
 31
0
  0
LINE
  5
106
330
1B
100
AcDbEntity
  8
B.Mask
  6
CONTINUOUS
100
AcDbLine
 10
109.8114980000000003
 20
-125.2830429999999922
 30
0
 11
110.168807000000001
 21
-125.5332329999999956
 31
0
  0
LINE
  5
107
330
1B
100
AcDbEntity
  8
B.Mask
  6
CONTINUOUS
100
AcDbLine
 10
110.168807000000001
 20
-125.5332329999999956
 30
0
 11
110.5029509999999959
 21
-125.8136129999999895
 31
0
  0
LINE
  5
108
330
1B
100
AcDbEntity
  8
B.Mask
  6
CONTINUOUS
100
AcDbLine
 10
110.5029509999999959
 20
-125.8136129999999895
 30
0
 11
110.8113869999999963
 21
-126.1220489999999899
 31
0
  0
LINE
  5
109
330
1B
100
AcDbEntity
  8
B.Mask
  6
CONTINUOUS
100
AcDbLine
 10
110.8113869999999963
 20
-126.1220489999999899
 30
0
 11
111.0917669999999902
 21
-126.456192999999999
 31
0
  0
LINE
  5
10A
330
1B
100
AcDbEntity
  8
B.Mask
  6
CONTINUOUS
100
AcDbLine
 10
111.0917669999999902
 20
-126.456192999999999
 30
0
 11
111.3419569999999936
 21
-126.8135019999999997
 31
0
  0
LINE
  5
10B
330
1B
100
AcDbEntity
  8
B.Mask
  6
CONTINUOUS
100
AcDbLine
 10
111.3419569999999936
 20
-126.8135019999999997
 30
0
 11
111.5600539999999938
 21
-127.1912569999999931
 31
0
  0
LINE
  5
10C
330
1B
100
AcDbEntity
  8
B.Mask
  6
CONTINUOUS
100
AcDbLine
 10
111.5600539999999938
 20
-127.1912569999999931
 30
0
 11
111.7443979999999897
 21
-127.5865829999999903
 31
0
  0
LINE
  5
10D
330
1B
100
AcDbEntity
  8
B.Mask
  6
CONTINUOUS
100
AcDbLine
 10
111.7443979999999897
 20
-127.5865829999999903
 30
0
 11
111.8935850000000016
 21
-127.9964709999999997
 31
0
  0
LINE
  5
10E
330
1B
100
AcDbEntity
  8
B.Mask
  6
CONTINUOUS
100
AcDbLine
 10
111.8935850000000016
 20
-127.9964709999999997
 30
0
 11
112.0064799999999963
 21
-128.4178019999999947
 31
0
  0
LINE
  5
10F
330
1B
100
AcDbEntity
  8
B.Mask
  6
CONTINUOUS
100
AcDbLine
 10
112.0064799999999963
 20
-128.4178019999999947
 30
0
 11
112.0822239999999965
 21
-128.8473689999999863
 31
0
  0
LINE
  5
110
330
1B
100
AcDbEntity
  8
B.Mask
  6
CONTINUOUS
100
AcDbLine
 10
112.0822239999999965
 20
-128.8473689999999863
 30
0
 11
112.1202409999999929
 21
-129.2819029999999998
 31
0
  0
LINE
  5
111
330
1B
100
AcDbEntity
  8
B.Mask
  6
CONTINUOUS
100
AcDbLine
 10
112.1202409999999929
 20
-129.2819029999999998
 30
0
 11
112.1202409999999929
 21
-129.7180970000000002
 31
0
  0
LINE
  5
112
330
1B
100
AcDbEntity
  8
B.Mask
  6
CONTINUOUS
100
AcDbLine
 10
112.1202409999999929
 20
-129.7180970000000002
 30
0
 11
112.0822239999999965
 21
-130.1526309999999853
 31
0
  0
LINE
  5
113
330
1B
100
AcDbEntity
  8
B.Mask
  6
CONTINUOUS
100
AcDbLine
 10
112.0822239999999965
 20
-130.1526309999999853
 30
0
 11
112.0064799999999963
 21
-130.5821980000000053
 31
0
  0
LINE
  5
114
330
1B
100
AcDbEntity
  8
B.Mask
  6
CONTINUOUS
100
AcDbLine
 10
112.0064799999999963
 20
-130.5821980000000053
 30
0
 11
111.8935850000000016
 21
-131.0035289999999861
 31
0
  0
LINE
  5
115
330
1B
100
AcDbEntity
  8
B.Mask
  6
CONTINUOUS
100
AcDbLine
 10
111.8935850000000016
 20
-131.0035289999999861
 30
0
 11
111.7443979999999897
 21
-131.4134169999999813
 31
0
  0
LINE
  5
116
330
1B
100
AcDbEntity
  8
B.Mask
  6
CONTINUOUS
100
AcDbLine
 10
111.7443979999999897
 20
-131.4134169999999813
 30
0
 11
111.5600539999999938
 21
-131.8087429999999927
 31
0
  0
LINE
  5
117
330
1B
100
AcDbEntity
  8
B.Mask
  6
CONTINUOUS
100
AcDbLine
 10
111.5600539999999938
 20
-131.8087429999999927
 30
0
 11
111.3419569999999936
 21
-132.1864980000000003
 31
0
  0
LINE
  5
118
330
1B
100
AcDbEntity
  8
B.Mask
  6
CONTINUOUS
100
AcDbLine
 10
111.3419569999999936
 20
-132.1864980000000003
 30
0
 11
111.0917669999999902
 21
-132.5438069999999868
 31
0
  0
LINE
  5
119
330
1B
100
AcDbEntity
  8
B.Mask
  6
CONTINUOUS
100
AcDbLine
 10
111.0917669999999902
 20
-132.5438069999999868
 30
0
 11
110.8113869999999963
 21
-132.8779509999999959
 31
0
  0
LINE
  5
11A
330
1B
100
AcDbEntity
  8
B.Mask
  6
CONTINUOUS
100
AcDbLine
 10
110.8113869999999963
 20
-132.8779509999999959
 30
0
 11
110.5029509999999959
 21
-133.1863869999999963
 31
0
  0
LINE
  5
11B
330
1B
100
AcDbEntity
  8
B.Mask
  6
CONTINUOUS
100
AcDbLine
 10
110.5029509999999959
 20
-133.1863869999999963
 30
0
 11
110.168807000000001
 21
-133.4667670000000044
 31
0
  0
LINE
  5
11C
330
1B
100
AcDbEntity
  8
B.Mask
  6
CONTINUOUS
100
AcDbLine
 10
110.168807000000001
 20
-133.4667670000000044
 30
0
 11
109.8114980000000003
 21
-133.7169570000000078
 31
0
  0
LINE
  5
11D
330
1B
100
AcDbEntity
  8
B.Mask
  6
CONTINUOUS
100
AcDbLine
 10
109.8114980000000003
 20
-133.7169570000000078
 30
0
 11
109.4337429999999927
 21
-133.935054000000008
 31
0
  0
LINE
  5
11E
330
1B
100
AcDbEntity
  8
B.Mask
  6
CONTINUOUS
100
AcDbLine
 10
109.4337429999999927
 20
-133.935054000000008
 30
0
 11
109.0384169999999955
 21
-134.1193979999999897
 31
0
  0
LINE
  5
11F
330
1B
100
AcDbEntity
  8
B.Mask
  6
CONTINUOUS
100
AcDbLine
 10
109.0384169999999955
 20
-134.1193979999999897
 30
0
 11
108.6285290000000003
 21
-134.2685850000000016
 31
0
  0
LINE
  5
120
330
1B
100
AcDbEntity
  8
B.Mask
  6
CONTINUOUS
100
AcDbLine
 10
108.6285290000000003
 20
-134.2685850000000016
 30
0
 11
108.2071979999999911
 21
-134.3814799999999821
 31
0
  0
LINE
  5
121
330
1B
100
AcDbEntity
  8
B.Mask
  6
CONTINUOUS
100
AcDbLine
 10
108.2071979999999911
 20
-134.3814799999999821
 30
0
 11
107.7776309999999995
 21
-134.4572239999999965
 31
0
  0
LINE
  5
122
330
1B
100
AcDbEntity
  8
B.Mask
  6
CONTINUOUS
100
AcDbLine
 10
107.7776309999999995
 20
-134.4572239999999965
 30
0
 11
107.3430970000000002
 21
-134.4952409999999929
 31
0
  0
LINE
  5
123
330
1B
100
AcDbEntity
  8
B.Mask
  6
CONTINUOUS
100
AcDbLine
 10
107.3430970000000002
 20
-134.4952409999999929
 30
0
 11
106.9069029999999998
 21
-134.4952409999999929
 31
0
  0
LINE
  5
124
330
1B
100
AcDbEntity
  8
B.Mask
  6
CONTINUOUS
100
AcDbLine
 10
106.9069029999999998
 20
-134.4952409999999929
 30
0
 11
106.4723690000000005
 21
-134.4572239999999965
 31
0
  0
LINE
  5
125
330
1B
100
AcDbEntity
  8
B.Mask
  6
CONTINUOUS
100
AcDbLine
 10
106.4723690000000005
 20
-134.4572239999999965
 30
0
 11
106.0428019999999947
 21
-134.3814799999999821
 31
0
  0
LINE
  5
126
330
1B
100
AcDbEntity
  8
B.Mask
  6
CONTINUOUS
100
AcDbLine
 10
106.0428019999999947
 20
-134.3814799999999821
 30
0
 11
105.6214709999999997
 21
-134.2685850000000016
 31
0
  0
LINE
  5
127
330
1B
100
AcDbEntity
  8
B.Mask
  6
CONTINUOUS
100
AcDbLine
 10
105.6214709999999997
 20
-134.2685850000000016
 30
0
 11
105.2115829999999903
 21
-134.1193979999999897
 31
0
  0
LINE
  5
128
330
1B
100
AcDbEntity
  8
B.Mask
  6
CONTINUOUS
100
AcDbLine
 10
105.2115829999999903
 20
-134.1193979999999897
 30
0
 11
104.8162569999999931
 21
-133.935054000000008
 31
0
  0
LINE
  5
129
330
1B
100
AcDbEntity
  8
B.Mask
  6
CONTINUOUS
100
AcDbLine
 10
104.8162569999999931
 20
-133.935054000000008
 30
0
 11
104.4385019999999997
 21
-133.7169570000000078
 31
0
  0
LINE
  5
12A
330
1B
100
AcDbEntity
  8
B.Mask
  6
CONTINUOUS
100
AcDbLine
 10
104.4385019999999997
 20
-133.7169570000000078
 30
0
 11
104.081192999999999
 21
-133.4667670000000044
 31
0
  0
LINE
  5
12B
330
1B
100
AcDbEntity
  8
B.Mask
  6
CONTINUOUS
100
AcDbLine
 10
104.081192999999999
 20
-133.4667670000000044
 30
0
 11
103.7470489999999899
 21
-133.1863869999999963
 31
0
  0
LINE
  5
12C
330
1B
100
AcDbEntity
  8
B.Mask
  6
CONTINUOUS
100
AcDbLine
 10
103.7470489999999899
 20
-133.1863869999999963
 30
0
 11
103.4386129999999895
 21
-132.8779509999999959
 31
0
  0
LINE
  5
12D
330
1B
100
AcDbEntity
  8
B.Mask
  6
CONTINUOUS
100
AcDbLine
 10
103.4386129999999895
 20
-132.8779509999999959
 30
0
 11
103.1582329999999956
 21
-132.5438069999999868
 31
0
  0
LINE
  5
12E
330
1B
100
AcDbEntity
  8
B.Mask
  6
CONTINUOUS
100
AcDbLine
 10
103.1582329999999956
 20
-132.5438069999999868
 30
0
 11
102.9080429999999922
 21
-132.1864980000000003
 31
0
  0
LINE
  5
12F
330
1B
100
AcDbEntity
  8
B.Mask
  6
CONTINUOUS
100
AcDbLine
 10
102.9080429999999922
 20
-132.1864980000000003
 30
0
 11
102.689945999999992
 21
-131.8087429999999927
 31
0
  0
LINE
  5
130
330
1B
100
AcDbEntity
  8
B.Mask
  6
CONTINUOUS
100
AcDbLine
 10
102.689945999999992
 20
-131.8087429999999927
 30
0
 11
102.5056019999999961
 21
-131.4134169999999813
 31
0
  0
LINE
  5
131
330
1B
100
AcDbEntity
  8
B.Mask
  6
CONTINUOUS
100
AcDbLine
 10
102.5056019999999961
 20
-131.4134169999999813
 30
0
 11
102.3564149999999984
 21
-131.0035289999999861
 31
0
  0
LINE
  5
132
330
1B
100
AcDbEntity
  8
B.Mask
  6
CONTINUOUS
100
AcDbLine
 10
102.3564149999999984
 20
-131.0035289999999861
 30
0
 11
102.2435199999999895
 21
-130.5821980000000053
 31
0
  0
LINE
  5
133
330
1B
100
AcDbEntity
  8
B.Mask
  6
CONTINUOUS
100
AcDbLine
 10
102.2435199999999895
 20
-130.5821980000000053
 30
0
 11
102.1677759999999893
 21
-130.1526309999999853
 31
0
  0
LINE
  5
134
330
1B
100
AcDbEntity
  8
B.Mask
  6
CONTINUOUS
100
AcDbLine
 10
102.1677759999999893
 20
-130.1526309999999853
 30
0
 11
102.1297589999999929
 21
-129.7180970000000002
 31
0
  0
LINE
  5
135
330
1B
100
AcDbEntity
  8
B.Mask
  6
CONTINUOUS
100
AcDbLine
 10
102.1297589999999929
 20
-129.7180970000000002
 30
0
 11
102.1297589999999929
 21
-129.2819029999999998
 31
0
  0
LINE
  5
136
330
1B
100
AcDbEntity
  8
B.Mask
  6
CONTINUOUS
100
AcDbLine
 10
102.1297589999999929
 20
-129.2819029999999998
 30
0
 11
102.1677759999999893
 21
-128.8473689999999863
 31
0
  0
LINE
  5
137
330
1B
100
AcDbEntity
  8
B.Mask
  6
CONTINUOUS
100
AcDbLine
 10
102.1677759999999893
 20
-128.8473689999999863
 30
0
 11
102.2435199999999895
 21
-128.4178019999999947
 31
0
  0
LINE
  5
138
330
1B
100
AcDbEntity
  8
B.Mask
  6
CONTINUOUS
100
AcDbLine
 10
102.2435199999999895
 20
-128.4178019999999947
 30
0
 11
102.3564149999999984
 21
-127.9964709999999997
 31
0
  0
LINE
  5
139
330
1B
100
AcDbEntity
  8
B.Mask
  6
CONTINUOUS
100
AcDbLine
 10
102.3564149999999984
 20
-127.9964709999999997
 30
0
 11
102.5056019999999961
 21
-127.5865829999999903
 31
0
  0
LINE
  5
13A
330
1B
100
AcDbEntity
  8
B.Mask
  6
CONTINUOUS
100
AcDbLine
 10
102.5056019999999961
 20
-127.5865829999999903
 30
0
 11
102.689945999999992
 21
-127.1912569999999931
 31
0
  0
LINE
  5
13B
330
1B
100
AcDbEntity
  8
B.Mask
  6
CONTINUOUS
100
AcDbLine
 10
102.689945999999992
 20
-127.1912569999999931
 30
0
 11
102.9080429999999922
 21
-126.8135019999999997
 31
0
  0
LINE
  5
13C
330
1B
100
AcDbEntity
  8
B.Mask
  6
CONTINUOUS
100
AcDbLine
 10
102.9080429999999922
 20
-126.8135019999999997
 30
0
 11
103.1582329999999956
 21
-126.456192999999999
 31
0
  0
LINE
  5
13D
330
1B
100
AcDbEntity
  8
B.Mask
  6
CONTINUOUS
100
AcDbLine
 10
103.1582329999999956
 20
-126.456192999999999
 30
0
 11
103.4386129999999895
 21
-126.1220489999999899
 31
0
  0
LINE
  5
13E
330
1B
100
AcDbEntity
  8
B.Mask
  6
CONTINUOUS
100
AcDbLine
 10
103.4386129999999895
 20
-126.1220489999999899
 30
0
 11
103.7470489999999899
 21
-125.8136129999999895
 31
0
  0
LINE
  5
13F
330
1B
100
AcDbEntity
  8
B.Mask
  6
CONTINUOUS
100
AcDbLine
 10
103.7470489999999899
 20
-125.8136129999999895
 30
0
 11
104.081192999999999
 21
-125.5332329999999956
 31
0
  0
LINE
  5
140
330
1B
100
AcDbEntity
  8
B.Mask
  6
CONTINUOUS
100
AcDbLine
 10
104.081192999999999
 20
-125.5332329999999956
 30
0
 11
104.4385019999999997
 21
-125.2830429999999922
 31
0
  0
LINE
  5
141
330
1B
100
AcDbEntity
  8
B.Mask
  6
CONTINUOUS
100
AcDbLine
 10
104.4385019999999997
 20
-125.2830429999999922
 30
0
 11
104.8162569999999931
 21
-125.064945999999992
 31
0
  0
LINE
  5
142
330
1B
100
AcDbEntity
  8
B.Mask
  6
CONTINUOUS
100
AcDbLine
 10
104.8162569999999931
 20
-125.064945999999992
 30
0
 11
105.2115829999999903
 21
-124.8806019999999961
 31
0
  0
LINE
  5
143
330
1B
100
AcDbEntity
  8
B.Mask
  6
CONTINUOUS
100
AcDbLine
 10
105.2115829999999903
 20
-124.8806019999999961
 30
0
 11
105.6214709999999997
 21
-124.7314149999999984
 31
0
  0
LINE
  5
144
330
1B
100
AcDbEntity
  8
B.Mask
  6
CONTINUOUS
100
AcDbLine
 10
105.6214709999999997
 20
-124.7314149999999984
 30
0
 11
106.0428019999999947
 21
-124.6185199999999895
 31
0
  0
LINE
  5
145
330
1B
100
AcDbEntity
  8
B.Mask
  6
CONTINUOUS
100
AcDbLine
 10
106.0428019999999947
 20
-124.6185199999999895
 30
0
 11
106.4723690000000005
 21
-124.5427759999999893
 31
0
  0
LINE
  5
146
330
1B
100
AcDbEntity
  8
B.Mask
  6
CONTINUOUS
100
AcDbLine
 10
106.4723690000000005
 20
-124.5427759999999893
 30
0
 11
106.9069029999999998
 21
-124.5047589999999929
 31
0
  0
LINE
  5
147
330
1B
100
AcDbEntity
  8
B.Mask
  6
CONTINUOUS
100
AcDbLine
 10
106.9069029999999998
 20
-124.5047589999999929
 30
0
 11
107.3430970000000002
 21
-124.5047589999999929
 31
0
  0
LINE
  5
148
330
1B
100
AcDbEntity
  8
B.Mask
  6
CONTINUOUS
100
AcDbLine
 10
107.3430970000000002
 20
-124.5047589999999929
 30
0
 11
107.7776309999999995
 21
-124.5427759999999893
 31
0
  0
LINE
  5
149
330
1B
100
AcDbEntity
  8
B.Mask
  6
CONTINUOUS
100
AcDbLine
 10
123.9187659999999909
 20
-122.6603219999999936
 30
0
 11
124.1920889999999957
 21
-122.7227069999999998
 31
0
  0
LINE
  5
14A
330
1B
100
AcDbEntity
  8
B.Mask
  6
CONTINUOUS
100
AcDbLine
 10
124.1920889999999957
 20
-122.7227069999999998
 30
0
 11
124.4567089999999894
 21
-122.8153009999999909
 31
0
  0
LINE
  5
14B
330
1B
100
AcDbEntity
  8
B.Mask
  6
CONTINUOUS
100
AcDbLine
 10
124.4567089999999894
 20
-122.8153009999999909
 30
0
 11
124.7092969999999923
 21
-122.9369409999999903
 31
0
  0
LINE
  5
14C
330
1B
100
AcDbEntity
  8
B.Mask
  6
CONTINUOUS
100
AcDbLine
 10
124.7092969999999923
 20
-122.9369409999999903
 30
0
 11
124.9466779999999915
 21
-123.0860979999999927
 31
0
  0
LINE
  5
14D
330
1B
100
AcDbEntity
  8
B.Mask
  6
CONTINUOUS
100
AcDbLine
 10
124.9466779999999915
 20
-123.0860979999999927
 30
0
 11
125.1658659999999941
 21
-123.2608949999999908
 31
0
  0
LINE
  5
14E
330
1B
100
AcDbEntity
  8
B.Mask
  6
CONTINUOUS
100
AcDbLine
 10
125.1658659999999941
 20
-123.2608949999999908
 30
0
 11
125.364104999999995
 21
-123.4591339999999917
 31
0
  0
LINE
  5
14F
330
1B
100
AcDbEntity
  8
B.Mask
  6
CONTINUOUS
100
AcDbLine
 10
125.364104999999995
 20
-123.4591339999999917
 30
0
 11
125.5389019999999931
 21
-123.6783219999999943
 31
0
  0
LINE
  5
150
330
1B
100
AcDbEntity
  8
B.Mask
  6
CONTINUOUS
100
AcDbLine
 10
125.5389019999999931
 20
-123.6783219999999943
 30
0
 11
125.6880589999999955
 21
-123.9157029999999935
 31
0
  0
LINE
  5
151
330
1B
100
AcDbEntity
  8
B.Mask
  6
CONTINUOUS
100
AcDbLine
 10
125.6880589999999955
 20
-123.9157029999999935
 30
0
 11
125.8096989999999948
 21
-124.1682909999999964
 31
0
  0
LINE
  5
152
330
1B
100
AcDbEntity
  8
B.Mask
  6
CONTINUOUS
100
AcDbLine
 10
125.8096989999999948
 20
-124.1682909999999964
 30
0
 11
125.9022930000000002
 21
-124.4329109999999901
 31
0
  0
LINE
  5
153
330
1B
100
AcDbEntity
  8
B.Mask
  6
CONTINUOUS
100
AcDbLine
 10
125.9022930000000002
 20
-124.4329109999999901
 30
0
 11
125.9646779999999922
 21
-124.7062339999999949
 31
0
  0
LINE
  5
154
330
1B
100
AcDbEntity
  8
B.Mask
  6
CONTINUOUS
100
AcDbLine
 10
125.9646779999999922
 20
-124.7062339999999949
 30
0
 11
125.9960669999999965
 21
-124.984823999999989
 31
0
  0
LINE
  5
155
330
1B
100
AcDbEntity
  8
B.Mask
  6
CONTINUOUS
100
AcDbLine
 10
125.9960669999999965
 20
-124.984823999999989
 30
0
 11
125.9960669999999965
 21
-125.2651759999999967
 31
0
  0
LINE
  5
156
330
1B
100
AcDbEntity
  8
B.Mask
  6
CONTINUOUS
100
AcDbLine
 10
125.9960669999999965
 20
-125.2651759999999967
 30
0
 11
125.9646779999999922
 21
-125.5437659999999909
 31
0
  0
LINE
  5
157
330
1B
100
AcDbEntity
  8
B.Mask
  6
CONTINUOUS
100
AcDbLine
 10
125.9646779999999922
 20
-125.5437659999999909
 30
0
 11
125.9022930000000002
 21
-125.8170889999999957
 31
0
  0
LINE
  5
158
330
1B
100
AcDbEntity
  8
B.Mask
  6
CONTINUOUS
100
AcDbLine
 10
125.9022930000000002
 20
-125.8170889999999957
 30
0
 11
125.8096989999999948
 21
-126.0817089999999894
 31
0
  0
LINE
  5
159
330
1B
100
AcDbEntity
  8
B.Mask
  6
CONTINUOUS
100
AcDbLine
 10
125.8096989999999948
 20
-126.0817089999999894
 30
0
 11
125.6880589999999955
 21
-126.3342969999999923
 31
0
  0
LINE
  5
15A
330
1B
100
AcDbEntity
  8
B.Mask
  6
CONTINUOUS
100
AcDbLine
 10
125.6880589999999955
 20
-126.3342969999999923
 30
0
 11
125.5389019999999931
 21
-126.5716779999999915
 31
0
  0
LINE
  5
15B
330
1B
100
AcDbEntity
  8
B.Mask
  6
CONTINUOUS
100
AcDbLine
 10
125.5389019999999931
 20
-126.5716779999999915
 30
0
 11
125.364104999999995
 21
-126.7908659999999941
 31
0
  0
LINE
  5
15C
330
1B
100
AcDbEntity
  8
B.Mask
  6
CONTINUOUS
100
AcDbLine
 10
125.364104999999995
 20
-126.7908659999999941
 30
0
 11
125.1658659999999941
 21
-126.989104999999995
 31
0
  0
LINE
  5
15D
330
1B
100
AcDbEntity
  8
B.Mask
  6
CONTINUOUS
100
AcDbLine
 10
125.1658659999999941
 20
-126.989104999999995
 30
0
 11
124.9466779999999915
 21
-127.1639019999999931
 31
0
  0
LINE
  5
15E
330
1B
100
AcDbEntity
  8
B.Mask
  6
CONTINUOUS
100
AcDbLine
 10
124.9466779999999915
 20
-127.1639019999999931
 30
0
 11
124.7092969999999923
 21
-127.3130589999999955
 31
0
  0
LINE
  5
15F
330
1B
100
AcDbEntity
  8
B.Mask
  6
CONTINUOUS
100
AcDbLine
 10
124.7092969999999923
 20
-127.3130589999999955
 30
0
 11
124.4567089999999894
 21
-127.4346989999999948
 31
0
  0
LINE
  5
160
330
1B
100
AcDbEntity
  8
B.Mask
  6
CONTINUOUS
100
AcDbLine
 10
124.4567089999999894
 20
-127.4346989999999948
 30
0
 11
124.1920889999999957
 21
-127.5272930000000002
 31
0
  0
LINE
  5
161
330
1B
100
AcDbEntity
  8
B.Mask
  6
CONTINUOUS
100
AcDbLine
 10
124.1920889999999957
 20
-127.5272930000000002
 30
0
 11
123.9187659999999909
 21
-127.5896779999999922
 31
0
  0
LINE
  5
162
330
1B
100
AcDbEntity
  8
B.Mask
  6
CONTINUOUS
100
AcDbLine
 10
123.9187659999999909
 20
-127.5896779999999922
 30
0
 11
123.6401759999999967
 21
-127.6210669999999965
 31
0
  0
LINE
  5
163
330
1B
100
AcDbEntity
  8
B.Mask
  6
CONTINUOUS
100
AcDbLine
 10
123.6401759999999967
 20
-127.6210669999999965
 30
0
 11
123.359823999999989
 21
-127.6210669999999965
 31
0
  0
LINE
  5
164
330
1B
100
AcDbEntity
  8
B.Mask
  6
CONTINUOUS
100
AcDbLine
 10
123.359823999999989
 20
-127.6210669999999965
 30
0
 11
123.0812339999999949
 21
-127.5896779999999922
 31
0
  0
LINE
  5
165
330
1B
100
AcDbEntity
  8
B.Mask
  6
CONTINUOUS
100
AcDbLine
 10
123.0812339999999949
 20
-127.5896779999999922
 30
0
 11
122.8079109999999901
 21
-127.5272930000000002
 31
0
  0
LINE
  5
166
330
1B
100
AcDbEntity
  8
B.Mask
  6
CONTINUOUS
100
AcDbLine
 10
122.8079109999999901
 20
-127.5272930000000002
 30
0
 11
122.5432909999999964
 21
-127.4346989999999948
 31
0
  0
LINE
  5
167
330
1B
100
AcDbEntity
  8
B.Mask
  6
CONTINUOUS
100
AcDbLine
 10
122.5432909999999964
 20
-127.4346989999999948
 30
0
 11
122.2907029999999935
 21
-127.3130589999999955
 31
0
  0
LINE
  5
168
330
1B
100
AcDbEntity
  8
B.Mask
  6
CONTINUOUS
100
AcDbLine
 10
122.2907029999999935
 20
-127.3130589999999955
 30
0
 11
122.0533219999999943
 21
-127.1639019999999931
 31
0
  0
LINE
  5
169
330
1B
100
AcDbEntity
  8
B.Mask
  6
CONTINUOUS
100
AcDbLine
 10
122.0533219999999943
 20
-127.1639019999999931
 30
0
 11
121.8341339999999917
 21
-126.989104999999995
 31
0
  0
LINE
  5
16A
330
1B
100
AcDbEntity
  8
B.Mask
  6
CONTINUOUS
100
AcDbLine
 10
121.8341339999999917
 20
-126.989104999999995
 30
0
 11
121.6358949999999908
 21
-126.7908659999999941
 31
0
  0
LINE
  5
16B
330
1B
100
AcDbEntity
  8
B.Mask
  6
CONTINUOUS
100
AcDbLine
 10
121.6358949999999908
 20
-126.7908659999999941
 30
0
 11
121.4610979999999927
 21
-126.5716779999999915
 31
0
  0
LINE
  5
16C
330
1B
100
AcDbEntity
  8
B.Mask
  6
CONTINUOUS
100
AcDbLine
 10
121.4610979999999927
 20
-126.5716779999999915
 30
0
 11
121.3119409999999903
 21
-126.3342969999999923
 31
0
  0
LINE
  5
16D
330
1B
100
AcDbEntity
  8
B.Mask
  6
CONTINUOUS
100
AcDbLine
 10
121.3119409999999903
 20
-126.3342969999999923
 30
0
 11
121.1903009999999909
 21
-126.0817089999999894
 31
0
  0
LINE
  5
16E
330
1B
100
AcDbEntity
  8
B.Mask
  6
CONTINUOUS
100
AcDbLine
 10
121.1903009999999909
 20
-126.0817089999999894
 30
0
 11
121.0977069999999998
 21
-125.8170889999999957
 31
0
  0
LINE
  5
16F
330
1B
100
AcDbEntity
  8
B.Mask
  6
CONTINUOUS
100
AcDbLine
 10
121.0977069999999998
 20
-125.8170889999999957
 30
0
 11
121.0353219999999936
 21
-125.5437659999999909
 31
0
  0
LINE
  5
170
330
1B
100
AcDbEntity
  8
B.Mask
  6
CONTINUOUS
100
AcDbLine
 10
121.0353219999999936
 20
-125.5437659999999909
 30
0
 11
121.0039329999999893
 21
-125.2651759999999967
 31
0
  0
LINE
  5
171
330
1B
100
AcDbEntity
  8
B.Mask
  6
CONTINUOUS
100
AcDbLine
 10
121.0039329999999893
 20
-125.2651759999999967
 30
0
 11
121.0039329999999893
 21
-124.984823999999989
 31
0
  0
LINE
  5
172
330
1B
100
AcDbEntity
  8
B.Mask
  6
CONTINUOUS
100
AcDbLine
 10
121.0039329999999893
 20
-124.984823999999989
 30
0
 11
121.0353219999999936
 21
-124.7062339999999949
 31
0
  0
LINE
  5
173
330
1B
100
AcDbEntity
  8
B.Mask
  6
CONTINUOUS
100
AcDbLine
 10
121.0353219999999936
 20
-124.7062339999999949
 30
0
 11
121.0977069999999998
 21
-124.4329109999999901
 31
0
  0
LINE
  5
174
330
1B
100
AcDbEntity
  8
B.Mask
  6
CONTINUOUS
100
AcDbLine
 10
121.0977069999999998
 20
-124.4329109999999901
 30
0
 11
121.1903009999999909
 21
-124.1682909999999964
 31
0
  0
LINE
  5
175
330
1B
100
AcDbEntity
  8
B.Mask
  6
CONTINUOUS
100
AcDbLine
 10
121.1903009999999909
 20
-124.1682909999999964
 30
0
 11
121.3119409999999903
 21
-123.9157029999999935
 31
0
  0
LINE
  5
176
330
1B
100
AcDbEntity
  8
B.Mask
  6
CONTINUOUS
100
AcDbLine
 10
121.3119409999999903
 20
-123.9157029999999935
 30
0
 11
121.4610979999999927
 21
-123.6783219999999943
 31
0
  0
LINE
  5
177
330
1B
100
AcDbEntity
  8
B.Mask
  6
CONTINUOUS
100
AcDbLine
 10
121.4610979999999927
 20
-123.6783219999999943
 30
0
 11
121.6358949999999908
 21
-123.4591339999999917
 31
0
  0
LINE
  5
178
330
1B
100
AcDbEntity
  8
B.Mask
  6
CONTINUOUS
100
AcDbLine
 10
121.6358949999999908
 20
-123.4591339999999917
 30
0
 11
121.8341339999999917
 21
-123.2608949999999908
 31
0
  0
LINE
  5
179
330
1B
100
AcDbEntity
  8
B.Mask
  6
CONTINUOUS
100
AcDbLine
 10
121.8341339999999917
 20
-123.2608949999999908
 30
0
 11
122.0533219999999943
 21
-123.0860979999999927
 31
0
  0
LINE
  5
17A
330
1B
100
AcDbEntity
  8
B.Mask
  6
CONTINUOUS
100
AcDbLine
 10
122.0533219999999943
 20
-123.0860979999999927
 30
0
 11
122.2907029999999935
 21
-122.9369409999999903
 31
0
  0
LINE
  5
17B
330
1B
100
AcDbEntity
  8
B.Mask
  6
CONTINUOUS
100
AcDbLine
 10
122.2907029999999935
 20
-122.9369409999999903
 30
0
 11
122.5432909999999964
 21
-122.8153009999999909
 31
0
  0
LINE
  5
17C
330
1B
100
AcDbEntity
  8
B.Mask
  6
CONTINUOUS
100
AcDbLine
 10
122.5432909999999964
 20
-122.8153009999999909
 30
0
 11
122.8079109999999901
 21
-122.7227069999999998
 31
0
  0
LINE
  5
17D
330
1B
100
AcDbEntity
  8
B.Mask
  6
CONTINUOUS
100
AcDbLine
 10
122.8079109999999901
 20
-122.7227069999999998
 30
0
 11
123.0812339999999949
 21
-122.6603219999999936
 31
0
  0
LINE
  5
17E
330
1B
100
AcDbEntity
  8
B.Mask
  6
CONTINUOUS
100
AcDbLine
 10
123.0812339999999949
 20
-122.6603219999999936
 30
0
 11
123.359823999999989
 21
-122.6289329999999893
 31
0
  0
LINE
  5
17F
330
1B
100
AcDbEntity
  8
B.Mask
  6
CONTINUOUS
100
AcDbLine
 10
123.359823999999989
 20
-122.6289329999999893
 30
0
 11
123.6401759999999967
 21
-122.6289329999999893
 31
0
  0
LINE
  5
180
330
1B
100
AcDbEntity
  8
B.Mask
  6
CONTINUOUS
100
AcDbLine
 10
123.6401759999999967
 20
-122.6289329999999893
 30
0
 11
123.9187659999999909
 21
-122.6603219999999936
 31
0
  0
LINE
  5
181
330
1B
100
AcDbEntity
  8
B.Mask
  6
CONTINUOUS
100
AcDbLine
 10
135.9187660000000051
 20
-122.6603219999999936
 30
0
 11
136.1920889999999815
 21
-122.7227069999999998
 31
0
  0
LINE
  5
182
330
1B
100
AcDbEntity
  8
B.Mask
  6
CONTINUOUS
100
AcDbLine
 10
136.1920889999999815
 20
-122.7227069999999998
 30
0
 11
136.4567089999999894
 21
-122.8153009999999909
 31
0
  0
LINE
  5
183
330
1B
100
AcDbEntity
  8
B.Mask
  6
CONTINUOUS
100
AcDbLine
 10
136.4567089999999894
 20
-122.8153009999999909
 30
0
 11
136.7092969999999923
 21
-122.9369409999999903
 31
0
  0
LINE
  5
184
330
1B
100
AcDbEntity
  8
B.Mask
  6
CONTINUOUS
100
AcDbLine
 10
136.7092969999999923
 20
-122.9369409999999903
 30
0
 11
136.9466779999999915
 21
-123.0860979999999927
 31
0
  0
LINE
  5
185
330
1B
100
AcDbEntity
  8
B.Mask
  6
CONTINUOUS
100
AcDbLine
 10
136.9466779999999915
 20
-123.0860979999999927
 30
0
 11
137.1658659999999941
 21
-123.2608949999999908
 31
0
  0
LINE
  5
186
330
1B
100
AcDbEntity
  8
B.Mask
  6
CONTINUOUS
100
AcDbLine
 10
137.1658659999999941
 20
-123.2608949999999908
 30
0
 11
137.364104999999995
 21
-123.4591339999999917
 31
0
  0
LINE
  5
187
330
1B
100
AcDbEntity
  8
B.Mask
  6
CONTINUOUS
100
AcDbLine
 10
137.364104999999995
 20
-123.4591339999999917
 30
0
 11
137.5389020000000073
 21
-123.6783219999999943
 31
0
  0
LINE
  5
188
330
1B
100
AcDbEntity
  8
B.Mask
  6
CONTINUOUS
100
AcDbLine
 10
137.5389020000000073
 20
-123.6783219999999943
 30
0
 11
137.6880589999999813
 21
-123.9157029999999935
 31
0
  0
LINE
  5
189
330
1B
100
AcDbEntity
  8
B.Mask
  6
CONTINUOUS
100
AcDbLine
 10
137.6880589999999813
 20
-123.9157029999999935
 30
0
 11
137.8096989999999948
 21
-124.1682909999999964
 31
0
  0
LINE
  5
18A
330
1B
100
AcDbEntity
  8
B.Mask
  6
CONTINUOUS
100
AcDbLine
 10
137.8096989999999948
 20
-124.1682909999999964
 30
0
 11
137.902292999999986
 21
-124.4329109999999901
 31
0
  0
LINE
  5
18B
330
1B
100
AcDbEntity
  8
B.Mask
  6
CONTINUOUS
100
AcDbLine
 10
137.902292999999986
 20
-124.4329109999999901
 30
0
 11
137.9646779999999922
 21
-124.7062339999999949
 31
0
  0
LINE
  5
18C
330
1B
100
AcDbEntity
  8
B.Mask
  6
CONTINUOUS
100
AcDbLine
 10
137.9646779999999922
 20
-124.7062339999999949
 30
0
 11
137.9960669999999823
 21
-124.984823999999989
 31
0
  0
LINE
  5
18D
330
1B
100
AcDbEntity
  8
B.Mask
  6
CONTINUOUS
100
AcDbLine
 10
137.9960669999999823
 20
-124.984823999999989
 30
0
 11
137.9960669999999823
 21
-125.2651759999999967
 31
0
  0
LINE
  5
18E
330
1B
100
AcDbEntity
  8
B.Mask
  6
CONTINUOUS
100
AcDbLine
 10
137.9960669999999823
 20
-125.2651759999999967
 30
0
 11
137.9646779999999922
 21
-125.5437659999999909
 31
0
  0
LINE
  5
18F
330
1B
100
AcDbEntity
  8
B.Mask
  6
CONTINUOUS
100
AcDbLine
 10
137.9646779999999922
 20
-125.5437659999999909
 30
0
 11
137.902292999999986
 21
-125.8170889999999957
 31
0
  0
LINE
  5
190
330
1B
100
AcDbEntity
  8
B.Mask
  6
CONTINUOUS
100
AcDbLine
 10
137.902292999999986
 20
-125.8170889999999957
 30
0
 11
137.8096989999999948
 21
-126.0817089999999894
 31
0
  0
LINE
  5
191
330
1B
100
AcDbEntity
  8
B.Mask
  6
CONTINUOUS
100
AcDbLine
 10
137.8096989999999948
 20
-126.0817089999999894
 30
0
 11
137.6880589999999813
 21
-126.3342969999999923
 31
0
  0
LINE
  5
192
330
1B
100
AcDbEntity
  8
B.Mask
  6
CONTINUOUS
100
AcDbLine
 10
137.6880589999999813
 20
-126.3342969999999923
 30
0
 11
137.5389020000000073
 21
-126.5716779999999915
 31
0
  0
LINE
  5
193
330
1B
100
AcDbEntity
  8
B.Mask
  6
CONTINUOUS
100
AcDbLine
 10
137.5389020000000073
 20
-126.5716779999999915
 30
0
 11
137.364104999999995
 21
-126.7908659999999941
 31
0
  0
LINE
  5
194
330
1B
100
AcDbEntity
  8
B.Mask
  6
CONTINUOUS
100
AcDbLine
 10
137.364104999999995
 20
-126.7908659999999941
 30
0
 11
137.1658659999999941
 21
-126.989104999999995
 31
0
  0
LINE
  5
195
330
1B
100
AcDbEntity
  8
B.Mask
  6
CONTINUOUS
100
AcDbLine
 10
137.1658659999999941
 20
-126.989104999999995
 30
0
 11
136.9466779999999915
 21
-127.1639019999999931
 31
0
  0
LINE
  5
196
330
1B
100
AcDbEntity
  8
B.Mask
  6
CONTINUOUS
100
AcDbLine
 10
136.9466779999999915
 20
-127.1639019999999931
 30
0
 11
136.7092969999999923
 21
-127.3130589999999955
 31
0
  0
LINE
  5
197
330
1B
100
AcDbEntity
  8
B.Mask
  6
CONTINUOUS
100
AcDbLine
 10
136.7092969999999923
 20
-127.3130589999999955
 30
0
 11
136.4567089999999894
 21
-127.4346989999999948
 31
0
  0
LINE
  5
198
330
1B
100
AcDbEntity
  8
B.Mask
  6
CONTINUOUS
100
AcDbLine
 10
136.4567089999999894
 20
-127.4346989999999948
 30
0
 11
136.1920889999999815
 21
-127.5272930000000002
 31
0
  0
LINE
  5
199
330
1B
100
AcDbEntity
  8
B.Mask
  6
CONTINUOUS
100
AcDbLine
 10
136.1920889999999815
 20
-127.5272930000000002
 30
0
 11
135.9187660000000051
 21
-127.5896779999999922
 31
0
  0
LINE
  5
19A
330
1B
100
AcDbEntity
  8
B.Mask
  6
CONTINUOUS
100
AcDbLine
 10
135.9187660000000051
 20
-127.5896779999999922
 30
0
 11
135.6401759999999967
 21
-127.6210669999999965
 31
0
  0
LINE
  5
19B
330
1B
100
AcDbEntity
  8
B.Mask
  6
CONTINUOUS
100
AcDbLine
 10
135.6401759999999967
 20
-127.6210669999999965
 30
0
 11
135.3598240000000033
 21
-127.6210669999999965
 31
0
  0
LINE
  5
19C
330
1B
100
AcDbEntity
  8
B.Mask
  6
CONTINUOUS
100
AcDbLine
 10
135.3598240000000033
 20
-127.6210669999999965
 30
0
 11
135.0812339999999949
 21
-127.5896779999999922
 31
0
  0
LINE
  5
19D
330
1B
100
AcDbEntity
  8
B.Mask
  6
CONTINUOUS
100
AcDbLine
 10
135.0812339999999949
 20
-127.5896779999999922
 30
0
 11
134.8079109999999901
 21
-127.5272930000000002
 31
0
  0
LINE
  5
19E
330
1B
100
AcDbEntity
  8
B.Mask
  6
CONTINUOUS
100
AcDbLine
 10
134.8079109999999901
 20
-127.5272930000000002
 30
0
 11
134.5432909999999822
 21
-127.4346989999999948
 31
0
  0
LINE
  5
19F
330
1B
100
AcDbEntity
  8
B.Mask
  6
CONTINUOUS
100
AcDbLine
 10
134.5432909999999822
 20
-127.4346989999999948
 30
0
 11
134.2907030000000077
 21
-127.3130589999999955
 31
0
  0
LINE
  5
1A0
330
1B
100
AcDbEntity
  8
B.Mask
  6
CONTINUOUS
100
AcDbLine
 10
134.2907030000000077
 20
-127.3130589999999955
 30
0
 11
134.0533219999999801
 21
-127.1639019999999931
 31
0
  0
LINE
  5
1A1
330
1B
100
AcDbEntity
  8
B.Mask
  6
CONTINUOUS
100
AcDbLine
 10
134.0533219999999801
 20
-127.1639019999999931
 30
0
 11
133.8341340000000059
 21
-126.989104999999995
 31
0
  0
LINE
  5
1A2
330
1B
100
AcDbEntity
  8
B.Mask
  6
CONTINUOUS
100
AcDbLine
 10
133.8341340000000059
 20
-126.989104999999995
 30
0
 11
133.635895000000005
 21
-126.7908659999999941
 31
0
  0
LINE
  5
1A3
330
1B
100
AcDbEntity
  8
B.Mask
  6
CONTINUOUS
100
AcDbLine
 10
133.635895000000005
 20
-126.7908659999999941
 30
0
 11
133.4610979999999927
 21
-126.5716779999999915
 31
0
  0
LINE
  5
1A4
330
1B
100
AcDbEntity
  8
B.Mask
  6
CONTINUOUS
100
AcDbLine
 10
133.4610979999999927
 20
-126.5716779999999915
 30
0
 11
133.3119409999999903
 21
-126.3342969999999923
 31
0
  0
LINE
  5
1A5
330
1B
100
AcDbEntity
  8
B.Mask
  6
CONTINUOUS
100
AcDbLine
 10
133.3119409999999903
 20
-126.3342969999999923
 30
0
 11
133.1903010000000052
 21
-126.0817089999999894
 31
0
  0
LINE
  5
1A6
330
1B
100
AcDbEntity
  8
B.Mask
  6
CONTINUOUS
100
AcDbLine
 10
133.1903010000000052
 20
-126.0817089999999894
 30
0
 11
133.0977069999999856
 21
-125.8170889999999957
 31
0
  0
LINE
  5
1A7
330
1B
100
AcDbEntity
  8
B.Mask
  6
CONTINUOUS
100
AcDbLine
 10
133.0977069999999856
 20
-125.8170889999999957
 30
0
 11
133.0353220000000078
 21
-125.5437659999999909
 31
0
  0
LINE
  5
1A8
330
1B
100
AcDbEntity
  8
B.Mask
  6
CONTINUOUS
100
AcDbLine
 10
133.0353220000000078
 20
-125.5437659999999909
 30
0
 11
133.0039329999999893
 21
-125.2651759999999967
 31
0
  0
LINE
  5
1A9
330
1B
100
AcDbEntity
  8
B.Mask
  6
CONTINUOUS
100
AcDbLine
 10
133.0039329999999893
 20
-125.2651759999999967
 30
0
 11
133.0039329999999893
 21
-124.984823999999989
 31
0
  0
LINE
  5
1AA
330
1B
100
AcDbEntity
  8
B.Mask
  6
CONTINUOUS
100
AcDbLine
 10
133.0039329999999893
 20
-124.984823999999989
 30
0
 11
133.0353220000000078
 21
-124.7062339999999949
 31
0
  0
LINE
  5
1AB
330
1B
100
AcDbEntity
  8
B.Mask
  6
CONTINUOUS
100
AcDbLine
 10
133.0353220000000078
 20
-124.7062339999999949
 30
0
 11
133.0977069999999856
 21
-124.4329109999999901
 31
0
  0
LINE
  5
1AC
330
1B
100
AcDbEntity
  8
B.Mask
  6
CONTINUOUS
100
AcDbLine
 10
133.0977069999999856
 20
-124.4329109999999901
 30
0
 11
133.1903010000000052
 21
-124.1682909999999964
 31
0
  0
LINE
  5
1AD
330
1B
100
AcDbEntity
  8
B.Mask
  6
CONTINUOUS
100
AcDbLine
 10
133.1903010000000052
 20
-124.1682909999999964
 30
0
 11
133.3119409999999903
 21
-123.9157029999999935
 31
0
  0
LINE
  5
1AE
330
1B
100
AcDbEntity
  8
B.Mask
  6
CONTINUOUS
100
AcDbLine
 10
133.3119409999999903
 20
-123.9157029999999935
 30
0
 11
133.4610979999999927
 21
-123.6783219999999943
 31
0
  0
LINE
  5
1AF
330
1B
100
AcDbEntity
  8
B.Mask
  6
CONTINUOUS
100
AcDbLine
 10
133.4610979999999927
 20
-123.6783219999999943
 30
0
 11
133.635895000000005
 21
-123.4591339999999917
 31
0
  0
LINE
  5
1B0
330
1B
100
AcDbEntity
  8
B.Mask
  6
CONTINUOUS
100
AcDbLine
 10
133.635895000000005
 20
-123.4591339999999917
 30
0
 11
133.8341340000000059
 21
-123.2608949999999908
 31
0
  0
LINE
  5
1B1
330
1B
100
AcDbEntity
  8
B.Mask
  6
CONTINUOUS
100
AcDbLine
 10
133.8341340000000059
 20
-123.2608949999999908
 30
0
 11
134.0533219999999801
 21
-123.0860979999999927
 31
0
  0
LINE
  5
1B2
330
1B
100
AcDbEntity
  8
B.Mask
  6
CONTINUOUS
100
AcDbLine
 10
134.0533219999999801
 20
-123.0860979999999927
 30
0
 11
134.2907030000000077
 21
-122.9369409999999903
 31
0
  0
LINE
  5
1B3
330
1B
100
AcDbEntity
  8
B.Mask
  6
CONTINUOUS
100
AcDbLine
 10
134.2907030000000077
 20
-122.9369409999999903
 30
0
 11
134.5432909999999822
 21
-122.8153009999999909
 31
0
  0
LINE
  5
1B4
330
1B
100
AcDbEntity
  8
B.Mask
  6
CONTINUOUS
100
AcDbLine
 10
134.5432909999999822
 20
-122.8153009999999909
 30
0
 11
134.8079109999999901
 21
-122.7227069999999998
 31
0
  0
LINE
  5
1B5
330
1B
100
AcDbEntity
  8
B.Mask
  6
CONTINUOUS
100
AcDbLine
 10
134.8079109999999901
 20
-122.7227069999999998
 30
0
 11
135.0812339999999949
 21
-122.6603219999999936
 31
0
  0
LINE
  5
1B6
330
1B
100
AcDbEntity
  8
B.Mask
  6
CONTINUOUS
100
AcDbLine
 10
135.0812339999999949
 20
-122.6603219999999936
 30
0
 11
135.3598240000000033
 21
-122.6289329999999893
 31
0
  0
LINE
  5
1B7
330
1B
100
AcDbEntity
  8
B.Mask
  6
CONTINUOUS
100
AcDbLine
 10
135.3598240000000033
 20
-122.6289329999999893
 30
0
 11
135.6401759999999967
 21
-122.6289329999999893
 31
0
  0
LINE
  5
1B8
330
1B
100
AcDbEntity
  8
B.Mask
  6
CONTINUOUS
100
AcDbLine
 10
135.6401759999999967
 20
-122.6289329999999893
 30
0
 11
135.9187660000000051
 21
-122.6603219999999936
 31
0
  0
LINE
  5
1B9
330
1B
100
AcDbEntity
  8
B.Mask
  6
CONTINUOUS
100
AcDbLine
 10
147.9187660000000051
 20
-122.6603219999999936
 30
0
 11
148.1920889999999815
 21
-122.7227069999999998
 31
0
  0
LINE
  5
1BA
330
1B
100
AcDbEntity
  8
B.Mask
  6
CONTINUOUS
100
AcDbLine
 10
148.1920889999999815
 20
-122.7227069999999998
 30
0
 11
148.4567089999999894
 21
-122.8153009999999909
 31
0
  0
LINE
  5
1BB
330
1B
100
AcDbEntity
  8
B.Mask
  6
CONTINUOUS
100
AcDbLine
 10
148.4567089999999894
 20
-122.8153009999999909
 30
0
 11
148.7092969999999923
 21
-122.9369409999999903
 31
0
  0
LINE
  5
1BC
330
1B
100
AcDbEntity
  8
B.Mask
  6
CONTINUOUS
100
AcDbLine
 10
148.7092969999999923
 20
-122.9369409999999903
 30
0
 11
148.9466779999999915
 21
-123.0860979999999927
 31
0
  0
LINE
  5
1BD
330
1B
100
AcDbEntity
  8
B.Mask
  6
CONTINUOUS
100
AcDbLine
 10
148.9466779999999915
 20
-123.0860979999999927
 30
0
 11
149.1658659999999941
 21
-123.2608949999999908
 31
0
  0
LINE
  5
1BE
330
1B
100
AcDbEntity
  8
B.Mask
  6
CONTINUOUS
100
AcDbLine
 10
149.1658659999999941
 20
-123.2608949999999908
 30
0
 11
149.364104999999995
 21
-123.4591339999999917
 31
0
  0
LINE
  5
1BF
330
1B
100
AcDbEntity
  8
B.Mask
  6
CONTINUOUS
100
AcDbLine
 10
149.364104999999995
 20
-123.4591339999999917
 30
0
 11
149.5389020000000073
 21
-123.6783219999999943
 31
0
  0
LINE
  5
1C0
330
1B
100
AcDbEntity
  8
B.Mask
  6
CONTINUOUS
100
AcDbLine
 10
149.5389020000000073
 20
-123.6783219999999943
 30
0
 11
149.6880589999999813
 21
-123.9157029999999935
 31
0
  0
LINE
  5
1C1
330
1B
100
AcDbEntity
  8
B.Mask
  6
CONTINUOUS
100
AcDbLine
 10
149.6880589999999813
 20
-123.9157029999999935
 30
0
 11
149.8096989999999948
 21
-124.1682909999999964
 31
0
  0
LINE
  5
1C2
330
1B
100
AcDbEntity
  8
B.Mask
  6
CONTINUOUS
100
AcDbLine
 10
149.8096989999999948
 20
-124.1682909999999964
 30
0
 11
149.902292999999986
 21
-124.4329109999999901
 31
0
  0
LINE
  5
1C3
330
1B
100
AcDbEntity
  8
B.Mask
  6
CONTINUOUS
100
AcDbLine
 10
149.902292999999986
 20
-124.4329109999999901
 30
0
 11
149.9646779999999922
 21
-124.7062339999999949
 31
0
  0
LINE
  5
1C4
330
1B
100
AcDbEntity
  8
B.Mask
  6
CONTINUOUS
100
AcDbLine
 10
149.9646779999999922
 20
-124.7062339999999949
 30
0
 11
149.9960669999999823
 21
-124.984823999999989
 31
0
  0
LINE
  5
1C5
330
1B
100
AcDbEntity
  8
B.Mask
  6
CONTINUOUS
100
AcDbLine
 10
149.9960669999999823
 20
-124.984823999999989
 30
0
 11
149.9960669999999823
 21
-125.2651759999999967
 31
0
  0
LINE
  5
1C6
330
1B
100
AcDbEntity
  8
B.Mask
  6
CONTINUOUS
100
AcDbLine
 10
149.9960669999999823
 20
-125.2651759999999967
 30
0
 11
149.9646779999999922
 21
-125.5437659999999909
 31
0
  0
LINE
  5
1C7
330
1B
100
AcDbEntity
  8
B.Mask
  6
CONTINUOUS
100
AcDbLine
 10
149.9646779999999922
 20
-125.5437659999999909
 30
0
 11
149.902292999999986
 21
-125.8170889999999957
 31
0
  0
LINE
  5
1C8
330
1B
100
AcDbEntity
  8
B.Mask
  6
CONTINUOUS
100
AcDbLine
 10
149.902292999999986
 20
-125.8170889999999957
 30
0
 11
149.8096989999999948
 21
-126.0817089999999894
 31
0
  0
LINE
  5
1C9
330
1B
100
AcDbEntity
  8
B.Mask
  6
CONTINUOUS
100
AcDbLine
 10
149.8096989999999948
 20
-126.0817089999999894
 30
0
 11
149.6880589999999813
 21
-126.3342969999999923
 31
0
  0
LINE
  5
1CA
330
1B
100
AcDbEntity
  8
B.Mask
  6
CONTINUOUS
100
AcDbLine
 10
149.6880589999999813
 20
-126.3342969999999923
 30
0
 11
149.5389020000000073
 21
-126.5716779999999915
 31
0
  0
LINE
  5
1CB
330
1B
100
AcDbEntity
  8
B.Mask
  6
CONTINUOUS
100
AcDbLine
 10
149.5389020000000073
 20
-126.5716779999999915
 30
0
 11
149.364104999999995
 21
-126.7908659999999941
 31
0
  0
LINE
  5
1CC
330
1B
100
AcDbEntity
  8
B.Mask
  6
CONTINUOUS
100
AcDbLine
 10
149.364104999999995
 20
-126.7908659999999941
 30
0
 11
149.1658659999999941
 21
-126.989104999999995
 31
0
  0
LINE
  5
1CD
330
1B
100
AcDbEntity
  8
B.Mask
  6
CONTINUOUS
100
AcDbLine
 10
149.1658659999999941
 20
-126.989104999999995
 30
0
 11
148.9466779999999915
 21
-127.1639019999999931
 31
0
  0
LINE
  5
1CE
330
1B
100
AcDbEntity
  8
B.Mask
  6
CONTINUOUS
100
AcDbLine
 10
148.9466779999999915
 20
-127.1639019999999931
 30
0
 11
148.7092969999999923
 21
-127.3130589999999955
 31
0
  0
LINE
  5
1CF
330
1B
100
AcDbEntity
  8
B.Mask
  6
CONTINUOUS
100
AcDbLine
 10
148.7092969999999923
 20
-127.3130589999999955
 30
0
 11
148.4567089999999894
 21
-127.4346989999999948
 31
0
  0
LINE
  5
1D0
330
1B
100
AcDbEntity
  8
B.Mask
  6
CONTINUOUS
100
AcDbLine
 10
148.4567089999999894
 20
-127.4346989999999948
 30
0
 11
148.1920889999999815
 21
-127.5272930000000002
 31
0
  0
LINE
  5
1D1
330
1B
100
AcDbEntity
  8
B.Mask
  6
CONTINUOUS
100
AcDbLine
 10
148.1920889999999815
 20
-127.5272930000000002
 30
0
 11
147.9187660000000051
 21
-127.5896779999999922
 31
0
  0
LINE
  5
1D2
330
1B
100
AcDbEntity
  8
B.Mask
  6
CONTINUOUS
100
AcDbLine
 10
147.9187660000000051
 20
-127.5896779999999922
 30
0
 11
147.6401759999999967
 21
-127.6210669999999965
 31
0
  0
LINE
  5
1D3
330
1B
100
AcDbEntity
  8
B.Mask
  6
CONTINUOUS
100
AcDbLine
 10
147.6401759999999967
 20
-127.6210669999999965
 30
0
 11
147.3598240000000033
 21
-127.6210669999999965
 31
0
  0
LINE
  5
1D4
330
1B
100
AcDbEntity
  8
B.Mask
  6
CONTINUOUS
100
AcDbLine
 10
147.3598240000000033
 20
-127.6210669999999965
 30
0
 11
147.0812339999999949
 21
-127.5896779999999922
 31
0
  0
LINE
  5
1D5
330
1B
100
AcDbEntity
  8
B.Mask
  6
CONTINUOUS
100
AcDbLine
 10
147.0812339999999949
 20
-127.5896779999999922
 30
0
 11
146.8079109999999901
 21
-127.5272930000000002
 31
0
  0
LINE
  5
1D6
330
1B
100
AcDbEntity
  8
B.Mask
  6
CONTINUOUS
100
AcDbLine
 10
146.8079109999999901
 20
-127.5272930000000002
 30
0
 11
146.5432909999999822
 21
-127.4346989999999948
 31
0
  0
LINE
  5
1D7
330
1B
100
AcDbEntity
  8
B.Mask
  6
CONTINUOUS
100
AcDbLine
 10
146.5432909999999822
 20
-127.4346989999999948
 30
0
 11
146.2907029999999793
 21
-127.3130589999999955
 31
0
  0
LINE
  5
1D8
330
1B
100
AcDbEntity
  8
B.Mask
  6
CONTINUOUS
100
AcDbLine
 10
146.2907029999999793
 20
-127.3130589999999955
 30
0
 11
146.0533219999999801
 21
-127.1639019999999931
 31
0
  0
LINE
  5
1D9
330
1B
100
AcDbEntity
  8
B.Mask
  6
CONTINUOUS
100
AcDbLine
 10
146.0533219999999801
 20
-127.1639019999999931
 30
0
 11
145.8341340000000059
 21
-126.989104999999995
 31
0
  0
LINE
  5
1DA
330
1B
100
AcDbEntity
  8
B.Mask
  6
CONTINUOUS
100
AcDbLine
 10
145.8341340000000059
 20
-126.989104999999995
 30
0
 11
145.635895000000005
 21
-126.7908659999999941
 31
0
  0
LINE
  5
1DB
330
1B
100
AcDbEntity
  8
B.Mask
  6
CONTINUOUS
100
AcDbLine
 10
145.635895000000005
 20
-126.7908659999999941
 30
0
 11
145.4610979999999927
 21
-126.5716779999999915
 31
0
  0
LINE
  5
1DC
330
1B
100
AcDbEntity
  8
B.Mask
  6
CONTINUOUS
100
AcDbLine
 10
145.4610979999999927
 20
-126.5716779999999915
 30
0
 11
145.3119409999999903
 21
-126.3342969999999923
 31
0
  0
LINE
  5
1DD
330
1B
100
AcDbEntity
  8
B.Mask
  6
CONTINUOUS
100
AcDbLine
 10
145.3119409999999903
 20
-126.3342969999999923
 30
0
 11
145.1903010000000052
 21
-126.0817089999999894
 31
0
  0
LINE
  5
1DE
330
1B
100
AcDbEntity
  8
B.Mask
  6
CONTINUOUS
100
AcDbLine
 10
145.1903010000000052
 20
-126.0817089999999894
 30
0
 11
145.0977069999999856
 21
-125.8170889999999957
 31
0
  0
LINE
  5
1DF
330
1B
100
AcDbEntity
  8
B.Mask
  6
CONTINUOUS
100
AcDbLine
 10
145.0977069999999856
 20
-125.8170889999999957
 30
0
 11
145.0353219999999794
 21
-125.5437659999999909
 31
0
  0
LINE
  5
1E0
330
1B
100
AcDbEntity
  8
B.Mask
  6
CONTINUOUS
100
AcDbLine
 10
145.0353219999999794
 20
-125.5437659999999909
 30
0
 11
145.0039329999999893
 21
-125.2651759999999967
 31
0
  0
LINE
  5
1E1
330
1B
100
AcDbEntity
  8
B.Mask
  6
CONTINUOUS
100
AcDbLine
 10
145.0039329999999893
 20
-125.2651759999999967
 30
0
 11
145.0039329999999893
 21
-124.984823999999989
 31
0
  0
LINE
  5
1E2
330
1B
100
AcDbEntity
  8
B.Mask
  6
CONTINUOUS
100
AcDbLine
 10
145.0039329999999893
 20
-124.984823999999989
 30
0
 11
145.0353219999999794
 21
-124.7062339999999949
 31
0
  0
LINE
  5
1E3
330
1B
100
AcDbEntity
  8
B.Mask
  6
CONTINUOUS
100
AcDbLine
 10
145.0353219999999794
 20
-124.7062339999999949
 30
0
 11
145.0977069999999856
 21
-124.4329109999999901
 31
0
  0
LINE
  5
1E4
330
1B
100
AcDbEntity
  8
B.Mask
  6
CONTINUOUS
100
AcDbLine
 10
145.0977069999999856
 20
-124.4329109999999901
 30
0
 11
145.1903010000000052
 21
-124.1682909999999964
 31
0
  0
LINE
  5
1E5
330
1B
100
AcDbEntity
  8
B.Mask
  6
CONTINUOUS
100
AcDbLine
 10
145.1903010000000052
 20
-124.1682909999999964
 30
0
 11
145.3119409999999903
 21
-123.9157029999999935
 31
0
  0
LINE
  5
1E6
330
1B
100
AcDbEntity
  8
B.Mask
  6
CONTINUOUS
100
AcDbLine
 10
145.3119409999999903
 20
-123.9157029999999935
 30
0
 11
145.4610979999999927
 21
-123.6783219999999943
 31
0
  0
LINE
  5
1E7
330
1B
100
AcDbEntity
  8
B.Mask
  6
CONTINUOUS
100
AcDbLine
 10
145.4610979999999927
 20
-123.6783219999999943
 30
0
 11
145.635895000000005
 21
-123.4591339999999917
 31
0
  0
LINE
  5
1E8
330
1B
100
AcDbEntity
  8
B.Mask
  6
CONTINUOUS
100
AcDbLine
 10
145.635895000000005
 20
-123.4591339999999917
 30
0
 11
145.8341340000000059
 21
-123.2608949999999908
 31
0
  0
LINE
  5
1E9
330
1B
100
AcDbEntity
  8
B.Mask
  6
CONTINUOUS
100
AcDbLine
 10
145.8341340000000059
 20
-123.2608949999999908
 30
0
 11
146.0533219999999801
 21
-123.0860979999999927
 31
0
  0
LINE
  5
1EA
330
1B
100
AcDbEntity
  8
B.Mask
  6
CONTINUOUS
100
AcDbLine
 10
146.0533219999999801
 20
-123.0860979999999927
 30
0
 11
146.2907029999999793
 21
-122.9369409999999903
 31
0
  0
LINE
  5
1EB
330
1B
100
AcDbEntity
  8
B.Mask
  6
CONTINUOUS
100
AcDbLine
 10
146.2907029999999793
 20
-122.9369409999999903
 30
0
 11
146.5432909999999822
 21
-122.8153009999999909
 31
0
  0
LINE
  5
1EC
330
1B
100
AcDbEntity
  8
B.Mask
  6
CONTINUOUS
100
AcDbLine
 10
146.5432909999999822
 20
-122.8153009999999909
 30
0
 11
146.8079109999999901
 21
-122.7227069999999998
 31
0
  0
LINE
  5
1ED
330
1B
100
AcDbEntity
  8
B.Mask
  6
CONTINUOUS
100
AcDbLine
 10
146.8079109999999901
 20
-122.7227069999999998
 30
0
 11
147.0812339999999949
 21
-122.6603219999999936
 31
0
  0
LINE
  5
1EE
330
1B
100
AcDbEntity
  8
B.Mask
  6
CONTINUOUS
100
AcDbLine
 10
147.0812339999999949
 20
-122.6603219999999936
 30
0
 11
147.3598240000000033
 21
-122.6289329999999893
 31
0
  0
LINE
  5
1EF
330
1B
100
AcDbEntity
  8
B.Mask
  6
CONTINUOUS
100
AcDbLine
 10
147.3598240000000033
 20
-122.6289329999999893
 30
0
 11
147.6401759999999967
 21
-122.6289329999999893
 31
0
  0
LINE
  5
1F0
330
1B
100
AcDbEntity
  8
B.Mask
  6
CONTINUOUS
100
AcDbLine
 10
147.6401759999999967
 20
-122.6289329999999893
 30
0
 11
147.9187660000000051
 21
-122.6603219999999936
 31
0
  0
LINE
  5
1F1
330
1B
100
AcDbEntity
  8
B.Mask
  6
CONTINUOUS
100
AcDbLine
 10
159.9187660000000051
 20
-122.6603219999999936
 30
0
 11
160.1920889999999815
 21
-122.7227069999999998
 31
0
  0
LINE
  5
1F2
330
1B
100
AcDbEntity
  8
B.Mask
  6
CONTINUOUS
100
AcDbLine
 10
160.1920889999999815
 20
-122.7227069999999998
 30
0
 11
160.4567089999999894
 21
-122.8153009999999909
 31
0
  0
LINE
  5
1F3
330
1B
100
AcDbEntity
  8
B.Mask
  6
CONTINUOUS
100
AcDbLine
 10
160.4567089999999894
 20
-122.8153009999999909
 30
0
 11
160.7092969999999923
 21
-122.9369409999999903
 31
0
  0
LINE
  5
1F4
330
1B
100
AcDbEntity
  8
B.Mask
  6
CONTINUOUS
100
AcDbLine
 10
160.7092969999999923
 20
-122.9369409999999903
 30
0
 11
160.9466779999999915
 21
-123.0860979999999927
 31
0
  0
LINE
  5
1F5
330
1B
100
AcDbEntity
  8
B.Mask
  6
CONTINUOUS
100
AcDbLine
 10
160.9466779999999915
 20
-123.0860979999999927
 30
0
 11
161.1658659999999941
 21
-123.2608949999999908
 31
0
  0
LINE
  5
1F6
330
1B
100
AcDbEntity
  8
B.Mask
  6
CONTINUOUS
100
AcDbLine
 10
161.1658659999999941
 20
-123.2608949999999908
 30
0
 11
161.364104999999995
 21
-123.4591339999999917
 31
0
  0
LINE
  5
1F7
330
1B
100
AcDbEntity
  8
B.Mask
  6
CONTINUOUS
100
AcDbLine
 10
161.364104999999995
 20
-123.4591339999999917
 30
0
 11
161.5389019999999789
 21
-123.6783219999999943
 31
0
  0
LINE
  5
1F8
330
1B
100
AcDbEntity
  8
B.Mask
  6
CONTINUOUS
100
AcDbLine
 10
161.5389019999999789
 20
-123.6783219999999943
 30
0
 11
161.6880589999999813
 21
-123.9157029999999935
 31
0
  0
LINE
  5
1F9
330
1B
100
AcDbEntity
  8
B.Mask
  6
CONTINUOUS
100
AcDbLine
 10
161.6880589999999813
 20
-123.9157029999999935
 30
0
 11
161.8096989999999948
 21
-124.1682909999999964
 31
0
  0
LINE
  5
1FA
330
1B
100
AcDbEntity
  8
B.Mask
  6
CONTINUOUS
100
AcDbLine
 10
161.8096989999999948
 20
-124.1682909999999964
 30
0
 11
161.902292999999986
 21
-124.4329109999999901
 31
0
  0
LINE
  5
1FB
330
1B
100
AcDbEntity
  8
B.Mask
  6
CONTINUOUS
100
AcDbLine
 10
161.902292999999986
 20
-124.4329109999999901
 30
0
 11
161.9646779999999922
 21
-124.7062339999999949
 31
0
  0
LINE
  5
1FC
330
1B
100
AcDbEntity
  8
B.Mask
  6
CONTINUOUS
100
AcDbLine
 10
161.9646779999999922
 20
-124.7062339999999949
 30
0
 11
161.9960669999999823
 21
-124.984823999999989
 31
0
  0
LINE
  5
1FD
330
1B
100
AcDbEntity
  8
B.Mask
  6
CONTINUOUS
100
AcDbLine
 10
161.9960669999999823
 20
-124.984823999999989
 30
0
 11
161.9960669999999823
 21
-125.2651759999999967
 31
0
  0
LINE
  5
1FE
330
1B
100
AcDbEntity
  8
B.Mask
  6
CONTINUOUS
100
AcDbLine
 10
161.9960669999999823
 20
-125.2651759999999967
 30
0
 11
161.9646779999999922
 21
-125.5437659999999909
 31
0
  0
LINE
  5
1FF
330
1B
100
AcDbEntity
  8
B.Mask
  6
CONTINUOUS
100
AcDbLine
 10
161.9646779999999922
 20
-125.5437659999999909
 30
0
 11
161.902292999999986
 21
-125.8170889999999957
 31
0
  0
LINE
  5
200
330
1B
100
AcDbEntity
  8
B.Mask
  6
CONTINUOUS
100
AcDbLine
 10
161.902292999999986
 20
-125.8170889999999957
 30
0
 11
161.8096989999999948
 21
-126.0817089999999894
 31
0
  0
LINE
  5
201
330
1B
100
AcDbEntity
  8
B.Mask
  6
CONTINUOUS
100
AcDbLine
 10
161.8096989999999948
 20
-126.0817089999999894
 30
0
 11
161.6880589999999813
 21
-126.3342969999999923
 31
0
  0
LINE
  5
202
330
1B
100
AcDbEntity
  8
B.Mask
  6
CONTINUOUS
100
AcDbLine
 10
161.6880589999999813
 20
-126.3342969999999923
 30
0
 11
161.5389019999999789
 21
-126.5716779999999915
 31
0
  0
LINE
  5
203
330
1B
100
AcDbEntity
  8
B.Mask
  6
CONTINUOUS
100
AcDbLine
 10
161.5389019999999789
 20
-126.5716779999999915
 30
0
 11
161.364104999999995
 21
-126.7908659999999941
 31
0
  0
LINE
  5
204
330
1B
100
AcDbEntity
  8
B.Mask
  6
CONTINUOUS
100
AcDbLine
 10
161.364104999999995
 20
-126.7908659999999941
 30
0
 11
161.1658659999999941
 21
-126.989104999999995
 31
0
  0
LINE
  5
205
330
1B
100
AcDbEntity
  8
B.Mask
  6
CONTINUOUS
100
AcDbLine
 10
161.1658659999999941
 20
-126.989104999999995
 30
0
 11
160.9466779999999915
 21
-127.1639019999999931
 31
0
  0
LINE
  5
206
330
1B
100
AcDbEntity
  8
B.Mask
  6
CONTINUOUS
100
AcDbLine
 10
160.9466779999999915
 20
-127.1639019999999931
 30
0
 11
160.7092969999999923
 21
-127.3130589999999955
 31
0
  0
LINE
  5
207
330
1B
100
AcDbEntity
  8
B.Mask
  6
CONTINUOUS
100
AcDbLine
 10
160.7092969999999923
 20
-127.3130589999999955
 30
0
 11
160.4567089999999894
 21
-127.4346989999999948
 31
0
  0
LINE
  5
208
330
1B
100
AcDbEntity
  8
B.Mask
  6
CONTINUOUS
100
AcDbLine
 10
160.4567089999999894
 20
-127.4346989999999948
 30
0
 11
160.1920889999999815
 21
-127.5272930000000002
 31
0
  0
LINE
  5
209
330
1B
100
AcDbEntity
  8
B.Mask
  6
CONTINUOUS
100
AcDbLine
 10
160.1920889999999815
 20
-127.5272930000000002
 30
0
 11
159.9187660000000051
 21
-127.5896779999999922
 31
0
  0
LINE
  5
20A
330
1B
100
AcDbEntity
  8
B.Mask
  6
CONTINUOUS
100
AcDbLine
 10
159.9187660000000051
 20
-127.5896779999999922
 30
0
 11
159.6401759999999967
 21
-127.6210669999999965
 31
0
  0
LINE
  5
20B
330
1B
100
AcDbEntity
  8
B.Mask
  6
CONTINUOUS
100
AcDbLine
 10
159.6401759999999967
 20
-127.6210669999999965
 30
0
 11
159.3598240000000033
 21
-127.6210669999999965
 31
0
  0
LINE
  5
20C
330
1B
100
AcDbEntity
  8
B.Mask
  6
CONTINUOUS
100
AcDbLine
 10
159.3598240000000033
 20
-127.6210669999999965
 30
0
 11
159.0812339999999949
 21
-127.5896779999999922
 31
0
  0
LINE
  5
20D
330
1B
100
AcDbEntity
  8
B.Mask
  6
CONTINUOUS
100
AcDbLine
 10
159.0812339999999949
 20
-127.5896779999999922
 30
0
 11
158.8079109999999901
 21
-127.5272930000000002
 31
0
  0
LINE
  5
20E
330
1B
100
AcDbEntity
  8
B.Mask
  6
CONTINUOUS
100
AcDbLine
 10
158.8079109999999901
 20
-127.5272930000000002
 30
0
 11
158.5432909999999822
 21
-127.4346989999999948
 31
0
  0
LINE
  5
20F
330
1B
100
AcDbEntity
  8
B.Mask
  6
CONTINUOUS
100
AcDbLine
 10
158.5432909999999822
 20
-127.4346989999999948
 30
0
 11
158.2907029999999793
 21
-127.3130589999999955
 31
0
  0
LINE
  5
210
330
1B
100
AcDbEntity
  8
B.Mask
  6
CONTINUOUS
100
AcDbLine
 10
158.2907029999999793
 20
-127.3130589999999955
 30
0
 11
158.0533219999999801
 21
-127.1639019999999931
 31
0
  0
LINE
  5
211
330
1B
100
AcDbEntity
  8
B.Mask
  6
CONTINUOUS
100
AcDbLine
 10
158.0533219999999801
 20
-127.1639019999999931
 30
0
 11
157.8341340000000059
 21
-126.989104999999995
 31
0
  0
LINE
  5
212
330
1B
100
AcDbEntity
  8
B.Mask
  6
CONTINUOUS
100
AcDbLine
 10
157.8341340000000059
 20
-126.989104999999995
 30
0
 11
157.635895000000005
 21
-126.7908659999999941
 31
0
  0
LINE
  5
213
330
1B
100
AcDbEntity
  8
B.Mask
  6
CONTINUOUS
100
AcDbLine
 10
157.635895000000005
 20
-126.7908659999999941
 30
0
 11
157.4610979999999927
 21
-126.5716779999999915
 31
0
  0
LINE
  5
214
330
1B
100
AcDbEntity
  8
B.Mask
  6
CONTINUOUS
100
AcDbLine
 10
157.4610979999999927
 20
-126.5716779999999915
 30
0
 11
157.3119409999999903
 21
-126.3342969999999923
 31
0
  0
LINE
  5
215
330
1B
100
AcDbEntity
  8
B.Mask
  6
CONTINUOUS
100
AcDbLine
 10
157.3119409999999903
 20
-126.3342969999999923
 30
0
 11
157.1903010000000052
 21
-126.0817089999999894
 31
0
  0
LINE
  5
216
330
1B
100
AcDbEntity
  8
B.Mask
  6
CONTINUOUS
100
AcDbLine
 10
157.1903010000000052
 20
-126.0817089999999894
 30
0
 11
157.0977069999999856
 21
-125.8170889999999957
 31
0
  0
LINE
  5
217
330
1B
100
AcDbEntity
  8
B.Mask
  6
CONTINUOUS
100
AcDbLine
 10
157.0977069999999856
 20
-125.8170889999999957
 30
0
 11
157.0353219999999794
 21
-125.5437659999999909
 31
0
  0
LINE
  5
218
330
1B
100
AcDbEntity
  8
B.Mask
  6
CONTINUOUS
100
AcDbLine
 10
157.0353219999999794
 20
-125.5437659999999909
 30
0
 11
157.0039329999999893
 21
-125.2651759999999967
 31
0
  0
LINE
  5
219
330
1B
100
AcDbEntity
  8
B.Mask
  6
CONTINUOUS
100
AcDbLine
 10
157.0039329999999893
 20
-125.2651759999999967
 30
0
 11
157.0039329999999893
 21
-124.984823999999989
 31
0
  0
LINE
  5
21A
330
1B
100
AcDbEntity
  8
B.Mask
  6
CONTINUOUS
100
AcDbLine
 10
157.0039329999999893
 20
-124.984823999999989
 30
0
 11
157.0353219999999794
 21
-124.7062339999999949
 31
0
  0
LINE
  5
21B
330
1B
100
AcDbEntity
  8
B.Mask
  6
CONTINUOUS
100
AcDbLine
 10
157.0353219999999794
 20
-124.7062339999999949
 30
0
 11
157.0977069999999856
 21
-124.4329109999999901
 31
0
  0
LINE
  5
21C
330
1B
100
AcDbEntity
  8
B.Mask
  6
CONTINUOUS
100
AcDbLine
 10
157.0977069999999856
 20
-124.4329109999999901
 30
0
 11
157.1903010000000052
 21
-124.1682909999999964
 31
0
  0
LINE
  5
21D
330
1B
100
AcDbEntity
  8
B.Mask
  6
CONTINUOUS
100
AcDbLine
 10
157.1903010000000052
 20
-124.1682909999999964
 30
0
 11
157.3119409999999903
 21
-123.9157029999999935
 31
0
  0
LINE
  5
21E
330
1B
100
AcDbEntity
  8
B.Mask
  6
CONTINUOUS
100
AcDbLine
 10
157.3119409999999903
 20
-123.9157029999999935
 30
0
 11
157.4610979999999927
 21
-123.6783219999999943
 31
0
  0
LINE
  5
21F
330
1B
100
AcDbEntity
  8
B.Mask
  6
CONTINUOUS
100
AcDbLine
 10
157.4610979999999927
 20
-123.6783219999999943
 30
0
 11
157.635895000000005
 21
-123.4591339999999917
 31
0
  0
LINE
  5
220
330
1B
100
AcDbEntity
  8
B.Mask
  6
CONTINUOUS
100
AcDbLine
 10
157.635895000000005
 20
-123.4591339999999917
 30
0
 11
157.8341340000000059
 21
-123.2608949999999908
 31
0
  0
LINE
  5
221
330
1B
100
AcDbEntity
  8
B.Mask
  6
CONTINUOUS
100
AcDbLine
 10
157.8341340000000059
 20
-123.2608949999999908
 30
0
 11
158.0533219999999801
 21
-123.0860979999999927
 31
0
  0
LINE
  5
222
330
1B
100
AcDbEntity
  8
B.Mask
  6
CONTINUOUS
100
AcDbLine
 10
158.0533219999999801
 20
-123.0860979999999927
 30
0
 11
158.2907029999999793
 21
-122.9369409999999903
 31
0
  0
LINE
  5
223
330
1B
100
AcDbEntity
  8
B.Mask
  6
CONTINUOUS
100
AcDbLine
 10
158.2907029999999793
 20
-122.9369409999999903
 30
0
 11
158.5432909999999822
 21
-122.8153009999999909
 31
0
  0
LINE
  5
224
330
1B
100
AcDbEntity
  8
B.Mask
  6
CONTINUOUS
100
AcDbLine
 10
158.5432909999999822
 20
-122.8153009999999909
 30
0
 11
158.8079109999999901
 21
-122.7227069999999998
 31
0
  0
LINE
  5
225
330
1B
100
AcDbEntity
  8
B.Mask
  6
CONTINUOUS
100
AcDbLine
 10
158.8079109999999901
 20
-122.7227069999999998
 30
0
 11
159.0812339999999949
 21
-122.6603219999999936
 31
0
  0
LINE
  5
226
330
1B
100
AcDbEntity
  8
B.Mask
  6
CONTINUOUS
100
AcDbLine
 10
159.0812339999999949
 20
-122.6603219999999936
 30
0
 11
159.3598240000000033
 21
-122.6289329999999893
 31
0
  0
LINE
  5
227
330
1B
100
AcDbEntity
  8
B.Mask
  6
CONTINUOUS
100
AcDbLine
 10
159.3598240000000033
 20
-122.6289329999999893
 30
0
 11
159.6401759999999967
 21
-122.6289329999999893
 31
0
  0
LINE
  5
228
330
1B
100
AcDbEntity
  8
B.Mask
  6
CONTINUOUS
100
AcDbLine
 10
159.6401759999999967
 20
-122.6289329999999893
 30
0
 11
159.9187660000000051
 21
-122.6603219999999936
 31
0
  0
LINE
  5
229
330
1B
100
AcDbEntity
  8
B.Mask
  6
CONTINUOUS
100
AcDbLine
 10
49.9267129999999995
 20
-98.1679729999999893
 30
0
 11
50.4566489999999988
 21
-98.2441659999999928
 31
0
  0
LINE
  5
22A
330
1B
100
AcDbEntity
  8
B.Mask
  6
CONTINUOUS
100
AcDbLine
 10
50.4566489999999988
 20
-98.2441659999999928
 30
0
 11
50.9797989999999999
 21
-98.3579699999999946
 31
0
  0
LINE
  5
22B
330
1B
100
AcDbEntity
  8
B.Mask
  6
CONTINUOUS
100
AcDbLine
 10
50.9797989999999999
 20
-98.3579699999999946
 30
0
 11
51.4934969999999979
 21
-98.5088059999999928
 31
0
  0
LINE
  5
22C
330
1B
100
AcDbEntity
  8
B.Mask
  6
CONTINUOUS
100
AcDbLine
 10
51.4934969999999979
 20
-98.5088059999999928
 30
0
 11
51.9951259999999991
 21
-98.6959039999999987
 31
0
  0
LINE
  5
22D
330
1B
100
AcDbEntity
  8
B.Mask
  6
CONTINUOUS
100
AcDbLine
 10
51.9951259999999991
 20
-98.6959039999999987
 30
0
 11
52.4821290000000005
 21
-98.9183099999999911
 31
0
  0
LINE
  5
22E
330
1B
100
AcDbEntity
  8
B.Mask
  6
CONTINUOUS
100
AcDbLine
 10
52.4821290000000005
 20
-98.9183099999999911
 30
0
 11
52.952024999999999
 21
-99.1748929999999973
 31
0
  0
LINE
  5
22F
330
1B
100
AcDbEntity
  8
B.Mask
  6
CONTINUOUS
100
AcDbLine
 10
52.952024999999999
 20
-99.1748929999999973
 30
0
 11
53.4024199999999993
 21
-99.464343999999997
 31
0
  0
LINE
  5
230
330
1B
100
AcDbEntity
  8
B.Mask
  6
CONTINUOUS
100
AcDbLine
 10
53.4024199999999993
 20
-99.464343999999997
 30
0
 11
53.8310180000000003
 21
-99.7851879999999909
 31
0
  0
LINE
  5
231
330
1B
100
AcDbEntity
  8
B.Mask
  6
CONTINUOUS
100
AcDbLine
 10
53.8310180000000003
 20
-99.7851879999999909
 30
0
 11
54.2356349999999949
 21
-100.1357909999999976
 31
0
  0
LINE
  5
232
330
1B
100
AcDbEntity
  8
B.Mask
  6
CONTINUOUS
100
AcDbLine
 10
54.2356349999999949
 20
-100.1357909999999976
 30
0
 11
54.6142089999999953
 21
-100.514364999999998
 31
0
  0
LINE
  5
233
330
1B
100
AcDbEntity
  8
B.Mask
  6
CONTINUOUS
100
AcDbLine
 10
54.6142089999999953
 20
-100.514364999999998
 30
0
 11
54.9648119999999949
 21
-100.9189819999999997
 31
0
  0
LINE
  5
234
330
1B
100
AcDbEntity
  8
B.Mask
  6
CONTINUOUS
100
AcDbLine
 10
54.9648119999999949
 20
-100.9189819999999997
 30
0
 11
55.2856559999999959
 21
-101.3475799999999936
 31
0
  0
LINE
  5
235
330
1B
100
AcDbEntity
  8
B.Mask
  6
CONTINUOUS
100
AcDbLine
 10
55.2856559999999959
 20
-101.3475799999999936
 30
0
 11
55.5751069999999956
 21
-101.7979749999999939
 31
0
  0
LINE
  5
236
330
1B
100
AcDbEntity
  8
B.Mask
  6
CONTINUOUS
100
AcDbLine
 10
55.5751069999999956
 20
-101.7979749999999939
 30
0
 11
55.8316899999999947
 21
-102.2678709999999995
 31
0
  0
LINE
  5
237
330
1B
100
AcDbEntity
  8
B.Mask
  6
CONTINUOUS
100
AcDbLine
 10
55.8316899999999947
 20
-102.2678709999999995
 30
0
 11
56.0540959999999941
 21
-102.7548740000000009
 31
0
  0
LINE
  5
238
330
1B
100
AcDbEntity
  8
B.Mask
  6
CONTINUOUS
100
AcDbLine
 10
56.0540959999999941
 20
-102.7548740000000009
 30
0
 11
56.2411940000000001
 21
-103.256502999999995
 31
0
  0
LINE
  5
239
330
1B
100
AcDbEntity
  8
B.Mask
  6
CONTINUOUS
100
AcDbLine
 10
56.2411940000000001
 20
-103.256502999999995
 30
0
 11
56.3920299999999983
 21
-103.7702010000000001
 31
0
  0
LINE
  5
23A
330
1B
100
AcDbEntity
  8
B.Mask
  6
CONTINUOUS
100
AcDbLine
 10
56.3920299999999983
 20
-103.7702010000000001
 30
0
 11
56.5058340000000001
 21
-104.2933510000000012
 31
0
  0
LINE
  5
23B
330
1B
100
AcDbEntity
  8
B.Mask
  6
CONTINUOUS
100
AcDbLine
 10
56.5058340000000001
 20
-104.2933510000000012
 30
0
 11
56.5820269999999965
 21
-104.8232869999999934
 31
0
  0
LINE
  5
23C
330
1B
100
AcDbEntity
  8
B.Mask
  6
CONTINUOUS
100
AcDbLine
 10
56.5820269999999965
 20
-104.8232869999999934
 30
0
 11
56.6202210000000008
 21
-105.3573069999999916
 31
0
  0
LINE
  5
23D
330
1B
100
AcDbEntity
  8
B.Mask
  6
CONTINUOUS
100
AcDbLine
 10
56.6202210000000008
 20
-105.3573069999999916
 30
0
 11
56.6202210000000008
 21
-105.8926929999999942
 31
0
  0
LINE
  5
23E
330
1B
100
AcDbEntity
  8
B.Mask
  6
CONTINUOUS
100
AcDbLine
 10
56.6202210000000008
 20
-105.8926929999999942
 30
0
 11
56.5820269999999965
 21
-106.4267129999999923
 31
0
  0
LINE
  5
23F
330
1B
100
AcDbEntity
  8
B.Mask
  6
CONTINUOUS
100
AcDbLine
 10
56.5820269999999965
 20
-106.4267129999999923
 30
0
 11
56.5058340000000001
 21
-106.9566489999999988
 31
0
  0
LINE
  5
240
330
1B
100
AcDbEntity
  8
B.Mask
  6
CONTINUOUS
100
AcDbLine
 10
56.5058340000000001
 20
-106.9566489999999988
 30
0
 11
56.3920299999999983
 21
-107.4797989999999999
 31
0
  0
LINE
  5
241
330
1B
100
AcDbEntity
  8
B.Mask
  6
CONTINUOUS
100
AcDbLine
 10
56.3920299999999983
 20
-107.4797989999999999
 30
0
 11
56.2411940000000001
 21
-107.9934969999999907
 31
0
  0
LINE
  5
242
330
1B
100
AcDbEntity
  8
B.Mask
  6
CONTINUOUS
100
AcDbLine
 10
56.2411940000000001
 20
-107.9934969999999907
 30
0
 11
56.0540959999999941
 21
-108.4951259999999991
 31
0
  0
LINE
  5
243
330
1B
100
AcDbEntity
  8
B.Mask
  6
CONTINUOUS
100
AcDbLine
 10
56.0540959999999941
 20
-108.4951259999999991
 30
0
 11
55.8316899999999947
 21
-108.9821290000000005
 31
0
  0
LINE
  5
244
330
1B
100
AcDbEntity
  8
B.Mask
  6
CONTINUOUS
100
AcDbLine
 10
55.8316899999999947
 20
-108.9821290000000005
 30
0
 11
55.5751069999999956
 21
-109.4520249999999919
 31
0
  0
LINE
  5
245
330
1B
100
AcDbEntity
  8
B.Mask
  6
CONTINUOUS
100
AcDbLine
 10
55.5751069999999956
 20
-109.4520249999999919
 30
0
 11
55.2856559999999959
 21
-109.9024199999999922
 31
0
  0
LINE
  5
246
330
1B
100
AcDbEntity
  8
B.Mask
  6
CONTINUOUS
100
AcDbLine
 10
55.2856559999999959
 20
-109.9024199999999922
 30
0
 11
54.9648119999999949
 21
-110.3310180000000003
 31
0
  0
LINE
  5
247
330
1B
100
AcDbEntity
  8
B.Mask
  6
CONTINUOUS
100
AcDbLine
 10
54.9648119999999949
 20
-110.3310180000000003
 30
0
 11
54.6142089999999953
 21
-110.735635000000002
 31
0
  0
LINE
  5
248
330
1B
100
AcDbEntity
  8
B.Mask
  6
CONTINUOUS
100
AcDbLine
 10
54.6142089999999953
 20
-110.735635000000002
 30
0
 11
54.2356349999999949
 21
-111.1142089999999882
 31
0
  0
LINE
  5
249
330
1B
100
AcDbEntity
  8
B.Mask
  6
CONTINUOUS
100
AcDbLine
 10
54.2356349999999949
 20
-111.1142089999999882
 30
0
 11
53.8310180000000003
 21
-111.4648119999999949
 31
0
  0
LINE
  5
24A
330
1B
100
AcDbEntity
  8
B.Mask
  6
CONTINUOUS
100
AcDbLine
 10
53.8310180000000003
 20
-111.4648119999999949
 30
0
 11
53.4024199999999993
 21
-111.7856559999999888
 31
0
  0
LINE
  5
24B
330
1B
100
AcDbEntity
  8
B.Mask
  6
CONTINUOUS
100
AcDbLine
 10
53.4024199999999993
 20
-111.7856559999999888
 30
0
 11
52.952024999999999
 21
-112.0751069999999885
 31
0
  0
LINE
  5
24C
330
1B
100
AcDbEntity
  8
B.Mask
  6
CONTINUOUS
100
AcDbLine
 10
52.952024999999999
 20
-112.0751069999999885
 30
0
 11
52.4821290000000005
 21
-112.3316899999999947
 31
0
  0
LINE
  5
24D
330
1B
100
AcDbEntity
  8
B.Mask
  6
CONTINUOUS
100
AcDbLine
 10
52.4821290000000005
 20
-112.3316899999999947
 30
0
 11
51.9951259999999991
 21
-112.5540960000000013
 31
0
  0
LINE
  5
24E
330
1B
100
AcDbEntity
  8
B.Mask
  6
CONTINUOUS
100
AcDbLine
 10
51.9951259999999991
 20
-112.5540960000000013
 30
0
 11
51.4934969999999979
 21
-112.741193999999993
 31
0
  0
LINE
  5
24F
330
1B
100
AcDbEntity
  8
B.Mask
  6
CONTINUOUS
100
AcDbLine
 10
51.4934969999999979
 20
-112.741193999999993
 30
0
 11
50.9797989999999999
 21
-112.8920299999999912
 31
0
  0
LINE
  5
250
330
1B
100
AcDbEntity
  8
B.Mask
  6
CONTINUOUS
100
AcDbLine
 10
50.9797989999999999
 20
-112.8920299999999912
 30
0
 11
50.4566489999999988
 21
-113.005833999999993
 31
0
  0
LINE
  5
251
330
1B
100
AcDbEntity
  8
B.Mask
  6
CONTINUOUS
100
AcDbLine
 10
50.4566489999999988
 20
-113.005833999999993
 30
0
 11
49.9267129999999995
 21
-113.0820269999999965
 31
0
  0
LINE
  5
252
330
1B
100
AcDbEntity
  8
B.Mask
  6
CONTINUOUS
100
AcDbLine
 10
49.9267129999999995
 20
-113.0820269999999965
 30
0
 11
49.3926930000000013
 21
-113.1202210000000008
 31
0
  0
LINE
  5
253
330
1B
100
AcDbEntity
  8
B.Mask
  6
CONTINUOUS
100
AcDbLine
 10
49.3926930000000013
 20
-113.1202210000000008
 30
0
 11
48.8573069999999987
 21
-113.1202210000000008
 31
0
  0
LINE
  5
254
330
1B
100
AcDbEntity
  8
B.Mask
  6
CONTINUOUS
100
AcDbLine
 10
48.8573069999999987
 20
-113.1202210000000008
 30
0
 11
48.3232870000000005
 21
-113.0820269999999965
 31
0
  0
LINE
  5
255
330
1B
100
AcDbEntity
  8
B.Mask
  6
CONTINUOUS
100
AcDbLine
 10
48.3232870000000005
 20
-113.0820269999999965
 30
0
 11
47.7933510000000012
 21
-113.005833999999993
 31
0
  0
LINE
  5
256
330
1B
100
AcDbEntity
  8
B.Mask
  6
CONTINUOUS
100
AcDbLine
 10
47.7933510000000012
 20
-113.005833999999993
 30
0
 11
47.2702010000000001
 21
-112.8920299999999912
 31
0
  0
LINE
  5
257
330
1B
100
AcDbEntity
  8
B.Mask
  6
CONTINUOUS
100
AcDbLine
 10
47.2702010000000001
 20
-112.8920299999999912
 30
0
 11
46.756502999999995
 21
-112.741193999999993
 31
0
  0
LINE
  5
258
330
1B
100
AcDbEntity
  8
B.Mask
  6
CONTINUOUS
100
AcDbLine
 10
46.756502999999995
 20
-112.741193999999993
 30
0
 11
46.2548740000000009
 21
-112.5540960000000013
 31
0
  0
LINE
  5
259
330
1B
100
AcDbEntity
  8
B.Mask
  6
CONTINUOUS
100
AcDbLine
 10
46.2548740000000009
 20
-112.5540960000000013
 30
0
 11
45.7678709999999995
 21
-112.3316899999999947
 31
0
  0
LINE
  5
25A
330
1B
100
AcDbEntity
  8
B.Mask
  6
CONTINUOUS
100
AcDbLine
 10
45.7678709999999995
 20
-112.3316899999999947
 30
0
 11
45.297975000000001
 21
-112.0751069999999885
 31
0
  0
LINE
  5
25B
330
1B
100
AcDbEntity
  8
B.Mask
  6
CONTINUOUS
100
AcDbLine
 10
45.297975000000001
 20
-112.0751069999999885
 30
0
 11
44.8475800000000007
 21
-111.7856559999999888
 31
0
  0
LINE
  5
25C
330
1B
100
AcDbEntity
  8
B.Mask
  6
CONTINUOUS
100
AcDbLine
 10
44.8475800000000007
 20
-111.7856559999999888
 30
0
 11
44.4189819999999997
 21
-111.4648119999999949
 31
0
  0
LINE
  5
25D
330
1B
100
AcDbEntity
  8
B.Mask
  6
CONTINUOUS
100
AcDbLine
 10
44.4189819999999997
 20
-111.4648119999999949
 30
0
 11
44.014364999999998
 21
-111.1142089999999882
 31
0
  0
LINE
  5
25E
330
1B
100
AcDbEntity
  8
B.Mask
  6
CONTINUOUS
100
AcDbLine
 10
44.014364999999998
 20
-111.1142089999999882
 30
0
 11
43.6357909999999976
 21
-110.735635000000002
 31
0
  0
LINE
  5
25F
330
1B
100
AcDbEntity
  8
B.Mask
  6
CONTINUOUS
100
AcDbLine
 10
43.6357909999999976
 20
-110.735635000000002
 30
0
 11
43.285187999999998
 21
-110.3310180000000003
 31
0
  0
LINE
  5
260
330
1B
100
AcDbEntity
  8
B.Mask
  6
CONTINUOUS
100
AcDbLine
 10
43.285187999999998
 20
-110.3310180000000003
 30
0
 11
42.964343999999997
 21
-109.9024199999999922
 31
0
  0
LINE
  5
261
330
1B
100
AcDbEntity
  8
B.Mask
  6
CONTINUOUS
100
AcDbLine
 10
42.964343999999997
 20
-109.9024199999999922
 30
0
 11
42.6748929999999973
 21
-109.4520249999999919
 31
0
  0
LINE
  5
262
330
1B
100
AcDbEntity
  8
B.Mask
  6
CONTINUOUS
100
AcDbLine
 10
42.6748929999999973
 20
-109.4520249999999919
 30
0
 11
42.4183099999999982
 21
-108.9821290000000005
 31
0
  0
LINE
  5
263
330
1B
100
AcDbEntity
  8
B.Mask
  6
CONTINUOUS
100
AcDbLine
 10
42.4183099999999982
 20
-108.9821290000000005
 30
0
 11
42.1959039999999987
 21
-108.4951259999999991
 31
0
  0
LINE
  5
264
330
1B
100
AcDbEntity
  8
B.Mask
  6
CONTINUOUS
100
AcDbLine
 10
42.1959039999999987
 20
-108.4951259999999991
 30
0
 11
42.0088059999999999
 21
-107.9934969999999907
 31
0
  0
LINE
  5
265
330
1B
100
AcDbEntity
  8
B.Mask
  6
CONTINUOUS
100
AcDbLine
 10
42.0088059999999999
 20
-107.9934969999999907
 30
0
 11
41.8579699999999946
 21
-107.4797989999999999
 31
0
  0
LINE
  5
266
330
1B
100
AcDbEntity
  8
B.Mask
  6
CONTINUOUS
100
AcDbLine
 10
41.8579699999999946
 20
-107.4797989999999999
 30
0
 11
41.7441659999999999
 21
-106.9566489999999988
 31
0
  0
LINE
  5
267
330
1B
100
AcDbEntity
  8
B.Mask
  6
CONTINUOUS
100
AcDbLine
 10
41.7441659999999999
 20
-106.9566489999999988
 30
0
 11
41.6679729999999964
 21
-106.4267129999999923
 31
0
  0
LINE
  5
268
330
1B
100
AcDbEntity
  8
B.Mask
  6
CONTINUOUS
100
AcDbLine
 10
41.6679729999999964
 20
-106.4267129999999923
 30
0
 11
41.6297789999999992
 21
-105.8926929999999942
 31
0
  0
LINE
  5
269
330
1B
100
AcDbEntity
  8
B.Mask
  6
CONTINUOUS
100
AcDbLine
 10
41.6297789999999992
 20
-105.8926929999999942
 30
0
 11
41.6297789999999992
 21
-105.3573069999999916
 31
0
  0
LINE
  5
26A
330
1B
100
AcDbEntity
  8
B.Mask
  6
CONTINUOUS
100
AcDbLine
 10
41.6297789999999992
 20
-105.3573069999999916
 30
0
 11
41.6679729999999964
 21
-104.8232869999999934
 31
0
  0
LINE
  5
26B
330
1B
100
AcDbEntity
  8
B.Mask
  6
CONTINUOUS
100
AcDbLine
 10
41.6679729999999964
 20
-104.8232869999999934
 30
0
 11
41.7441659999999999
 21
-104.2933510000000012
 31
0
  0
LINE
  5
26C
330
1B
100
AcDbEntity
  8
B.Mask
  6
CONTINUOUS
100
AcDbLine
 10
41.7441659999999999
 20
-104.2933510000000012
 30
0
 11
41.8579699999999946
 21
-103.7702010000000001
 31
0
  0
LINE
  5
26D
330
1B
100
AcDbEntity
  8
B.Mask
  6
CONTINUOUS
100
AcDbLine
 10
41.8579699999999946
 20
-103.7702010000000001
 30
0
 11
42.0088059999999999
 21
-103.256502999999995
 31
0
  0
LINE
  5
26E
330
1B
100
AcDbEntity
  8
B.Mask
  6
CONTINUOUS
100
AcDbLine
 10
42.0088059999999999
 20
-103.256502999999995
 30
0
 11
42.1959039999999987
 21
-102.7548740000000009
 31
0
  0
LINE
  5
26F
330
1B
100
AcDbEntity
  8
B.Mask
  6
CONTINUOUS
100
AcDbLine
 10
42.1959039999999987
 20
-102.7548740000000009
 30
0
 11
42.4183099999999982
 21
-102.2678709999999995
 31
0
  0
LINE
  5
270
330
1B
100
AcDbEntity
  8
B.Mask
  6
CONTINUOUS
100
AcDbLine
 10
42.4183099999999982
 20
-102.2678709999999995
 30
0
 11
42.6748929999999973
 21
-101.7979749999999939
 31
0
  0
LINE
  5
271
330
1B
100
AcDbEntity
  8
B.Mask
  6
CONTINUOUS
100
AcDbLine
 10
42.6748929999999973
 20
-101.7979749999999939
 30
0
 11
42.964343999999997
 21
-101.3475799999999936
 31
0
  0
LINE
  5
272
330
1B
100
AcDbEntity
  8
B.Mask
  6
CONTINUOUS
100
AcDbLine
 10
42.964343999999997
 20
-101.3475799999999936
 30
0
 11
43.285187999999998
 21
-100.9189819999999997
 31
0
  0
LINE
  5
273
330
1B
100
AcDbEntity
  8
B.Mask
  6
CONTINUOUS
100
AcDbLine
 10
43.285187999999998
 20
-100.9189819999999997
 30
0
 11
43.6357909999999976
 21
-100.514364999999998
 31
0
  0
LINE
  5
274
330
1B
100
AcDbEntity
  8
B.Mask
  6
CONTINUOUS
100
AcDbLine
 10
43.6357909999999976
 20
-100.514364999999998
 30
0
 11
44.014364999999998
 21
-100.1357909999999976
 31
0
  0
LINE
  5
275
330
1B
100
AcDbEntity
  8
B.Mask
  6
CONTINUOUS
100
AcDbLine
 10
44.014364999999998
 20
-100.1357909999999976
 30
0
 11
44.4189819999999997
 21
-99.7851879999999909
 31
0
  0
LINE
  5
276
330
1B
100
AcDbEntity
  8
B.Mask
  6
CONTINUOUS
100
AcDbLine
 10
44.4189819999999997
 20
-99.7851879999999909
 30
0
 11
44.8475800000000007
 21
-99.464343999999997
 31
0
  0
LINE
  5
277
330
1B
100
AcDbEntity
  8
B.Mask
  6
CONTINUOUS
100
AcDbLine
 10
44.8475800000000007
 20
-99.464343999999997
 30
0
 11
45.297975000000001
 21
-99.1748929999999973
 31
0
  0
LINE
  5
278
330
1B
100
AcDbEntity
  8
B.Mask
  6
CONTINUOUS
100
AcDbLine
 10
45.297975000000001
 20
-99.1748929999999973
 30
0
 11
45.7678709999999995
 21
-98.9183099999999911
 31
0
  0
LINE
  5
279
330
1B
100
AcDbEntity
  8
B.Mask
  6
CONTINUOUS
100
AcDbLine
 10
45.7678709999999995
 20
-98.9183099999999911
 30
0
 11
46.2548740000000009
 21
-98.6959039999999987
 31
0
  0
LINE
  5
27A
330
1B
100
AcDbEntity
  8
B.Mask
  6
CONTINUOUS
100
AcDbLine
 10
46.2548740000000009
 20
-98.6959039999999987
 30
0
 11
46.756502999999995
 21
-98.5088059999999928
 31
0
  0
LINE
  5
27B
330
1B
100
AcDbEntity
  8
B.Mask
  6
CONTINUOUS
100
AcDbLine
 10
46.756502999999995
 20
-98.5088059999999928
 30
0
 11
47.2702010000000001
 21
-98.3579699999999946
 31
0
  0
LINE
  5
27C
330
1B
100
AcDbEntity
  8
B.Mask
  6
CONTINUOUS
100
AcDbLine
 10
47.2702010000000001
 20
-98.3579699999999946
 30
0
 11
47.7933510000000012
 21
-98.2441659999999928
 31
0
  0
LINE
  5
27D
330
1B
100
AcDbEntity
  8
B.Mask
  6
CONTINUOUS
100
AcDbLine
 10
47.7933510000000012
 20
-98.2441659999999928
 30
0
 11
48.3232870000000005
 21
-98.1679729999999893
 31
0
  0
LINE
  5
27E
330
1B
100
AcDbEntity
  8
B.Mask
  6
CONTINUOUS
100
AcDbLine
 10
48.3232870000000005
 20
-98.1679729999999893
 30
0
 11
48.8573069999999987
 21
-98.1297789999999992
 31
0
  0
LINE
  5
27F
330
1B
100
AcDbEntity
  8
B.Mask
  6
CONTINUOUS
100
AcDbLine
 10
48.8573069999999987
 20
-98.1297789999999992
 30
0
 11
49.3926930000000013
 21
-98.1297789999999992
 31
0
  0
LINE
  5
280
330
1B
100
AcDbEntity
  8
B.Mask
  6
CONTINUOUS
100
AcDbLine
 10
49.3926930000000013
 20
-98.1297789999999992
 30
0
 11
49.9267129999999995
 21
-98.1679729999999893
 31
0
  0
LINE
  5
281
330
1B
100
AcDbEntity
  8
B.Mask
  6
CONTINUOUS
100
AcDbLine
 10
76.9267129999999923
 20
-98.1679729999999893
 30
0
 11
77.4566489999999988
 21
-98.2441659999999928
 31
0
  0
LINE
  5
282
330
1B
100
AcDbEntity
  8
B.Mask
  6
CONTINUOUS
100
AcDbLine
 10
77.4566489999999988
 20
-98.2441659999999928
 30
0
 11
77.9797989999999999
 21
-98.3579699999999946
 31
0
  0
LINE
  5
283
330
1B
100
AcDbEntity
  8
B.Mask
  6
CONTINUOUS
100
AcDbLine
 10
77.9797989999999999
 20
-98.3579699999999946
 30
0
 11
78.4934969999999907
 21
-98.5088059999999928
 31
0
  0
LINE
  5
284
330
1B
100
AcDbEntity
  8
B.Mask
  6
CONTINUOUS
100
AcDbLine
 10
78.4934969999999907
 20
-98.5088059999999928
 30
0
 11
78.9951259999999991
 21
-98.6959039999999987
 31
0
  0
LINE
  5
285
330
1B
100
AcDbEntity
  8
B.Mask
  6
CONTINUOUS
100
AcDbLine
 10
78.9951259999999991
 20
-98.6959039999999987
 30
0
 11
79.4821290000000005
 21
-98.9183099999999911
 31
0
  0
LINE
  5
286
330
1B
100
AcDbEntity
  8
B.Mask
  6
CONTINUOUS
100
AcDbLine
 10
79.4821290000000005
 20
-98.9183099999999911
 30
0
 11
79.9520249999999919
 21
-99.1748929999999973
 31
0
  0
LINE
  5
287
330
1B
100
AcDbEntity
  8
B.Mask
  6
CONTINUOUS
100
AcDbLine
 10
79.9520249999999919
 20
-99.1748929999999973
 30
0
 11
80.4024199999999922
 21
-99.464343999999997
 31
0
  0
LINE
  5
288
330
1B
100
AcDbEntity
  8
B.Mask
  6
CONTINUOUS
100
AcDbLine
 10
80.4024199999999922
 20
-99.464343999999997
 30
0
 11
80.8310180000000003
 21
-99.7851879999999909
 31
0
  0
LINE
  5
289
330
1B
100
AcDbEntity
  8
B.Mask
  6
CONTINUOUS
100
AcDbLine
 10
80.8310180000000003
 20
-99.7851879999999909
 30
0
 11
81.235635000000002
 21
-100.1357909999999976
 31
0
  0
LINE
  5
28A
330
1B
100
AcDbEntity
  8
B.Mask
  6
CONTINUOUS
100
AcDbLine
 10
81.235635000000002
 20
-100.1357909999999976
 30
0
 11
81.6142090000000024
 21
-100.514364999999998
 31
0
  0
LINE
  5
28B
330
1B
100
AcDbEntity
  8
B.Mask
  6
CONTINUOUS
100
AcDbLine
 10
81.6142090000000024
 20
-100.514364999999998
 30
0
 11
81.9648119999999949
 21
-100.9189819999999997
 31
0
  0
LINE
  5
28C
330
1B
100
AcDbEntity
  8
B.Mask
  6
CONTINUOUS
100
AcDbLine
 10
81.9648119999999949
 20
-100.9189819999999997
 30
0
 11
82.285656000000003
 21
-101.3475799999999936
 31
0
  0
LINE
  5
28D
330
1B
100
AcDbEntity
  8
B.Mask
  6
CONTINUOUS
100
AcDbLine
 10
82.285656000000003
 20
-101.3475799999999936
 30
0
 11
82.5751070000000027
 21
-101.7979749999999939
 31
0
  0
LINE
  5
28E
330
1B
100
AcDbEntity
  8
B.Mask
  6
CONTINUOUS
100
AcDbLine
 10
82.5751070000000027
 20
-101.7979749999999939
 30
0
 11
82.8316899999999947
 21
-102.2678709999999995
 31
0
  0
LINE
  5
28F
330
1B
100
AcDbEntity
  8
B.Mask
  6
CONTINUOUS
100
AcDbLine
 10
82.8316899999999947
 20
-102.2678709999999995
 30
0
 11
83.0540960000000013
 21
-102.7548740000000009
 31
0
  0
LINE
  5
290
330
1B
100
AcDbEntity
  8
B.Mask
  6
CONTINUOUS
100
AcDbLine
 10
83.0540960000000013
 20
-102.7548740000000009
 30
0
 11
83.241193999999993
 21
-103.256502999999995
 31
0
  0
LINE
  5
291
330
1B
100
AcDbEntity
  8
B.Mask
  6
CONTINUOUS
100
AcDbLine
 10
83.241193999999993
 20
-103.256502999999995
 30
0
 11
83.3920299999999912
 21
-103.7702010000000001
 31
0
  0
LINE
  5
292
330
1B
100
AcDbEntity
  8
B.Mask
  6
CONTINUOUS
100
AcDbLine
 10
83.3920299999999912
 20
-103.7702010000000001
 30
0
 11
83.505833999999993
 21
-104.2933510000000012
 31
0
  0
LINE
  5
293
330
1B
100
AcDbEntity
  8
B.Mask
  6
CONTINUOUS
100
AcDbLine
 10
83.505833999999993
 20
-104.2933510000000012
 30
0
 11
83.5820269999999965
 21
-104.8232869999999934
 31
0
  0
LINE
  5
294
330
1B
100
AcDbEntity
  8
B.Mask
  6
CONTINUOUS
100
AcDbLine
 10
83.5820269999999965
 20
-104.8232869999999934
 30
0
 11
83.6202210000000008
 21
-105.3573069999999916
 31
0
  0
LINE
  5
295
330
1B
100
AcDbEntity
  8
B.Mask
  6
CONTINUOUS
100
AcDbLine
 10
83.6202210000000008
 20
-105.3573069999999916
 30
0
 11
83.6202210000000008
 21
-105.8926929999999942
 31
0
  0
LINE
  5
296
330
1B
100
AcDbEntity
  8
B.Mask
  6
CONTINUOUS
100
AcDbLine
 10
83.6202210000000008
 20
-105.8926929999999942
 30
0
 11
83.5820269999999965
 21
-106.4267129999999923
 31
0
  0
LINE
  5
297
330
1B
100
AcDbEntity
  8
B.Mask
  6
CONTINUOUS
100
AcDbLine
 10
83.5820269999999965
 20
-106.4267129999999923
 30
0
 11
83.505833999999993
 21
-106.9566489999999988
 31
0
  0
LINE
  5
298
330
1B
100
AcDbEntity
  8
B.Mask
  6
CONTINUOUS
100
AcDbLine
 10
83.505833999999993
 20
-106.9566489999999988
 30
0
 11
83.3920299999999912
 21
-107.4797989999999999
 31
0
  0
LINE
  5
299
330
1B
100
AcDbEntity
  8
B.Mask
  6
CONTINUOUS
100
AcDbLine
 10
83.3920299999999912
 20
-107.4797989999999999
 30
0
 11
83.241193999999993
 21
-107.9934969999999907
 31
0
  0
LINE
  5
29A
330
1B
100
AcDbEntity
  8
B.Mask
  6
CONTINUOUS
100
AcDbLine
 10
83.241193999999993
 20
-107.9934969999999907
 30
0
 11
83.0540960000000013
 21
-108.4951259999999991
 31
0
  0
LINE
  5
29B
330
1B
100
AcDbEntity
  8
B.Mask
  6
CONTINUOUS
100
AcDbLine
 10
83.0540960000000013
 20
-108.4951259999999991
 30
0
 11
82.8316899999999947
 21
-108.9821290000000005
 31
0
  0
LINE
  5
29C
330
1B
100
AcDbEntity
  8
B.Mask
  6
CONTINUOUS
100
AcDbLine
 10
82.8316899999999947
 20
-108.9821290000000005
 30
0
 11
82.5751070000000027
 21
-109.4520249999999919
 31
0
  0
LINE
  5
29D
330
1B
100
AcDbEntity
  8
B.Mask
  6
CONTINUOUS
100
AcDbLine
 10
82.5751070000000027
 20
-109.4520249999999919
 30
0
 11
82.285656000000003
 21
-109.9024199999999922
 31
0
  0
LINE
  5
29E
330
1B
100
AcDbEntity
  8
B.Mask
  6
CONTINUOUS
100
AcDbLine
 10
82.285656000000003
 20
-109.9024199999999922
 30
0
 11
81.9648119999999949
 21
-110.3310180000000003
 31
0
  0
LINE
  5
29F
330
1B
100
AcDbEntity
  8
B.Mask
  6
CONTINUOUS
100
AcDbLine
 10
81.9648119999999949
 20
-110.3310180000000003
 30
0
 11
81.6142090000000024
 21
-110.735635000000002
 31
0
  0
LINE
  5
2A0
330
1B
100
AcDbEntity
  8
B.Mask
  6
CONTINUOUS
100
AcDbLine
 10
81.6142090000000024
 20
-110.735635000000002
 30
0
 11
81.235635000000002
 21
-111.1142089999999882
 31
0
  0
LINE
  5
2A1
330
1B
100
AcDbEntity
  8
B.Mask
  6
CONTINUOUS
100
AcDbLine
 10
81.235635000000002
 20
-111.1142089999999882
 30
0
 11
80.8310180000000003
 21
-111.4648119999999949
 31
0
  0
LINE
  5
2A2
330
1B
100
AcDbEntity
  8
B.Mask
  6
CONTINUOUS
100
AcDbLine
 10
80.8310180000000003
 20
-111.4648119999999949
 30
0
 11
80.4024199999999922
 21
-111.7856559999999888
 31
0
  0
LINE
  5
2A3
330
1B
100
AcDbEntity
  8
B.Mask
  6
CONTINUOUS
100
AcDbLine
 10
80.4024199999999922
 20
-111.7856559999999888
 30
0
 11
79.9520249999999919
 21
-112.0751069999999885
 31
0
  0
LINE
  5
2A4
330
1B
100
AcDbEntity
  8
B.Mask
  6
CONTINUOUS
100
AcDbLine
 10
79.9520249999999919
 20
-112.0751069999999885
 30
0
 11
79.4821290000000005
 21
-112.3316899999999947
 31
0
  0
LINE
  5
2A5
330
1B
100
AcDbEntity
  8
B.Mask
  6
CONTINUOUS
100
AcDbLine
 10
79.4821290000000005
 20
-112.3316899999999947
 30
0
 11
78.9951259999999991
 21
-112.5540960000000013
 31
0
  0
LINE
  5
2A6
330
1B
100
AcDbEntity
  8
B.Mask
  6
CONTINUOUS
100
AcDbLine
 10
78.9951259999999991
 20
-112.5540960000000013
 30
0
 11
78.4934969999999907
 21
-112.741193999999993
 31
0
  0
LINE
  5
2A7
330
1B
100
AcDbEntity
  8
B.Mask
  6
CONTINUOUS
100
AcDbLine
 10
78.4934969999999907
 20
-112.741193999999993
 30
0
 11
77.9797989999999999
 21
-112.8920299999999912
 31
0
  0
LINE
  5
2A8
330
1B
100
AcDbEntity
  8
B.Mask
  6
CONTINUOUS
100
AcDbLine
 10
77.9797989999999999
 20
-112.8920299999999912
 30
0
 11
77.4566489999999988
 21
-113.005833999999993
 31
0
  0
LINE
  5
2A9
330
1B
100
AcDbEntity
  8
B.Mask
  6
CONTINUOUS
100
AcDbLine
 10
77.4566489999999988
 20
-113.005833999999993
 30
0
 11
76.9267129999999923
 21
-113.0820269999999965
 31
0
  0
LINE
  5
2AA
330
1B
100
AcDbEntity
  8
B.Mask
  6
CONTINUOUS
100
AcDbLine
 10
76.9267129999999923
 20
-113.0820269999999965
 30
0
 11
76.3926929999999942
 21
-113.1202210000000008
 31
0
  0
LINE
  5
2AB
330
1B
100
AcDbEntity
  8
B.Mask
  6
CONTINUOUS
100
AcDbLine
 10
76.3926929999999942
 20
-113.1202210000000008
 30
0
 11
75.8573069999999916
 21
-113.1202210000000008
 31
0
  0
LINE
  5
2AC
330
1B
100
AcDbEntity
  8
B.Mask
  6
CONTINUOUS
100
AcDbLine
 10
75.8573069999999916
 20
-113.1202210000000008
 30
0
 11
75.3232869999999934
 21
-113.0820269999999965
 31
0
  0
LINE
  5
2AD
330
1B
100
AcDbEntity
  8
B.Mask
  6
CONTINUOUS
100
AcDbLine
 10
75.3232869999999934
 20
-113.0820269999999965
 30
0
 11
74.7933510000000012
 21
-113.005833999999993
 31
0
  0
LINE
  5
2AE
330
1B
100
AcDbEntity
  8
B.Mask
  6
CONTINUOUS
100
AcDbLine
 10
74.7933510000000012
 20
-113.005833999999993
 30
0
 11
74.2702010000000001
 21
-112.8920299999999912
 31
0
  0
LINE
  5
2AF
330
1B
100
AcDbEntity
  8
B.Mask
  6
CONTINUOUS
100
AcDbLine
 10
74.2702010000000001
 20
-112.8920299999999912
 30
0
 11
73.756502999999995
 21
-112.741193999999993
 31
0
  0
LINE
  5
2B0
330
1B
100
AcDbEntity
  8
B.Mask
  6
CONTINUOUS
100
AcDbLine
 10
73.756502999999995
 20
-112.741193999999993
 30
0
 11
73.2548740000000009
 21
-112.5540960000000013
 31
0
  0
LINE
  5
2B1
330
1B
100
AcDbEntity
  8
B.Mask
  6
CONTINUOUS
100
AcDbLine
 10
73.2548740000000009
 20
-112.5540960000000013
 30
0
 11
72.7678709999999995
 21
-112.3316899999999947
 31
0
  0
LINE
  5
2B2
330
1B
100
AcDbEntity
  8
B.Mask
  6
CONTINUOUS
100
AcDbLine
 10
72.7678709999999995
 20
-112.3316899999999947
 30
0
 11
72.2979749999999939
 21
-112.0751069999999885
 31
0
  0
LINE
  5
2B3
330
1B
100
AcDbEntity
  8
B.Mask
  6
CONTINUOUS
100
AcDbLine
 10
72.2979749999999939
 20
-112.0751069999999885
 30
0
 11
71.8475799999999936
 21
-111.7856559999999888
 31
0
  0
LINE
  5
2B4
330
1B
100
AcDbEntity
  8
B.Mask
  6
CONTINUOUS
100
AcDbLine
 10
71.8475799999999936
 20
-111.7856559999999888
 30
0
 11
71.4189819999999997
 21
-111.4648119999999949
 31
0
  0
LINE
  5
2B5
330
1B
100
AcDbEntity
  8
B.Mask
  6
CONTINUOUS
100
AcDbLine
 10
71.4189819999999997
 20
-111.4648119999999949
 30
0
 11
71.014364999999998
 21
-111.1142089999999882
 31
0
  0
LINE
  5
2B6
330
1B
100
AcDbEntity
  8
B.Mask
  6
CONTINUOUS
100
AcDbLine
 10
71.014364999999998
 20
-111.1142089999999882
 30
0
 11
70.6357909999999976
 21
-110.735635000000002
 31
0
  0
LINE
  5
2B7
330
1B
100
AcDbEntity
  8
B.Mask
  6
CONTINUOUS
100
AcDbLine
 10
70.6357909999999976
 20
-110.735635000000002
 30
0
 11
70.2851879999999909
 21
-110.3310180000000003
 31
0
  0
LINE
  5
2B8
330
1B
100
AcDbEntity
  8
B.Mask
  6
CONTINUOUS
100
AcDbLine
 10
70.2851879999999909
 20
-110.3310180000000003
 30
0
 11
69.964343999999997
 21
-109.9024199999999922
 31
0
  0
LINE
  5
2B9
330
1B
100
AcDbEntity
  8
B.Mask
  6
CONTINUOUS
100
AcDbLine
 10
69.964343999999997
 20
-109.9024199999999922
 30
0
 11
69.6748929999999973
 21
-109.4520249999999919
 31
0
  0
LINE
  5
2BA
330
1B
100
AcDbEntity
  8
B.Mask
  6
CONTINUOUS
100
AcDbLine
 10
69.6748929999999973
 20
-109.4520249999999919
 30
0
 11
69.4183099999999911
 21
-108.9821290000000005
 31
0
  0
LINE
  5
2BB
330
1B
100
AcDbEntity
  8
B.Mask
  6
CONTINUOUS
100
AcDbLine
 10
69.4183099999999911
 20
-108.9821290000000005
 30
0
 11
69.1959039999999987
 21
-108.4951259999999991
 31
0
  0
LINE
  5
2BC
330
1B
100
AcDbEntity
  8
B.Mask
  6
CONTINUOUS
100
AcDbLine
 10
69.1959039999999987
 20
-108.4951259999999991
 30
0
 11
69.0088059999999928
 21
-107.9934969999999907
 31
0
  0
LINE
  5
2BD
330
1B
100
AcDbEntity
  8
B.Mask
  6
CONTINUOUS
100
AcDbLine
 10
69.0088059999999928
 20
-107.9934969999999907
 30
0
 11
68.8579699999999946
 21
-107.4797989999999999
 31
0
  0
LINE
  5
2BE
330
1B
100
AcDbEntity
  8
B.Mask
  6
CONTINUOUS
100
AcDbLine
 10
68.8579699999999946
 20
-107.4797989999999999
 30
0
 11
68.7441659999999928
 21
-106.9566489999999988
 31
0
  0
LINE
  5
2BF
330
1B
100
AcDbEntity
  8
B.Mask
  6
CONTINUOUS
100
AcDbLine
 10
68.7441659999999928
 20
-106.9566489999999988
 30
0
 11
68.6679730000000035
 21
-106.4267129999999923
 31
0
  0
LINE
  5
2C0
330
1B
100
AcDbEntity
  8
B.Mask
  6
CONTINUOUS
100
AcDbLine
 10
68.6679730000000035
 20
-106.4267129999999923
 30
0
 11
68.6297789999999992
 21
-105.8926929999999942
 31
0
  0
LINE
  5
2C1
330
1B
100
AcDbEntity
  8
B.Mask
  6
CONTINUOUS
100
AcDbLine
 10
68.6297789999999992
 20
-105.8926929999999942
 30
0
 11
68.6297789999999992
 21
-105.3573069999999916
 31
0
  0
LINE
  5
2C2
330
1B
100
AcDbEntity
  8
B.Mask
  6
CONTINUOUS
100
AcDbLine
 10
68.6297789999999992
 20
-105.3573069999999916
 30
0
 11
68.6679730000000035
 21
-104.8232869999999934
 31
0
  0
LINE
  5
2C3
330
1B
100
AcDbEntity
  8
B.Mask
  6
CONTINUOUS
100
AcDbLine
 10
68.6679730000000035
 20
-104.8232869999999934
 30
0
 11
68.7441659999999928
 21
-104.2933510000000012
 31
0
  0
LINE
  5
2C4
330
1B
100
AcDbEntity
  8
B.Mask
  6
CONTINUOUS
100
AcDbLine
 10
68.7441659999999928
 20
-104.2933510000000012
 30
0
 11
68.8579699999999946
 21
-103.7702010000000001
 31
0
  0
LINE
  5
2C5
330
1B
100
AcDbEntity
  8
B.Mask
  6
CONTINUOUS
100
AcDbLine
 10
68.8579699999999946
 20
-103.7702010000000001
 30
0
 11
69.0088059999999928
 21
-103.256502999999995
 31
0
  0
LINE
  5
2C6
330
1B
100
AcDbEntity
  8
B.Mask
  6
CONTINUOUS
100
AcDbLine
 10
69.0088059999999928
 20
-103.256502999999995
 30
0
 11
69.1959039999999987
 21
-102.7548740000000009
 31
0
  0
LINE
  5
2C7
330
1B
100
AcDbEntity
  8
B.Mask
  6
CONTINUOUS
100
AcDbLine
 10
69.1959039999999987
 20
-102.7548740000000009
 30
0
 11
69.4183099999999911
 21
-102.2678709999999995
 31
0
  0
LINE
  5
2C8
330
1B
100
AcDbEntity
  8
B.Mask
  6
CONTINUOUS
100
AcDbLine
 10
69.4183099999999911
 20
-102.2678709999999995
 30
0
 11
69.6748929999999973
 21
-101.7979749999999939
 31
0
  0
LINE
  5
2C9
330
1B
100
AcDbEntity
  8
B.Mask
  6
CONTINUOUS
100
AcDbLine
 10
69.6748929999999973
 20
-101.7979749999999939
 30
0
 11
69.964343999999997
 21
-101.3475799999999936
 31
0
  0
LINE
  5
2CA
330
1B
100
AcDbEntity
  8
B.Mask
  6
CONTINUOUS
100
AcDbLine
 10
69.964343999999997
 20
-101.3475799999999936
 30
0
 11
70.2851879999999909
 21
-100.9189819999999997
 31
0
  0
LINE
  5
2CB
330
1B
100
AcDbEntity
  8
B.Mask
  6
CONTINUOUS
100
AcDbLine
 10
70.2851879999999909
 20
-100.9189819999999997
 30
0
 11
70.6357909999999976
 21
-100.514364999999998
 31
0
  0
LINE
  5
2CC
330
1B
100
AcDbEntity
  8
B.Mask
  6
CONTINUOUS
100
AcDbLine
 10
70.6357909999999976
 20
-100.514364999999998
 30
0
 11
71.014364999999998
 21
-100.1357909999999976
 31
0
  0
LINE
  5
2CD
330
1B
100
AcDbEntity
  8
B.Mask
  6
CONTINUOUS
100
AcDbLine
 10
71.014364999999998
 20
-100.1357909999999976
 30
0
 11
71.4189819999999997
 21
-99.7851879999999909
 31
0
  0
LINE
  5
2CE
330
1B
100
AcDbEntity
  8
B.Mask
  6
CONTINUOUS
100
AcDbLine
 10
71.4189819999999997
 20
-99.7851879999999909
 30
0
 11
71.8475799999999936
 21
-99.464343999999997
 31
0
  0
LINE
  5
2CF
330
1B
100
AcDbEntity
  8
B.Mask
  6
CONTINUOUS
100
AcDbLine
 10
71.8475799999999936
 20
-99.464343999999997
 30
0
 11
72.2979749999999939
 21
-99.1748929999999973
 31
0
  0
LINE
  5
2D0
330
1B
100
AcDbEntity
  8
B.Mask
  6
CONTINUOUS
100
AcDbLine
 10
72.2979749999999939
 20
-99.1748929999999973
 30
0
 11
72.7678709999999995
 21
-98.9183099999999911
 31
0
  0
LINE
  5
2D1
330
1B
100
AcDbEntity
  8
B.Mask
  6
CONTINUOUS
100
AcDbLine
 10
72.7678709999999995
 20
-98.9183099999999911
 30
0
 11
73.2548740000000009
 21
-98.6959039999999987
 31
0
  0
LINE
  5
2D2
330
1B
100
AcDbEntity
  8
B.Mask
  6
CONTINUOUS
100
AcDbLine
 10
73.2548740000000009
 20
-98.6959039999999987
 30
0
 11
73.756502999999995
 21
-98.5088059999999928
 31
0
  0
LINE
  5
2D3
330
1B
100
AcDbEntity
  8
B.Mask
  6
CONTINUOUS
100
AcDbLine
 10
73.756502999999995
 20
-98.5088059999999928
 30
0
 11
74.2702010000000001
 21
-98.3579699999999946
 31
0
  0
LINE
  5
2D4
330
1B
100
AcDbEntity
  8
B.Mask
  6
CONTINUOUS
100
AcDbLine
 10
74.2702010000000001
 20
-98.3579699999999946
 30
0
 11
74.7933510000000012
 21
-98.2441659999999928
 31
0
  0
LINE
  5
2D5
330
1B
100
AcDbEntity
  8
B.Mask
  6
CONTINUOUS
100
AcDbLine
 10
74.7933510000000012
 20
-98.2441659999999928
 30
0
 11
75.3232869999999934
 21
-98.1679729999999893
 31
0
  0
LINE
  5
2D6
330
1B
100
AcDbEntity
  8
B.Mask
  6
CONTINUOUS
100
AcDbLine
 10
75.3232869999999934
 20
-98.1679729999999893
 30
0
 11
75.8573069999999916
 21
-98.1297789999999992
 31
0
  0
LINE
  5
2D7
330
1B
100
AcDbEntity
  8
B.Mask
  6
CONTINUOUS
100
AcDbLine
 10
75.8573069999999916
 20
-98.1297789999999992
 30
0
 11
76.3926929999999942
 21
-98.1297789999999992
 31
0
  0
LINE
  5
2D8
330
1B
100
AcDbEntity
  8
B.Mask
  6
CONTINUOUS
100
AcDbLine
 10
76.3926929999999942
 20
-98.1297789999999992
 30
0
 11
76.9267129999999923
 21
-98.1679729999999893
 31
0
  0
LINE
  5
2D9
330
1B
100
AcDbEntity
  8
B.Mask
  6
CONTINUOUS
100
AcDbLine
 10
103.9267129999999923
 20
-98.1679729999999893
 30
0
 11
104.4566489999999988
 21
-98.2441659999999928
 31
0
  0
LINE
  5
2DA
330
1B
100
AcDbEntity
  8
B.Mask
  6
CONTINUOUS
100
AcDbLine
 10
104.4566489999999988
 20
-98.2441659999999928
 30
0
 11
104.9797989999999999
 21
-98.3579699999999946
 31
0
  0
LINE
  5
2DB
330
1B
100
AcDbEntity
  8
B.Mask
  6
CONTINUOUS
100
AcDbLine
 10
104.9797989999999999
 20
-98.3579699999999946
 30
0
 11
105.4934969999999907
 21
-98.5088059999999928
 31
0
  0
LINE
  5
2DC
330
1B
100
AcDbEntity
  8
B.Mask
  6
CONTINUOUS
100
AcDbLine
 10
105.4934969999999907
 20
-98.5088059999999928
 30
0
 11
105.9951259999999991
 21
-98.6959039999999987
 31
0
  0
LINE
  5
2DD
330
1B
100
AcDbEntity
  8
B.Mask
  6
CONTINUOUS
100
AcDbLine
 10
105.9951259999999991
 20
-98.6959039999999987
 30
0
 11
106.4821290000000005
 21
-98.9183099999999911
 31
0
  0
LINE
  5
2DE
330
1B
100
AcDbEntity
  8
B.Mask
  6
CONTINUOUS
100
AcDbLine
 10
106.4821290000000005
 20
-98.9183099999999911
 30
0
 11
106.9520249999999919
 21
-99.1748929999999973
 31
0
  0
LINE
  5
2DF
330
1B
100
AcDbEntity
  8
B.Mask
  6
CONTINUOUS
100
AcDbLine
 10
106.9520249999999919
 20
-99.1748929999999973
 30
0
 11
107.4024199999999922
 21
-99.464343999999997
 31
0
  0
LINE
  5
2E0
330
1B
100
AcDbEntity
  8
B.Mask
  6
CONTINUOUS
100
AcDbLine
 10
107.4024199999999922
 20
-99.464343999999997
 30
0
 11
107.8310180000000003
 21
-99.7851879999999909
 31
0
  0
LINE
  5
2E1
330
1B
100
AcDbEntity
  8
B.Mask
  6
CONTINUOUS
100
AcDbLine
 10
107.8310180000000003
 20
-99.7851879999999909
 30
0
 11
108.235635000000002
 21
-100.1357909999999976
 31
0
  0
LINE
  5
2E2
330
1B
100
AcDbEntity
  8
B.Mask
  6
CONTINUOUS
100
AcDbLine
 10
108.235635000000002
 20
-100.1357909999999976
 30
0
 11
108.6142089999999882
 21
-100.514364999999998
 31
0
  0
LINE
  5
2E3
330
1B
100
AcDbEntity
  8
B.Mask
  6
CONTINUOUS
100
AcDbLine
 10
108.6142089999999882
 20
-100.514364999999998
 30
0
 11
108.9648119999999949
 21
-100.9189819999999997
 31
0
  0
LINE
  5
2E4
330
1B
100
AcDbEntity
  8
B.Mask
  6
CONTINUOUS
100
AcDbLine
 10
108.9648119999999949
 20
-100.9189819999999997
 30
0
 11
109.2856559999999888
 21
-101.3475799999999936
 31
0
  0
LINE
  5
2E5
330
1B
100
AcDbEntity
  8
B.Mask
  6
CONTINUOUS
100
AcDbLine
 10
109.2856559999999888
 20
-101.3475799999999936
 30
0
 11
109.5751069999999885
 21
-101.7979749999999939
 31
0
  0
LINE
  5
2E6
330
1B
100
AcDbEntity
  8
B.Mask
  6
CONTINUOUS
100
AcDbLine
 10
109.5751069999999885
 20
-101.7979749999999939
 30
0
 11
109.8316899999999947
 21
-102.2678709999999995
 31
0
  0
LINE
  5
2E7
330
1B
100
AcDbEntity
  8
B.Mask
  6
CONTINUOUS
100
AcDbLine
 10
109.8316899999999947
 20
-102.2678709999999995
 30
0
 11
110.0540960000000013
 21
-102.7548740000000009
 31
0
  0
LINE
  5
2E8
330
1B
100
AcDbEntity
  8
B.Mask
  6
CONTINUOUS
100
AcDbLine
 10
110.0540960000000013
 20
-102.7548740000000009
 30
0
 11
110.241193999999993
 21
-103.256502999999995
 31
0
  0
LINE
  5
2E9
330
1B
100
AcDbEntity
  8
B.Mask
  6
CONTINUOUS
100
AcDbLine
 10
110.241193999999993
 20
-103.256502999999995
 30
0
 11
110.3920299999999912
 21
-103.7702010000000001
 31
0
  0
LINE
  5
2EA
330
1B
100
AcDbEntity
  8
B.Mask
  6
CONTINUOUS
100
AcDbLine
 10
110.3920299999999912
 20
-103.7702010000000001
 30
0
 11
110.505833999999993
 21
-104.2933510000000012
 31
0
  0
LINE
  5
2EB
330
1B
100
AcDbEntity
  8
B.Mask
  6
CONTINUOUS
100
AcDbLine
 10
110.505833999999993
 20
-104.2933510000000012
 30
0
 11
110.5820269999999965
 21
-104.8232869999999934
 31
0
  0
LINE
  5
2EC
330
1B
100
AcDbEntity
  8
B.Mask
  6
CONTINUOUS
100
AcDbLine
 10
110.5820269999999965
 20
-104.8232869999999934
 30
0
 11
110.6202210000000008
 21
-105.3573069999999916
 31
0
  0
LINE
  5
2ED
330
1B
100
AcDbEntity
  8
B.Mask
  6
CONTINUOUS
100
AcDbLine
 10
110.6202210000000008
 20
-105.3573069999999916
 30
0
 11
110.6202210000000008
 21
-105.8926929999999942
 31
0
  0
LINE
  5
2EE
330
1B
100
AcDbEntity
  8
B.Mask
  6
CONTINUOUS
100
AcDbLine
 10
110.6202210000000008
 20
-105.8926929999999942
 30
0
 11
110.5820269999999965
 21
-106.4267129999999923
 31
0
  0
LINE
  5
2EF
330
1B
100
AcDbEntity
  8
B.Mask
  6
CONTINUOUS
100
AcDbLine
 10
110.5820269999999965
 20
-106.4267129999999923
 30
0
 11
110.505833999999993
 21
-106.9566489999999988
 31
0
  0
LINE
  5
2F0
330
1B
100
AcDbEntity
  8
B.Mask
  6
CONTINUOUS
100
AcDbLine
 10
110.505833999999993
 20
-106.9566489999999988
 30
0
 11
110.3920299999999912
 21
-107.4797989999999999
 31
0
  0
LINE
  5
2F1
330
1B
100
AcDbEntity
  8
B.Mask
  6
CONTINUOUS
100
AcDbLine
 10
110.3920299999999912
 20
-107.4797989999999999
 30
0
 11
110.241193999999993
 21
-107.9934969999999907
 31
0
  0
LINE
  5
2F2
330
1B
100
AcDbEntity
  8
B.Mask
  6
CONTINUOUS
100
AcDbLine
 10
110.241193999999993
 20
-107.9934969999999907
 30
0
 11
110.0540960000000013
 21
-108.4951259999999991
 31
0
  0
LINE
  5
2F3
330
1B
100
AcDbEntity
  8
B.Mask
  6
CONTINUOUS
100
AcDbLine
 10
110.0540960000000013
 20
-108.4951259999999991
 30
0
 11
109.8316899999999947
 21
-108.9821290000000005
 31
0
  0
LINE
  5
2F4
330
1B
100
AcDbEntity
  8
B.Mask
  6
CONTINUOUS
100
AcDbLine
 10
109.8316899999999947
 20
-108.9821290000000005
 30
0
 11
109.5751069999999885
 21
-109.4520249999999919
 31
0
  0
LINE
  5
2F5
330
1B
100
AcDbEntity
  8
B.Mask
  6
CONTINUOUS
100
AcDbLine
 10
109.5751069999999885
 20
-109.4520249999999919
 30
0
 11
109.2856559999999888
 21
-109.9024199999999922
 31
0
  0
LINE
  5
2F6
330
1B
100
AcDbEntity
  8
B.Mask
  6
CONTINUOUS
100
AcDbLine
 10
109.2856559999999888
 20
-109.9024199999999922
 30
0
 11
108.9648119999999949
 21
-110.3310180000000003
 31
0
  0
LINE
  5
2F7
330
1B
100
AcDbEntity
  8
B.Mask
  6
CONTINUOUS
100
AcDbLine
 10
108.9648119999999949
 20
-110.3310180000000003
 30
0
 11
108.6142089999999882
 21
-110.735635000000002
 31
0
  0
LINE
  5
2F8
330
1B
100
AcDbEntity
  8
B.Mask
  6
CONTINUOUS
100
AcDbLine
 10
108.6142089999999882
 20
-110.735635000000002
 30
0
 11
108.235635000000002
 21
-111.1142089999999882
 31
0
  0
LINE
  5
2F9
330
1B
100
AcDbEntity
  8
B.Mask
  6
CONTINUOUS
100
AcDbLine
 10
108.235635000000002
 20
-111.1142089999999882
 30
0
 11
107.8310180000000003
 21
-111.4648119999999949
 31
0
  0
LINE
  5
2FA
330
1B
100
AcDbEntity
  8
B.Mask
  6
CONTINUOUS
100
AcDbLine
 10
107.8310180000000003
 20
-111.4648119999999949
 30
0
 11
107.4024199999999922
 21
-111.7856559999999888
 31
0
  0
LINE
  5
2FB
330
1B
100
AcDbEntity
  8
B.Mask
  6
CONTINUOUS
100
AcDbLine
 10
107.4024199999999922
 20
-111.7856559999999888
 30
0
 11
106.9520249999999919
 21
-112.0751069999999885
 31
0
  0
LINE
  5
2FC
330
1B
100
AcDbEntity
  8
B.Mask
  6
CONTINUOUS
100
AcDbLine
 10
106.9520249999999919
 20
-112.0751069999999885
 30
0
 11
106.4821290000000005
 21
-112.3316899999999947
 31
0
  0
LINE
  5
2FD
330
1B
100
AcDbEntity
  8
B.Mask
  6
CONTINUOUS
100
AcDbLine
 10
106.4821290000000005
 20
-112.3316899999999947
 30
0
 11
105.9951259999999991
 21
-112.5540960000000013
 31
0
  0
LINE
  5
2FE
330
1B
100
AcDbEntity
  8
B.Mask
  6
CONTINUOUS
100
AcDbLine
 10
105.9951259999999991
 20
-112.5540960000000013
 30
0
 11
105.4934969999999907
 21
-112.741193999999993
 31
0
  0
LINE
  5
2FF
330
1B
100
AcDbEntity
  8
B.Mask
  6
CONTINUOUS
100
AcDbLine
 10
105.4934969999999907
 20
-112.741193999999993
 30
0
 11
104.9797989999999999
 21
-112.8920299999999912
 31
0
  0
LINE
  5
300
330
1B
100
AcDbEntity
  8
B.Mask
  6
CONTINUOUS
100
AcDbLine
 10
104.9797989999999999
 20
-112.8920299999999912
 30
0
 11
104.4566489999999988
 21
-113.005833999999993
 31
0
  0
LINE
  5
301
330
1B
100
AcDbEntity
  8
B.Mask
  6
CONTINUOUS
100
AcDbLine
 10
104.4566489999999988
 20
-113.005833999999993
 30
0
 11
103.9267129999999923
 21
-113.0820269999999965
 31
0
  0
LINE
  5
302
330
1B
100
AcDbEntity
  8
B.Mask
  6
CONTINUOUS
100
AcDbLine
 10
103.9267129999999923
 20
-113.0820269999999965
 30
0
 11
103.3926929999999942
 21
-113.1202210000000008
 31
0
  0
LINE
  5
303
330
1B
100
AcDbEntity
  8
B.Mask
  6
CONTINUOUS
100
AcDbLine
 10
103.3926929999999942
 20
-113.1202210000000008
 30
0
 11
102.8573069999999916
 21
-113.1202210000000008
 31
0
  0
LINE
  5
304
330
1B
100
AcDbEntity
  8
B.Mask
  6
CONTINUOUS
100
AcDbLine
 10
102.8573069999999916
 20
-113.1202210000000008
 30
0
 11
102.3232869999999934
 21
-113.0820269999999965
 31
0
  0
LINE
  5
305
330
1B
100
AcDbEntity
  8
B.Mask
  6
CONTINUOUS
100
AcDbLine
 10
102.3232869999999934
 20
-113.0820269999999965
 30
0
 11
101.7933510000000012
 21
-113.005833999999993
 31
0
  0
LINE
  5
306
330
1B
100
AcDbEntity
  8
B.Mask
  6
CONTINUOUS
100
AcDbLine
 10
101.7933510000000012
 20
-113.005833999999993
 30
0
 11
101.2702010000000001
 21
-112.8920299999999912
 31
0
  0
LINE
  5
307
330
1B
100
AcDbEntity
  8
B.Mask
  6
CONTINUOUS
100
AcDbLine
 10
101.2702010000000001
 20
-112.8920299999999912
 30
0
 11
100.756502999999995
 21
-112.741193999999993
 31
0
  0
LINE
  5
308
330
1B
100
AcDbEntity
  8
B.Mask
  6
CONTINUOUS
100
AcDbLine
 10
100.756502999999995
 20
-112.741193999999993
 30
0
 11
100.2548740000000009
 21
-112.5540960000000013
 31
0
  0
LINE
  5
309
330
1B
100
AcDbEntity
  8
B.Mask
  6
CONTINUOUS
100
AcDbLine
 10
100.2548740000000009
 20
-112.5540960000000013
 30
0
 11
99.7678709999999995
 21
-112.3316899999999947
 31
0
  0
LINE
  5
30A
330
1B
100
AcDbEntity
  8
B.Mask
  6
CONTINUOUS
100
AcDbLine
 10
99.7678709999999995
 20
-112.3316899999999947
 30
0
 11
99.2979749999999939
 21
-112.0751069999999885
 31
0
  0
LINE
  5
30B
330
1B
100
AcDbEntity
  8
B.Mask
  6
CONTINUOUS
100
AcDbLine
 10
99.2979749999999939
 20
-112.0751069999999885
 30
0
 11
98.8475799999999936
 21
-111.7856559999999888
 31
0
  0
LINE
  5
30C
330
1B
100
AcDbEntity
  8
B.Mask
  6
CONTINUOUS
100
AcDbLine
 10
98.8475799999999936
 20
-111.7856559999999888
 30
0
 11
98.4189819999999997
 21
-111.4648119999999949
 31
0
  0
LINE
  5
30D
330
1B
100
AcDbEntity
  8
B.Mask
  6
CONTINUOUS
100
AcDbLine
 10
98.4189819999999997
 20
-111.4648119999999949
 30
0
 11
98.014364999999998
 21
-111.1142089999999882
 31
0
  0
LINE
  5
30E
330
1B
100
AcDbEntity
  8
B.Mask
  6
CONTINUOUS
100
AcDbLine
 10
98.014364999999998
 20
-111.1142089999999882
 30
0
 11
97.6357909999999976
 21
-110.735635000000002
 31
0
  0
LINE
  5
30F
330
1B
100
AcDbEntity
  8
B.Mask
  6
CONTINUOUS
100
AcDbLine
 10
97.6357909999999976
 20
-110.735635000000002
 30
0
 11
97.2851879999999909
 21
-110.3310180000000003
 31
0
  0
LINE
  5
310
330
1B
100
AcDbEntity
  8
B.Mask
  6
CONTINUOUS
100
AcDbLine
 10
97.2851879999999909
 20
-110.3310180000000003
 30
0
 11
96.964343999999997
 21
-109.9024199999999922
 31
0
  0
LINE
  5
311
330
1B
100
AcDbEntity
  8
B.Mask
  6
CONTINUOUS
100
AcDbLine
 10
96.964343999999997
 20
-109.9024199999999922
 30
0
 11
96.6748929999999973
 21
-109.4520249999999919
 31
0
  0
LINE
  5
312
330
1B
100
AcDbEntity
  8
B.Mask
  6
CONTINUOUS
100
AcDbLine
 10
96.6748929999999973
 20
-109.4520249999999919
 30
0
 11
96.4183099999999911
 21
-108.9821290000000005
 31
0
  0
LINE
  5
313
330
1B
100
AcDbEntity
  8
B.Mask
  6
CONTINUOUS
100
AcDbLine
 10
96.4183099999999911
 20
-108.9821290000000005
 30
0
 11
96.1959039999999987
 21
-108.4951259999999991
 31
0
  0
LINE
  5
314
330
1B
100
AcDbEntity
  8
B.Mask
  6
CONTINUOUS
100
AcDbLine
 10
96.1959039999999987
 20
-108.4951259999999991
 30
0
 11
96.0088059999999928
 21
-107.9934969999999907
 31
0
  0
LINE
  5
315
330
1B
100
AcDbEntity
  8
B.Mask
  6
CONTINUOUS
100
AcDbLine
 10
96.0088059999999928
 20
-107.9934969999999907
 30
0
 11
95.8579699999999946
 21
-107.4797989999999999
 31
0
  0
LINE
  5
316
330
1B
100
AcDbEntity
  8
B.Mask
  6
CONTINUOUS
100
AcDbLine
 10
95.8579699999999946
 20
-107.4797989999999999
 30
0
 11
95.7441659999999928
 21
-106.9566489999999988
 31
0
  0
LINE
  5
317
330
1B
100
AcDbEntity
  8
B.Mask
  6
CONTINUOUS
100
AcDbLine
 10
95.7441659999999928
 20
-106.9566489999999988
 30
0
 11
95.6679729999999893
 21
-106.4267129999999923
 31
0
  0
LINE
  5
318
330
1B
100
AcDbEntity
  8
B.Mask
  6
CONTINUOUS
100
AcDbLine
 10
95.6679729999999893
 20
-106.4267129999999923
 30
0
 11
95.6297789999999992
 21
-105.8926929999999942
 31
0
  0
LINE
  5
319
330
1B
100
AcDbEntity
  8
B.Mask
  6
CONTINUOUS
100
AcDbLine
 10
95.6297789999999992
 20
-105.8926929999999942
 30
0
 11
95.6297789999999992
 21
-105.3573069999999916
 31
0
  0
LINE
  5
31A
330
1B
100
AcDbEntity
  8
B.Mask
  6
CONTINUOUS
100
AcDbLine
 10
95.6297789999999992
 20
-105.3573069999999916
 30
0
 11
95.6679729999999893
 21
-104.8232869999999934
 31
0
  0
LINE
  5
31B
330
1B
100
AcDbEntity
  8
B.Mask
  6
CONTINUOUS
100
AcDbLine
 10
95.6679729999999893
 20
-104.8232869999999934
 30
0
 11
95.7441659999999928
 21
-104.2933510000000012
 31
0
  0
LINE
  5
31C
330
1B
100
AcDbEntity
  8
B.Mask
  6
CONTINUOUS
100
AcDbLine
 10
95.7441659999999928
 20
-104.2933510000000012
 30
0
 11
95.8579699999999946
 21
-103.7702010000000001
 31
0
  0
LINE
  5
31D
330
1B
100
AcDbEntity
  8
B.Mask
  6
CONTINUOUS
100
AcDbLine
 10
95.8579699999999946
 20
-103.7702010000000001
 30
0
 11
96.0088059999999928
 21
-103.256502999999995
 31
0
  0
LINE
  5
31E
330
1B
100
AcDbEntity
  8
B.Mask
  6
CONTINUOUS
100
AcDbLine
 10
96.0088059999999928
 20
-103.256502999999995
 30
0
 11
96.1959039999999987
 21
-102.7548740000000009
 31
0
  0
LINE
  5
31F
330
1B
100
AcDbEntity
  8
B.Mask
  6
CONTINUOUS
100
AcDbLine
 10
96.1959039999999987
 20
-102.7548740000000009
 30
0
 11
96.4183099999999911
 21
-102.2678709999999995
 31
0
  0
LINE
  5
320
330
1B
100
AcDbEntity
  8
B.Mask
  6
CONTINUOUS
100
AcDbLine
 10
96.4183099999999911
 20
-102.2678709999999995
 30
0
 11
96.6748929999999973
 21
-101.7979749999999939
 31
0
  0
LINE
  5
321
330
1B
100
AcDbEntity
  8
B.Mask
  6
CONTINUOUS
100
AcDbLine
 10
96.6748929999999973
 20
-101.7979749999999939
 30
0
 11
96.964343999999997
 21
-101.3475799999999936
 31
0
  0
LINE
  5
322
330
1B
100
AcDbEntity
  8
B.Mask
  6
CONTINUOUS
100
AcDbLine
 10
96.964343999999997
 20
-101.3475799999999936
 30
0
 11
97.2851879999999909
 21
-100.9189819999999997
 31
0
  0
LINE
  5
323
330
1B
100
AcDbEntity
  8
B.Mask
  6
CONTINUOUS
100
AcDbLine
 10
97.2851879999999909
 20
-100.9189819999999997
 30
0
 11
97.6357909999999976
 21
-100.514364999999998
 31
0
  0
LINE
  5
324
330
1B
100
AcDbEntity
  8
B.Mask
  6
CONTINUOUS
100
AcDbLine
 10
97.6357909999999976
 20
-100.514364999999998
 30
0
 11
98.014364999999998
 21
-100.1357909999999976
 31
0
  0
LINE
  5
325
330
1B
100
AcDbEntity
  8
B.Mask
  6
CONTINUOUS
100
AcDbLine
 10
98.014364999999998
 20
-100.1357909999999976
 30
0
 11
98.4189819999999997
 21
-99.7851879999999909
 31
0
  0
LINE
  5
326
330
1B
100
AcDbEntity
  8
B.Mask
  6
CONTINUOUS
100
AcDbLine
 10
98.4189819999999997
 20
-99.7851879999999909
 30
0
 11
98.8475799999999936
 21
-99.464343999999997
 31
0
  0
LINE
  5
327
330
1B
100
AcDbEntity
  8
B.Mask
  6
CONTINUOUS
100
AcDbLine
 10
98.8475799999999936
 20
-99.464343999999997
 30
0
 11
99.2979749999999939
 21
-99.1748929999999973
 31
0
  0
LINE
  5
328
330
1B
100
AcDbEntity
  8
B.Mask
  6
CONTINUOUS
100
AcDbLine
 10
99.2979749999999939
 20
-99.1748929999999973
 30
0
 11
99.7678709999999995
 21
-98.9183099999999911
 31
0
  0
LINE
  5
329
330
1B
100
AcDbEntity
  8
B.Mask
  6
CONTINUOUS
100
AcDbLine
 10
99.7678709999999995
 20
-98.9183099999999911
 30
0
 11
100.2548740000000009
 21
-98.6959039999999987
 31
0
  0
LINE
  5
32A
330
1B
100
AcDbEntity
  8
B.Mask
  6
CONTINUOUS
100
AcDbLine
 10
100.2548740000000009
 20
-98.6959039999999987
 30
0
 11
100.756502999999995
 21
-98.5088059999999928
 31
0
  0
LINE
  5
32B
330
1B
100
AcDbEntity
  8
B.Mask
  6
CONTINUOUS
100
AcDbLine
 10
100.756502999999995
 20
-98.5088059999999928
 30
0
 11
101.2702010000000001
 21
-98.3579699999999946
 31
0
  0
LINE
  5
32C
330
1B
100
AcDbEntity
  8
B.Mask
  6
CONTINUOUS
100
AcDbLine
 10
101.2702010000000001
 20
-98.3579699999999946
 30
0
 11
101.7933510000000012
 21
-98.2441659999999928
 31
0
  0
LINE
  5
32D
330
1B
100
AcDbEntity
  8
B.Mask
  6
CONTINUOUS
100
AcDbLine
 10
101.7933510000000012
 20
-98.2441659999999928
 30
0
 11
102.3232869999999934
 21
-98.1679729999999893
 31
0
  0
LINE
  5
32E
330
1B
100
AcDbEntity
  8
B.Mask
  6
CONTINUOUS
100
AcDbLine
 10
102.3232869999999934
 20
-98.1679729999999893
 30
0
 11
102.8573069999999916
 21
-98.1297789999999992
 31
0
  0
LINE
  5
32F
330
1B
100
AcDbEntity
  8
B.Mask
  6
CONTINUOUS
100
AcDbLine
 10
102.8573069999999916
 20
-98.1297789999999992
 30
0
 11
103.3926929999999942
 21
-98.1297789999999992
 31
0
  0
LINE
  5
330
330
1B
100
AcDbEntity
  8
B.Mask
  6
CONTINUOUS
100
AcDbLine
 10
103.3926929999999942
 20
-98.1297789999999992
 30
0
 11
103.9267129999999923
 21
-98.1679729999999893
 31
0
  0
LINE
  5
331
330
1B
100
AcDbEntity
  8
B.Mask
  6
CONTINUOUS
100
AcDbLine
 10
130.9267130000000066
 20
-98.1679729999999893
 30
0
 11
131.4566489999999988
 21
-98.2441659999999928
 31
0
  0
LINE
  5
332
330
1B
100
AcDbEntity
  8
B.Mask
  6
CONTINUOUS
100
AcDbLine
 10
131.4566489999999988
 20
-98.2441659999999928
 30
0
 11
131.9797989999999857
 21
-98.3579699999999946
 31
0
  0
LINE
  5
333
330
1B
100
AcDbEntity
  8
B.Mask
  6
CONTINUOUS
100
AcDbLine
 10
131.9797989999999857
 20
-98.3579699999999946
 30
0
 11
132.4934969999999907
 21
-98.5088059999999928
 31
0
  0
LINE
  5
334
330
1B
100
AcDbEntity
  8
B.Mask
  6
CONTINUOUS
100
AcDbLine
 10
132.4934969999999907
 20
-98.5088059999999928
 30
0
 11
132.9951259999999991
 21
-98.6959039999999987
 31
0
  0
LINE
  5
335
330
1B
100
AcDbEntity
  8
B.Mask
  6
CONTINUOUS
100
AcDbLine
 10
132.9951259999999991
 20
-98.6959039999999987
 30
0
 11
133.4821289999999863
 21
-98.9183099999999911
 31
0
  0
LINE
  5
336
330
1B
100
AcDbEntity
  8
B.Mask
  6
CONTINUOUS
100
AcDbLine
 10
133.4821289999999863
 20
-98.9183099999999911
 30
0
 11
133.9520249999999919
 21
-99.1748929999999973
 31
0
  0
LINE
  5
337
330
1B
100
AcDbEntity
  8
B.Mask
  6
CONTINUOUS
100
AcDbLine
 10
133.9520249999999919
 20
-99.1748929999999973
 30
0
 11
134.4024200000000064
 21
-99.464343999999997
 31
0
  0
LINE
  5
338
330
1B
100
AcDbEntity
  8
B.Mask
  6
CONTINUOUS
100
AcDbLine
 10
134.4024200000000064
 20
-99.464343999999997
 30
0
 11
134.8310180000000003
 21
-99.7851879999999909
 31
0
  0
LINE
  5
339
330
1B
100
AcDbEntity
  8
B.Mask
  6
CONTINUOUS
100
AcDbLine
 10
134.8310180000000003
 20
-99.7851879999999909
 30
0
 11
135.235635000000002
 21
-100.1357909999999976
 31
0
  0
LINE
  5
33A
330
1B
100
AcDbEntity
  8
B.Mask
  6
CONTINUOUS
100
AcDbLine
 10
135.235635000000002
 20
-100.1357909999999976
 30
0
 11
135.6142089999999882
 21
-100.514364999999998
 31
0
  0
LINE
  5
33B
330
1B
100
AcDbEntity
  8
B.Mask
  6
CONTINUOUS
100
AcDbLine
 10
135.6142089999999882
 20
-100.514364999999998
 30
0
 11
135.9648119999999949
 21
-100.9189819999999997
 31
0
  0
LINE
  5
33C
330
1B
100
AcDbEntity
  8
B.Mask
  6
CONTINUOUS
100
AcDbLine
 10
135.9648119999999949
 20
-100.9189819999999997
 30
0
 11
136.2856559999999888
 21
-101.3475799999999936
 31
0
  0
LINE
  5
33D
330
1B
100
AcDbEntity
  8
B.Mask
  6
CONTINUOUS
100
AcDbLine
 10
136.2856559999999888
 20
-101.3475799999999936
 30
0
 11
136.5751070000000027
 21
-101.7979749999999939
 31
0
  0
LINE
  5
33E
330
1B
100
AcDbEntity
  8
B.Mask
  6
CONTINUOUS
100
AcDbLine
 10
136.5751070000000027
 20
-101.7979749999999939
 30
0
 11
136.8316899999999805
 21
-102.2678709999999995
 31
0
  0
LINE
  5
33F
330
1B
100
AcDbEntity
  8
B.Mask
  6
CONTINUOUS
100
AcDbLine
 10
136.8316899999999805
 20
-102.2678709999999995
 30
0
 11
137.054095999999987
 21
-102.7548740000000009
 31
0
  0
LINE
  5
340
330
1B
100
AcDbEntity
  8
B.Mask
  6
CONTINUOUS
100
AcDbLine
 10
137.054095999999987
 20
-102.7548740000000009
 30
0
 11
137.2411940000000072
 21
-103.256502999999995
 31
0
  0
LINE
  5
341
330
1B
100
AcDbEntity
  8
B.Mask
  6
CONTINUOUS
100
AcDbLine
 10
137.2411940000000072
 20
-103.256502999999995
 30
0
 11
137.3920300000000054
 21
-103.7702010000000001
 31
0
  0
LINE
  5
342
330
1B
100
AcDbEntity
  8
B.Mask
  6
CONTINUOUS
100
AcDbLine
 10
137.3920300000000054
 20
-103.7702010000000001
 30
0
 11
137.505833999999993
 21
-104.2933510000000012
 31
0
  0
LINE
  5
343
330
1B
100
AcDbEntity
  8
B.Mask
  6
CONTINUOUS
100
AcDbLine
 10
137.505833999999993
 20
-104.2933510000000012
 30
0
 11
137.5820269999999823
 21
-104.8232869999999934
 31
0
  0
LINE
  5
344
330
1B
100
AcDbEntity
  8
B.Mask
  6
CONTINUOUS
100
AcDbLine
 10
137.5820269999999823
 20
-104.8232869999999934
 30
0
 11
137.6202209999999866
 21
-105.3573069999999916
 31
0
  0
LINE
  5
345
330
1B
100
AcDbEntity
  8
B.Mask
  6
CONTINUOUS
100
AcDbLine
 10
137.6202209999999866
 20
-105.3573069999999916
 30
0
 11
137.6202209999999866
 21
-105.8926929999999942
 31
0
  0
LINE
  5
346
330
1B
100
AcDbEntity
  8
B.Mask
  6
CONTINUOUS
100
AcDbLine
 10
137.6202209999999866
 20
-105.8926929999999942
 30
0
 11
137.5820269999999823
 21
-106.4267129999999923
 31
0
  0
LINE
  5
347
330
1B
100
AcDbEntity
  8
B.Mask
  6
CONTINUOUS
100
AcDbLine
 10
137.5820269999999823
 20
-106.4267129999999923
 30
0
 11
137.505833999999993
 21
-106.9566489999999988
 31
0
  0
LINE
  5
348
330
1B
100
AcDbEntity
  8
B.Mask
  6
CONTINUOUS
100
AcDbLine
 10
137.505833999999993
 20
-106.9566489999999988
 30
0
 11
137.3920300000000054
 21
-107.4797989999999999
 31
0
  0
LINE
  5
349
330
1B
100
AcDbEntity
  8
B.Mask
  6
CONTINUOUS
100
AcDbLine
 10
137.3920300000000054
 20
-107.4797989999999999
 30
0
 11
137.2411940000000072
 21
-107.9934969999999907
 31
0
  0
LINE
  5
34A
330
1B
100
AcDbEntity
  8
B.Mask
  6
CONTINUOUS
100
AcDbLine
 10
137.2411940000000072
 20
-107.9934969999999907
 30
0
 11
137.054095999999987
 21
-108.4951259999999991
 31
0
  0
LINE
  5
34B
330
1B
100
AcDbEntity
  8
B.Mask
  6
CONTINUOUS
100
AcDbLine
 10
137.054095999999987
 20
-108.4951259999999991
 30
0
 11
136.8316899999999805
 21
-108.9821290000000005
 31
0
  0
LINE
  5
34C
330
1B
100
AcDbEntity
  8
B.Mask
  6
CONTINUOUS
100
AcDbLine
 10
136.8316899999999805
 20
-108.9821290000000005
 30
0
 11
136.5751070000000027
 21
-109.4520249999999919
 31
0
  0
LINE
  5
34D
330
1B
100
AcDbEntity
  8
B.Mask
  6
CONTINUOUS
100
AcDbLine
 10
136.5751070000000027
 20
-109.4520249999999919
 30
0
 11
136.2856559999999888
 21
-109.9024199999999922
 31
0
  0
LINE
  5
34E
330
1B
100
AcDbEntity
  8
B.Mask
  6
CONTINUOUS
100
AcDbLine
 10
136.2856559999999888
 20
-109.9024199999999922
 30
0
 11
135.9648119999999949
 21
-110.3310180000000003
 31
0
  0
LINE
  5
34F
330
1B
100
AcDbEntity
  8
B.Mask
  6
CONTINUOUS
100
AcDbLine
 10
135.9648119999999949
 20
-110.3310180000000003
 30
0
 11
135.6142089999999882
 21
-110.735635000000002
 31
0
  0
LINE
  5
350
330
1B
100
AcDbEntity
  8
B.Mask
  6
CONTINUOUS
100
AcDbLine
 10
135.6142089999999882
 20
-110.735635000000002
 30
0
 11
135.235635000000002
 21
-111.1142089999999882
 31
0
  0
LINE
  5
351
330
1B
100
AcDbEntity
  8
B.Mask
  6
CONTINUOUS
100
AcDbLine
 10
135.235635000000002
 20
-111.1142089999999882
 30
0
 11
134.8310180000000003
 21
-111.4648119999999949
 31
0
  0
LINE
  5
352
330
1B
100
AcDbEntity
  8
B.Mask
  6
CONTINUOUS
100
AcDbLine
 10
134.8310180000000003
 20
-111.4648119999999949
 30
0
 11
134.4024200000000064
 21
-111.7856559999999888
 31
0
  0
LINE
  5
353
330
1B
100
AcDbEntity
  8
B.Mask
  6
CONTINUOUS
100
AcDbLine
 10
134.4024200000000064
 20
-111.7856559999999888
 30
0
 11
133.9520249999999919
 21
-112.0751069999999885
 31
0
  0
LINE
  5
354
330
1B
100
AcDbEntity
  8
B.Mask
  6
CONTINUOUS
100
AcDbLine
 10
133.9520249999999919
 20
-112.0751069999999885
 30
0
 11
133.4821289999999863
 21
-112.3316899999999947
 31
0
  0
LINE
  5
355
330
1B
100
AcDbEntity
  8
B.Mask
  6
CONTINUOUS
100
AcDbLine
 10
133.4821289999999863
 20
-112.3316899999999947
 30
0
 11
132.9951259999999991
 21
-112.5540960000000013
 31
0
  0
LINE
  5
356
330
1B
100
AcDbEntity
  8
B.Mask
  6
CONTINUOUS
100
AcDbLine
 10
132.9951259999999991
 20
-112.5540960000000013
 30
0
 11
132.4934969999999907
 21
-112.741193999999993
 31
0
  0
LINE
  5
357
330
1B
100
AcDbEntity
  8
B.Mask
  6
CONTINUOUS
100
AcDbLine
 10
132.4934969999999907
 20
-112.741193999999993
 30
0
 11
131.9797989999999857
 21
-112.8920299999999912
 31
0
  0
LINE
  5
358
330
1B
100
AcDbEntity
  8
B.Mask
  6
CONTINUOUS
100
AcDbLine
 10
131.9797989999999857
 20
-112.8920299999999912
 30
0
 11
131.4566489999999988
 21
-113.005833999999993
 31
0
  0
LINE
  5
359
330
1B
100
AcDbEntity
  8
B.Mask
  6
CONTINUOUS
100
AcDbLine
 10
131.4566489999999988
 20
-113.005833999999993
 30
0
 11
130.9267130000000066
 21
-113.0820269999999965
 31
0
  0
LINE
  5
35A
330
1B
100
AcDbEntity
  8
B.Mask
  6
CONTINUOUS
100
AcDbLine
 10
130.9267130000000066
 20
-113.0820269999999965
 30
0
 11
130.39269299999998
 21
-113.1202210000000008
 31
0
  0
LINE
  5
35B
330
1B
100
AcDbEntity
  8
B.Mask
  6
CONTINUOUS
100
AcDbLine
 10
130.39269299999998
 20
-113.1202210000000008
 30
0
 11
129.8573069999999916
 21
-113.1202210000000008
 31
0
  0
LINE
  5
35C
330
1B
100
AcDbEntity
  8
B.Mask
  6
CONTINUOUS
100
AcDbLine
 10
129.8573069999999916
 20
-113.1202210000000008
 30
0
 11
129.3232869999999934
 21
-113.0820269999999965
 31
0
  0
LINE
  5
35D
330
1B
100
AcDbEntity
  8
B.Mask
  6
CONTINUOUS
100
AcDbLine
 10
129.3232869999999934
 20
-113.0820269999999965
 30
0
 11
128.7933510000000012
 21
-113.005833999999993
 31
0
  0
LINE
  5
35E
330
1B
100
AcDbEntity
  8
B.Mask
  6
CONTINUOUS
100
AcDbLine
 10
128.7933510000000012
 20
-113.005833999999993
 30
0
 11
128.2702009999999859
 21
-112.8920299999999912
 31
0
  0
LINE
  5
35F
330
1B
100
AcDbEntity
  8
B.Mask
  6
CONTINUOUS
100
AcDbLine
 10
128.2702009999999859
 20
-112.8920299999999912
 30
0
 11
127.756502999999995
 21
-112.741193999999993
 31
0
  0
LINE
  5
360
330
1B
100
AcDbEntity
  8
B.Mask
  6
CONTINUOUS
100
AcDbLine
 10
127.756502999999995
 20
-112.741193999999993
 30
0
 11
127.2548740000000009
 21
-112.5540960000000013
 31
0
  0
LINE
  5
361
330
1B
100
AcDbEntity
  8
B.Mask
  6
CONTINUOUS
100
AcDbLine
 10
127.2548740000000009
 20
-112.5540960000000013
 30
0
 11
126.7678709999999995
 21
-112.3316899999999947
 31
0
  0
LINE
  5
362
330
1B
100
AcDbEntity
  8
B.Mask
  6
CONTINUOUS
100
AcDbLine
 10
126.7678709999999995
 20
-112.3316899999999947
 30
0
 11
126.2979749999999939
 21
-112.0751069999999885
 31
0
  0
LINE
  5
363
330
1B
100
AcDbEntity
  8
B.Mask
  6
CONTINUOUS
100
AcDbLine
 10
126.2979749999999939
 20
-112.0751069999999885
 30
0
 11
125.8475799999999936
 21
-111.7856559999999888
 31
0
  0
LINE
  5
364
330
1B
100
AcDbEntity
  8
B.Mask
  6
CONTINUOUS
100
AcDbLine
 10
125.8475799999999936
 20
-111.7856559999999888
 30
0
 11
125.4189819999999997
 21
-111.4648119999999949
 31
0
  0
LINE
  5
365
330
1B
100
AcDbEntity
  8
B.Mask
  6
CONTINUOUS
100
AcDbLine
 10
125.4189819999999997
 20
-111.4648119999999949
 30
0
 11
125.014364999999998
 21
-111.1142089999999882
 31
0
  0
LINE
  5
366
330
1B
100
AcDbEntity
  8
B.Mask
  6
CONTINUOUS
100
AcDbLine
 10
125.014364999999998
 20
-111.1142089999999882
 30
0
 11
124.6357909999999976
 21
-110.735635000000002
 31
0
  0
LINE
  5
367
330
1B
100
AcDbEntity
  8
B.Mask
  6
CONTINUOUS
100
AcDbLine
 10
124.6357909999999976
 20
-110.735635000000002
 30
0
 11
124.2851879999999909
 21
-110.3310180000000003
 31
0
  0
LINE
  5
368
330
1B
100
AcDbEntity
  8
B.Mask
  6
CONTINUOUS
100
AcDbLine
 10
124.2851879999999909
 20
-110.3310180000000003
 30
0
 11
123.964343999999997
 21
-109.9024199999999922
 31
0
  0
LINE
  5
369
330
1B
100
AcDbEntity
  8
B.Mask
  6
CONTINUOUS
100
AcDbLine
 10
123.964343999999997
 20
-109.9024199999999922
 30
0
 11
123.6748929999999973
 21
-109.4520249999999919
 31
0
  0
LINE
  5
36A
330
1B
100
AcDbEntity
  8
B.Mask
  6
CONTINUOUS
100
AcDbLine
 10
123.6748929999999973
 20
-109.4520249999999919
 30
0
 11
123.4183099999999911
 21
-108.9821290000000005
 31
0
  0
LINE
  5
36B
330
1B
100
AcDbEntity
  8
B.Mask
  6
CONTINUOUS
100
AcDbLine
 10
123.4183099999999911
 20
-108.9821290000000005
 30
0
 11
123.1959039999999987
 21
-108.4951259999999991
 31
0
  0
LINE
  5
36C
330
1B
100
AcDbEntity
  8
B.Mask
  6
CONTINUOUS
100
AcDbLine
 10
123.1959039999999987
 20
-108.4951259999999991
 30
0
 11
123.0088059999999928
 21
-107.9934969999999907
 31
0
  0
LINE
  5
36D
330
1B
100
AcDbEntity
  8
B.Mask
  6
CONTINUOUS
100
AcDbLine
 10
123.0088059999999928
 20
-107.9934969999999907
 30
0
 11
122.8579699999999946
 21
-107.4797989999999999
 31
0
  0
LINE
  5
36E
330
1B
100
AcDbEntity
  8
B.Mask
  6
CONTINUOUS
100
AcDbLine
 10
122.8579699999999946
 20
-107.4797989999999999
 30
0
 11
122.7441659999999928
 21
-106.9566489999999988
 31
0
  0
LINE
  5
36F
330
1B
100
AcDbEntity
  8
B.Mask
  6
CONTINUOUS
100
AcDbLine
 10
122.7441659999999928
 20
-106.9566489999999988
 30
0
 11
122.6679729999999893
 21
-106.4267129999999923
 31
0
  0
LINE
  5
370
330
1B
100
AcDbEntity
  8
B.Mask
  6
CONTINUOUS
100
AcDbLine
 10
122.6679729999999893
 20
-106.4267129999999923
 30
0
 11
122.6297789999999992
 21
-105.8926929999999942
 31
0
  0
LINE
  5
371
330
1B
100
AcDbEntity
  8
B.Mask
  6
CONTINUOUS
100
AcDbLine
 10
122.6297789999999992
 20
-105.8926929999999942
 30
0
 11
122.6297789999999992
 21
-105.3573069999999916
 31
0
  0
LINE
  5
372
330
1B
100
AcDbEntity
  8
B.Mask
  6
CONTINUOUS
100
AcDbLine
 10
122.6297789999999992
 20
-105.3573069999999916
 30
0
 11
122.6679729999999893
 21
-104.8232869999999934
 31
0
  0
LINE
  5
373
330
1B
100
AcDbEntity
  8
B.Mask
  6
CONTINUOUS
100
AcDbLine
 10
122.6679729999999893
 20
-104.8232869999999934
 30
0
 11
122.7441659999999928
 21
-104.2933510000000012
 31
0
  0
LINE
  5
374
330
1B
100
AcDbEntity
  8
B.Mask
  6
CONTINUOUS
100
AcDbLine
 10
122.7441659999999928
 20
-104.2933510000000012
 30
0
 11
122.8579699999999946
 21
-103.7702010000000001
 31
0
  0
LINE
  5
375
330
1B
100
AcDbEntity
  8
B.Mask
  6
CONTINUOUS
100
AcDbLine
 10
122.8579699999999946
 20
-103.7702010000000001
 30
0
 11
123.0088059999999928
 21
-103.256502999999995
 31
0
  0
LINE
  5
376
330
1B
100
AcDbEntity
  8
B.Mask
  6
CONTINUOUS
100
AcDbLine
 10
123.0088059999999928
 20
-103.256502999999995
 30
0
 11
123.1959039999999987
 21
-102.7548740000000009
 31
0
  0
LINE
  5
377
330
1B
100
AcDbEntity
  8
B.Mask
  6
CONTINUOUS
100
AcDbLine
 10
123.1959039999999987
 20
-102.7548740000000009
 30
0
 11
123.4183099999999911
 21
-102.2678709999999995
 31
0
  0
LINE
  5
378
330
1B
100
AcDbEntity
  8
B.Mask
  6
CONTINUOUS
100
AcDbLine
 10
123.4183099999999911
 20
-102.2678709999999995
 30
0
 11
123.6748929999999973
 21
-101.7979749999999939
 31
0
  0
LINE
  5
379
330
1B
100
AcDbEntity
  8
B.Mask
  6
CONTINUOUS
100
AcDbLine
 10
123.6748929999999973
 20
-101.7979749999999939
 30
0
 11
123.964343999999997
 21
-101.3475799999999936
 31
0
  0
LINE
  5
37A
330
1B
100
AcDbEntity
  8
B.Mask
  6
CONTINUOUS
100
AcDbLine
 10
123.964343999999997
 20
-101.3475799999999936
 30
0
 11
124.2851879999999909
 21
-100.9189819999999997
 31
0
  0
LINE
  5
37B
330
1B
100
AcDbEntity
  8
B.Mask
  6
CONTINUOUS
100
AcDbLine
 10
124.2851879999999909
 20
-100.9189819999999997
 30
0
 11
124.6357909999999976
 21
-100.514364999999998
 31
0
  0
LINE
  5
37C
330
1B
100
AcDbEntity
  8
B.Mask
  6
CONTINUOUS
100
AcDbLine
 10
124.6357909999999976
 20
-100.514364999999998
 30
0
 11
125.014364999999998
 21
-100.1357909999999976
 31
0
  0
LINE
  5
37D
330
1B
100
AcDbEntity
  8
B.Mask
  6
CONTINUOUS
100
AcDbLine
 10
125.014364999999998
 20
-100.1357909999999976
 30
0
 11
125.4189819999999997
 21
-99.7851879999999909
 31
0
  0
LINE
  5
37E
330
1B
100
AcDbEntity
  8
B.Mask
  6
CONTINUOUS
100
AcDbLine
 10
125.4189819999999997
 20
-99.7851879999999909
 30
0
 11
125.8475799999999936
 21
-99.464343999999997
 31
0
  0
LINE
  5
37F
330
1B
100
AcDbEntity
  8
B.Mask
  6
CONTINUOUS
100
AcDbLine
 10
125.8475799999999936
 20
-99.464343999999997
 30
0
 11
126.2979749999999939
 21
-99.1748929999999973
 31
0
  0
LINE
  5
380
330
1B
100
AcDbEntity
  8
B.Mask
  6
CONTINUOUS
100
AcDbLine
 10
126.2979749999999939
 20
-99.1748929999999973
 30
0
 11
126.7678709999999995
 21
-98.9183099999999911
 31
0
  0
LINE
  5
381
330
1B
100
AcDbEntity
  8
B.Mask
  6
CONTINUOUS
100
AcDbLine
 10
126.7678709999999995
 20
-98.9183099999999911
 30
0
 11
127.2548740000000009
 21
-98.6959039999999987
 31
0
  0
LINE
  5
382
330
1B
100
AcDbEntity
  8
B.Mask
  6
CONTINUOUS
100
AcDbLine
 10
127.2548740000000009
 20
-98.6959039999999987
 30
0
 11
127.756502999999995
 21
-98.5088059999999928
 31
0
  0
LINE
  5
383
330
1B
100
AcDbEntity
  8
B.Mask
  6
CONTINUOUS
100
AcDbLine
 10
127.756502999999995
 20
-98.5088059999999928
 30
0
 11
128.2702009999999859
 21
-98.3579699999999946
 31
0
  0
LINE
  5
384
330
1B
100
AcDbEntity
  8
B.Mask
  6
CONTINUOUS
100
AcDbLine
 10
128.2702009999999859
 20
-98.3579699999999946
 30
0
 11
128.7933510000000012
 21
-98.2441659999999928
 31
0
  0
LINE
  5
385
330
1B
100
AcDbEntity
  8
B.Mask
  6
CONTINUOUS
100
AcDbLine
 10
128.7933510000000012
 20
-98.2441659999999928
 30
0
 11
129.3232869999999934
 21
-98.1679729999999893
 31
0
  0
LINE
  5
386
330
1B
100
AcDbEntity
  8
B.Mask
  6
CONTINUOUS
100
AcDbLine
 10
129.3232869999999934
 20
-98.1679729999999893
 30
0
 11
129.8573069999999916
 21
-98.1297789999999992
 31
0
  0
LINE
  5
387
330
1B
100
AcDbEntity
  8
B.Mask
  6
CONTINUOUS
100
AcDbLine
 10
129.8573069999999916
 20
-98.1297789999999992
 30
0
 11
130.39269299999998
 21
-98.1297789999999992
 31
0
  0
LINE
  5
388
330
1B
100
AcDbEntity
  8
B.Mask
  6
CONTINUOUS
100
AcDbLine
 10
130.39269299999998
 20
-98.1297789999999992
 30
0
 11
130.9267130000000066
 21
-98.1679729999999893
 31
0
  0
LINE
  5
389
330
1B
100
AcDbEntity
  8
B.Mask
  6
CONTINUOUS
100
AcDbLine
 10
154.6526309999999853
 20
-97.5427759999999893
 30
0
 11
155.0821980000000053
 21
-97.6185199999999895
 31
0
  0
LINE
  5
38A
330
1B
100
AcDbEntity
  8
B.Mask
  6
CONTINUOUS
100
AcDbLine
 10
155.0821980000000053
 20
-97.6185199999999895
 30
0
 11
155.5035289999999861
 21
-97.7314149999999984
 31
0
  0
LINE
  5
38B
330
1B
100
AcDbEntity
  8
B.Mask
  6
CONTINUOUS
100
AcDbLine
 10
155.5035289999999861
 20
-97.7314149999999984
 30
0
 11
155.9134169999999813
 21
-97.8806019999999961
 31
0
  0
LINE
  5
38C
330
1B
100
AcDbEntity
  8
B.Mask
  6
CONTINUOUS
100
AcDbLine
 10
155.9134169999999813
 20
-97.8806019999999961
 30
0
 11
156.3087429999999927
 21
-98.064945999999992
 31
0
  0
LINE
  5
38D
330
1B
100
AcDbEntity
  8
B.Mask
  6
CONTINUOUS
100
AcDbLine
 10
156.3087429999999927
 20
-98.064945999999992
 30
0
 11
156.6864980000000003
 21
-98.2830429999999922
 31
0
  0
LINE
  5
38E
330
1B
100
AcDbEntity
  8
B.Mask
  6
CONTINUOUS
100
AcDbLine
 10
156.6864980000000003
 20
-98.2830429999999922
 30
0
 11
157.0438069999999868
 21
-98.5332329999999956
 31
0
  0
LINE
  5
38F
330
1B
100
AcDbEntity
  8
B.Mask
  6
CONTINUOUS
100
AcDbLine
 10
157.0438069999999868
 20
-98.5332329999999956
 30
0
 11
157.3779509999999959
 21
-98.8136129999999895
 31
0
  0
LINE
  5
390
330
1B
100
AcDbEntity
  8
B.Mask
  6
CONTINUOUS
100
AcDbLine
 10
157.3779509999999959
 20
-98.8136129999999895
 30
0
 11
157.6863869999999963
 21
-99.1220489999999899
 31
0
  0
LINE
  5
391
330
1B
100
AcDbEntity
  8
B.Mask
  6
CONTINUOUS
100
AcDbLine
 10
157.6863869999999963
 20
-99.1220489999999899
 30
0
 11
157.9667670000000044
 21
-99.456192999999999
 31
0
  0
LINE
  5
392
330
1B
100
AcDbEntity
  8
B.Mask
  6
CONTINUOUS
100
AcDbLine
 10
157.9667670000000044
 20
-99.456192999999999
 30
0
 11
158.2169569999999794
 21
-99.8135019999999997
 31
0
  0
LINE
  5
393
330
1B
100
AcDbEntity
  8
B.Mask
  6
CONTINUOUS
100
AcDbLine
 10
158.2169569999999794
 20
-99.8135019999999997
 30
0
 11
158.4350539999999796
 21
-100.1912569999999931
 31
0
  0
LINE
  5
394
330
1B
100
AcDbEntity
  8
B.Mask
  6
CONTINUOUS
100
AcDbLine
 10
158.4350539999999796
 20
-100.1912569999999931
 30
0
 11
158.6193979999999897
 21
-100.5865829999999903
 31
0
  0
LINE
  5
395
330
1B
100
AcDbEntity
  8
B.Mask
  6
CONTINUOUS
100
AcDbLine
 10
158.6193979999999897
 20
-100.5865829999999903
 30
0
 11
158.7685850000000016
 21
-100.9964709999999997
 31
0
  0
LINE
  5
396
330
1B
100
AcDbEntity
  8
B.Mask
  6
CONTINUOUS
100
AcDbLine
 10
158.7685850000000016
 20
-100.9964709999999997
 30
0
 11
158.8814799999999821
 21
-101.4178019999999947
 31
0
  0
LINE
  5
397
330
1B
100
AcDbEntity
  8
B.Mask
  6
CONTINUOUS
100
AcDbLine
 10
158.8814799999999821
 20
-101.4178019999999947
 30
0
 11
158.9572239999999965
 21
-101.8473690000000005
 31
0
  0
LINE
  5
398
330
1B
100
AcDbEntity
  8
B.Mask
  6
CONTINUOUS
100
AcDbLine
 10
158.9572239999999965
 20
-101.8473690000000005
 30
0
 11
158.9952409999999929
 21
-102.2819029999999998
 31
0
  0
LINE
  5
399
330
1B
100
AcDbEntity
  8
B.Mask
  6
CONTINUOUS
100
AcDbLine
 10
158.9952409999999929
 20
-102.2819029999999998
 30
0
 11
158.9952409999999929
 21
-102.7180970000000002
 31
0
  0
LINE
  5
39A
330
1B
100
AcDbEntity
  8
B.Mask
  6
CONTINUOUS
100
AcDbLine
 10
158.9952409999999929
 20
-102.7180970000000002
 30
0
 11
158.9572239999999965
 21
-103.1526309999999995
 31
0
  0
LINE
  5
39B
330
1B
100
AcDbEntity
  8
B.Mask
  6
CONTINUOUS
100
AcDbLine
 10
158.9572239999999965
 20
-103.1526309999999995
 30
0
 11
158.8814799999999821
 21
-103.5821979999999911
 31
0
  0
LINE
  5
39C
330
1B
100
AcDbEntity
  8
B.Mask
  6
CONTINUOUS
100
AcDbLine
 10
158.8814799999999821
 20
-103.5821979999999911
 30
0
 11
158.7685850000000016
 21
-104.0035290000000003
 31
0
  0
LINE
  5
39D
330
1B
100
AcDbEntity
  8
B.Mask
  6
CONTINUOUS
100
AcDbLine
 10
158.7685850000000016
 20
-104.0035290000000003
 30
0
 11
158.6193979999999897
 21
-104.4134169999999955
 31
0
  0
LINE
  5
39E
330
1B
100
AcDbEntity
  8
B.Mask
  6
CONTINUOUS
100
AcDbLine
 10
158.6193979999999897
 20
-104.4134169999999955
 30
0
 11
158.4350539999999796
 21
-104.8087429999999927
 31
0
  0
LINE
  5
39F
330
1B
100
AcDbEntity
  8
B.Mask
  6
CONTINUOUS
100
AcDbLine
 10
158.4350539999999796
 20
-104.8087429999999927
 30
0
 11
158.2169569999999794
 21
-105.1864980000000003
 31
0
  0
LINE
  5
3A0
330
1B
100
AcDbEntity
  8
B.Mask
  6
CONTINUOUS
100
AcDbLine
 10
158.2169569999999794
 20
-105.1864980000000003
 30
0
 11
157.9667670000000044
 21
-105.543807000000001
 31
0
  0
LINE
  5
3A1
330
1B
100
AcDbEntity
  8
B.Mask
  6
CONTINUOUS
100
AcDbLine
 10
157.9667670000000044
 20
-105.543807000000001
 30
0
 11
157.6863869999999963
 21
-105.8779509999999959
 31
0
  0
LINE
  5
3A2
330
1B
100
AcDbEntity
  8
B.Mask
  6
CONTINUOUS
100
AcDbLine
 10
157.6863869999999963
 20
-105.8779509999999959
 30
0
 11
157.3779509999999959
 21
-106.1863869999999963
 31
0
  0
LINE
  5
3A3
330
1B
100
AcDbEntity
  8
B.Mask
  6
CONTINUOUS
100
AcDbLine
 10
157.3779509999999959
 20
-106.1863869999999963
 30
0
 11
157.0438069999999868
 21
-106.4667669999999902
 31
0
  0
LINE
  5
3A4
330
1B
100
AcDbEntity
  8
B.Mask
  6
CONTINUOUS
100
AcDbLine
 10
157.0438069999999868
 20
-106.4667669999999902
 30
0
 11
156.6864980000000003
 21
-106.7169569999999936
 31
0
  0
LINE
  5
3A5
330
1B
100
AcDbEntity
  8
B.Mask
  6
CONTINUOUS
100
AcDbLine
 10
156.6864980000000003
 20
-106.7169569999999936
 30
0
 11
156.3087429999999927
 21
-106.9350539999999938
 31
0
  0
LINE
  5
3A6
330
1B
100
AcDbEntity
  8
B.Mask
  6
CONTINUOUS
100
AcDbLine
 10
156.3087429999999927
 20
-106.9350539999999938
 30
0
 11
155.9134169999999813
 21
-107.1193979999999897
 31
0
  0
LINE
  5
3A7
330
1B
100
AcDbEntity
  8
B.Mask
  6
CONTINUOUS
100
AcDbLine
 10
155.9134169999999813
 20
-107.1193979999999897
 30
0
 11
155.5035289999999861
 21
-107.2685850000000016
 31
0
  0
LINE
  5
3A8
330
1B
100
AcDbEntity
  8
B.Mask
  6
CONTINUOUS
100
AcDbLine
 10
155.5035289999999861
 20
-107.2685850000000016
 30
0
 11
155.0821980000000053
 21
-107.3814799999999963
 31
0
  0
LINE
  5
3A9
330
1B
100
AcDbEntity
  8
B.Mask
  6
CONTINUOUS
100
AcDbLine
 10
155.0821980000000053
 20
-107.3814799999999963
 30
0
 11
154.6526309999999853
 21
-107.4572239999999965
 31
0
  0
LINE
  5
3AA
330
1B
100
AcDbEntity
  8
B.Mask
  6
CONTINUOUS
100
AcDbLine
 10
154.6526309999999853
 20
-107.4572239999999965
 30
0
 11
154.2180970000000002
 21
-107.4952409999999929
 31
0
  0
LINE
  5
3AB
330
1B
100
AcDbEntity
  8
B.Mask
  6
CONTINUOUS
100
AcDbLine
 10
154.2180970000000002
 20
-107.4952409999999929
 30
0
 11
153.7819029999999998
 21
-107.4952409999999929
 31
0
  0
LINE
  5
3AC
330
1B
100
AcDbEntity
  8
B.Mask
  6
CONTINUOUS
100
AcDbLine
 10
153.7819029999999998
 20
-107.4952409999999929
 30
0
 11
153.3473689999999863
 21
-107.4572239999999965
 31
0
  0
LINE
  5
3AD
330
1B
100
AcDbEntity
  8
B.Mask
  6
CONTINUOUS
100
AcDbLine
 10
153.3473689999999863
 20
-107.4572239999999965
 30
0
 11
152.9178019999999947
 21
-107.3814799999999963
 31
0
  0
LINE
  5
3AE
330
1B
100
AcDbEntity
  8
B.Mask
  6
CONTINUOUS
100
AcDbLine
 10
152.9178019999999947
 20
-107.3814799999999963
 30
0
 11
152.4964709999999855
 21
-107.2685850000000016
 31
0
  0
LINE
  5
3AF
330
1B
100
AcDbEntity
  8
B.Mask
  6
CONTINUOUS
100
AcDbLine
 10
152.4964709999999855
 20
-107.2685850000000016
 30
0
 11
152.0865829999999903
 21
-107.1193979999999897
 31
0
  0
LINE
  5
3B0
330
1B
100
AcDbEntity
  8
B.Mask
  6
CONTINUOUS
100
AcDbLine
 10
152.0865829999999903
 20
-107.1193979999999897
 30
0
 11
151.6912570000000073
 21
-106.9350539999999938
 31
0
  0
LINE
  5
3B1
330
1B
100
AcDbEntity
  8
B.Mask
  6
CONTINUOUS
100
AcDbLine
 10
151.6912570000000073
 20
-106.9350539999999938
 30
0
 11
151.3135019999999997
 21
-106.7169569999999936
 31
0
  0
LINE
  5
3B2
330
1B
100
AcDbEntity
  8
B.Mask
  6
CONTINUOUS
100
AcDbLine
 10
151.3135019999999997
 20
-106.7169569999999936
 30
0
 11
150.9561929999999847
 21
-106.4667669999999902
 31
0
  0
LINE
  5
3B3
330
1B
100
AcDbEntity
  8
B.Mask
  6
CONTINUOUS
100
AcDbLine
 10
150.9561929999999847
 20
-106.4667669999999902
 30
0
 11
150.6220490000000041
 21
-106.1863869999999963
 31
0
  0
LINE
  5
3B4
330
1B
100
AcDbEntity
  8
B.Mask
  6
CONTINUOUS
100
AcDbLine
 10
150.6220490000000041
 20
-106.1863869999999963
 30
0
 11
150.3136130000000037
 21
-105.8779509999999959
 31
0
  0
LINE
  5
3B5
330
1B
100
AcDbEntity
  8
B.Mask
  6
CONTINUOUS
100
AcDbLine
 10
150.3136130000000037
 20
-105.8779509999999959
 30
0
 11
150.0332329999999956
 21
-105.543807000000001
 31
0
  0
LINE
  5
3B6
330
1B
100
AcDbEntity
  8
B.Mask
  6
CONTINUOUS
100
AcDbLine
 10
150.0332329999999956
 20
-105.543807000000001
 30
0
 11
149.7830429999999922
 21
-105.1864980000000003
 31
0
  0
LINE
  5
3B7
330
1B
100
AcDbEntity
  8
B.Mask
  6
CONTINUOUS
100
AcDbLine
 10
149.7830429999999922
 20
-105.1864980000000003
 30
0
 11
149.564945999999992
 21
-104.8087429999999927
 31
0
  0
LINE
  5
3B8
330
1B
100
AcDbEntity
  8
B.Mask
  6
CONTINUOUS
100
AcDbLine
 10
149.564945999999992
 20
-104.8087429999999927
 30
0
 11
149.3806019999999819
 21
-104.4134169999999955
 31
0
  0
LINE
  5
3B9
330
1B
100
AcDbEntity
  8
B.Mask
  6
CONTINUOUS
100
AcDbLine
 10
149.3806019999999819
 20
-104.4134169999999955
 30
0
 11
149.2314149999999984
 21
-104.0035290000000003
 31
0
  0
LINE
  5
3BA
330
1B
100
AcDbEntity
  8
B.Mask
  6
CONTINUOUS
100
AcDbLine
 10
149.2314149999999984
 20
-104.0035290000000003
 30
0
 11
149.1185199999999895
 21
-103.5821979999999911
 31
0
  0
LINE
  5
3BB
330
1B
100
AcDbEntity
  8
B.Mask
  6
CONTINUOUS
100
AcDbLine
 10
149.1185199999999895
 20
-103.5821979999999911
 30
0
 11
149.0427760000000035
 21
-103.1526309999999995
 31
0
  0
LINE
  5
3BC
330
1B
100
AcDbEntity
  8
B.Mask
  6
CONTINUOUS
100
AcDbLine
 10
149.0427760000000035
 20
-103.1526309999999995
 30
0
 11
149.0047590000000071
 21
-102.7180970000000002
 31
0
  0
LINE
  5
3BD
330
1B
100
AcDbEntity
  8
B.Mask
  6
CONTINUOUS
100
AcDbLine
 10
149.0047590000000071
 20
-102.7180970000000002
 30
0
 11
149.0047590000000071
 21
-102.2819029999999998
 31
0
  0
LINE
  5
3BE
330
1B
100
AcDbEntity
  8
B.Mask
  6
CONTINUOUS
100
AcDbLine
 10
149.0047590000000071
 20
-102.2819029999999998
 30
0
 11
149.0427760000000035
 21
-101.8473690000000005
 31
0
  0
LINE
  5
3BF
330
1B
100
AcDbEntity
  8
B.Mask
  6
CONTINUOUS
100
AcDbLine
 10
149.0427760000000035
 20
-101.8473690000000005
 30
0
 11
149.1185199999999895
 21
-101.4178019999999947
 31
0
  0
LINE
  5
3C0
330
1B
100
AcDbEntity
  8
B.Mask
  6
CONTINUOUS
100
AcDbLine
 10
149.1185199999999895
 20
-101.4178019999999947
 30
0
 11
149.2314149999999984
 21
-100.9964709999999997
 31
0
  0
LINE
  5
3C1
330
1B
100
AcDbEntity
  8
B.Mask
  6
CONTINUOUS
100
AcDbLine
 10
149.2314149999999984
 20
-100.9964709999999997
 30
0
 11
149.3806019999999819
 21
-100.5865829999999903
 31
0
  0
LINE
  5
3C2
330
1B
100
AcDbEntity
  8
B.Mask
  6
CONTINUOUS
100
AcDbLine
 10
149.3806019999999819
 20
-100.5865829999999903
 30
0
 11
149.564945999999992
 21
-100.1912569999999931
 31
0
  0
LINE
  5
3C3
330
1B
100
AcDbEntity
  8
B.Mask
  6
CONTINUOUS
100
AcDbLine
 10
149.564945999999992
 20
-100.1912569999999931
 30
0
 11
149.7830429999999922
 21
-99.8135019999999997
 31
0
  0
LINE
  5
3C4
330
1B
100
AcDbEntity
  8
B.Mask
  6
CONTINUOUS
100
AcDbLine
 10
149.7830429999999922
 20
-99.8135019999999997
 30
0
 11
150.0332329999999956
 21
-99.456192999999999
 31
0
  0
LINE
  5
3C5
330
1B
100
AcDbEntity
  8
B.Mask
  6
CONTINUOUS
100
AcDbLine
 10
150.0332329999999956
 20
-99.456192999999999
 30
0
 11
150.3136130000000037
 21
-99.1220489999999899
 31
0
  0
LINE
  5
3C6
330
1B
100
AcDbEntity
  8
B.Mask
  6
CONTINUOUS
100
AcDbLine
 10
150.3136130000000037
 20
-99.1220489999999899
 30
0
 11
150.6220490000000041
 21
-98.8136129999999895
 31
0
  0
LINE
  5
3C7
330
1B
100
AcDbEntity
  8
B.Mask
  6
CONTINUOUS
100
AcDbLine
 10
150.6220490000000041
 20
-98.8136129999999895
 30
0
 11
150.9561929999999847
 21
-98.5332329999999956
 31
0
  0
LINE
  5
3C8
330
1B
100
AcDbEntity
  8
B.Mask
  6
CONTINUOUS
100
AcDbLine
 10
150.9561929999999847
 20
-98.5332329999999956
 30
0
 11
151.3135019999999997
 21
-98.2830429999999922
 31
0
  0
LINE
  5
3C9
330
1B
100
AcDbEntity
  8
B.Mask
  6
CONTINUOUS
100
AcDbLine
 10
151.3135019999999997
 20
-98.2830429999999922
 30
0
 11
151.6912570000000073
 21
-98.064945999999992
 31
0
  0
LINE
  5
3CA
330
1B
100
AcDbEntity
  8
B.Mask
  6
CONTINUOUS
100
AcDbLine
 10
151.6912570000000073
 20
-98.064945999999992
 30
0
 11
152.0865829999999903
 21
-97.8806019999999961
 31
0
  0
LINE
  5
3CB
330
1B
100
AcDbEntity
  8
B.Mask
  6
CONTINUOUS
100
AcDbLine
 10
152.0865829999999903
 20
-97.8806019999999961
 30
0
 11
152.4964709999999855
 21
-97.7314149999999984
 31
0
  0
LINE
  5
3CC
330
1B
100
AcDbEntity
  8
B.Mask
  6
CONTINUOUS
100
AcDbLine
 10
152.4964709999999855
 20
-97.7314149999999984
 30
0
 11
152.9178019999999947
 21
-97.6185199999999895
 31
0
  0
LINE
  5
3CD
330
1B
100
AcDbEntity
  8
B.Mask
  6
CONTINUOUS
100
AcDbLine
 10
152.9178019999999947
 20
-97.6185199999999895
 30
0
 11
153.3473689999999863
 21
-97.5427759999999893
 31
0
  0
LINE
  5
3CE
330
1B
100
AcDbEntity
  8
B.Mask
  6
CONTINUOUS
100
AcDbLine
 10
153.3473689999999863
 20
-97.5427759999999893
 30
0
 11
153.7819029999999998
 21
-97.5047589999999929
 31
0
  0
LINE
  5
3CF
330
1B
100
AcDbEntity
  8
B.Mask
  6
CONTINUOUS
100
AcDbLine
 10
153.7819029999999998
 20
-97.5047589999999929
 30
0
 11
154.2180970000000002
 21
-97.5047589999999929
 31
0
  0
LINE
  5
3D0
330
1B
100
AcDbEntity
  8
B.Mask
  6
CONTINUOUS
100
AcDbLine
 10
154.2180970000000002
 20
-97.5047589999999929
 30
0
 11
154.6526309999999853
 21
-97.5427759999999893
 31
0
  0
LINE
  5
3D1
330
1B
100
AcDbEntity
  8
B.Mask
  6
CONTINUOUS
100
AcDbLine
 10
52.9049890000000005
 20
-66.1660339999999962
 30
0
 11
53.5046449999999965
 21
-66.2388459999999952
 31
0
  0
LINE
  5
3D2
330
1B
100
AcDbEntity
  8
B.Mask
  6
CONTINUOUS
100
AcDbLine
 10
53.5046449999999965
 20
-66.2388459999999952
 30
0
 11
54.0988109999999978
 21
-66.347730999999996
 31
0
  0
LINE
  5
3D3
330
1B
100
AcDbEntity
  8
B.Mask
  6
CONTINUOUS
100
AcDbLine
 10
54.0988109999999978
 20
-66.347730999999996
 30
0
 11
54.6853189999999998
 21
-66.492291999999992
 31
0
  0
LINE
  5
3D4
330
1B
100
AcDbEntity
  8
B.Mask
  6
CONTINUOUS
100
AcDbLine
 10
54.6853189999999998
 20
-66.492291999999992
 30
0
 11
55.2620280000000008
 21
-66.672001999999992
 31
0
  0
LINE
  5
3D5
330
1B
100
AcDbEntity
  8
B.Mask
  6
CONTINUOUS
100
AcDbLine
 10
55.2620280000000008
 20
-66.672001999999992
 30
0
 11
55.8268339999999981
 21
-66.8862050000000039
 31
0
  0
LINE
  5
3D6
330
1B
100
AcDbEntity
  8
B.Mask
  6
CONTINUOUS
100
AcDbLine
 10
55.8268339999999981
 20
-66.8862050000000039
 30
0
 11
56.3776769999999985
 21
-67.1341189999999983
 31
0
  0
LINE
  5
3D7
330
1B
100
AcDbEntity
  8
B.Mask
  6
CONTINUOUS
100
AcDbLine
 10
56.3776769999999985
 20
-67.1341189999999983
 30
0
 11
56.912545999999999
 21
-67.4148399999999981
 31
0
  0
LINE
  5
3D8
330
1B
100
AcDbEntity
  8
B.Mask
  6
CONTINUOUS
100
AcDbLine
 10
56.912545999999999
 20
-67.4148399999999981
 30
0
 11
57.4294899999999942
 21
-67.7273429999999905
 31
0
  0
LINE
  5
3D9
330
1B
100
AcDbEntity
  8
B.Mask
  6
CONTINUOUS
100
AcDbLine
 10
57.4294899999999942
 20
-67.7273429999999905
 30
0
 11
57.9266219999999947
 21
-68.0704889999999949
 31
0
  0
LINE
  5
3DA
330
1B
100
AcDbEntity
  8
B.Mask
  6
CONTINUOUS
100
AcDbLine
 10
57.9266219999999947
 20
-68.0704889999999949
 30
0
 11
58.4021279999999976
 21
-68.4430239999999941
 31
0
  0
LINE
  5
3DB
330
1B
100
AcDbEntity
  8
B.Mask
  6
CONTINUOUS
100
AcDbLine
 10
58.4021279999999976
 20
-68.4430239999999941
 30
0
 11
58.8542739999999966
 21
-68.8435899999999918
 31
0
  0
LINE
  5
3DC
330
1B
100
AcDbEntity
  8
B.Mask
  6
CONTINUOUS
100
AcDbLine
 10
58.8542739999999966
 20
-68.8435899999999918
 30
0
 11
59.2814099999999939
 21
-69.2707259999999962
 31
0
  0
LINE
  5
3DD
330
1B
100
AcDbEntity
  8
B.Mask
  6
CONTINUOUS
100
AcDbLine
 10
59.2814099999999939
 20
-69.2707259999999962
 30
0
 11
59.6819759999999988
 21
-69.7228719999999953
 31
0
  0
LINE
  5
3DE
330
1B
100
AcDbEntity
  8
B.Mask
  6
CONTINUOUS
100
AcDbLine
 10
59.6819759999999988
 20
-69.7228719999999953
 30
0
 11
60.054510999999998
 21
-70.1983779999999911
 31
0
  0
LINE
  5
3DF
330
1B
100
AcDbEntity
  8
B.Mask
  6
CONTINUOUS
100
AcDbLine
 10
60.054510999999998
 20
-70.1983779999999911
 30
0
 11
60.3976569999999953
 21
-70.6955099999999987
 31
0
  0
LINE
  5
3E0
330
1B
100
AcDbEntity
  8
B.Mask
  6
CONTINUOUS
100
AcDbLine
 10
60.3976569999999953
 20
-70.6955099999999987
 30
0
 11
60.7101599999999948
 21
-71.2124539999999939
 31
0
  0
LINE
  5
3E1
330
1B
100
AcDbEntity
  8
B.Mask
  6
CONTINUOUS
100
AcDbLine
 10
60.7101599999999948
 20
-71.2124539999999939
 30
0
 11
60.9908809999999946
 21
-71.7473229999999944
 31
0
  0
LINE
  5
3E2
330
1B
100
AcDbEntity
  8
B.Mask
  6
CONTINUOUS
100
AcDbLine
 10
60.9908809999999946
 20
-71.7473229999999944
 30
0
 11
61.2387949999999961
 21
-72.2981659999999948
 31
0
  0
LINE
  5
3E3
330
1B
100
AcDbEntity
  8
B.Mask
  6
CONTINUOUS
100
AcDbLine
 10
61.2387949999999961
 20
-72.2981659999999948
 30
0
 11
61.4529979999999938
 21
-72.8629719999999992
 31
0
  0
LINE
  5
3E4
330
1B
100
AcDbEntity
  8
B.Mask
  6
CONTINUOUS
100
AcDbLine
 10
61.4529979999999938
 20
-72.8629719999999992
 30
0
 11
61.6327079999999938
 21
-73.4396809999999931
 31
0
  0
LINE
  5
3E5
330
1B
100
AcDbEntity
  8
B.Mask
  6
CONTINUOUS
100
AcDbLine
 10
61.6327079999999938
 20
-73.4396809999999931
 30
0
 11
61.7772689999999969
 21
-74.0261890000000022
 31
0
  0
LINE
  5
3E6
330
1B
100
AcDbEntity
  8
B.Mask
  6
CONTINUOUS
100
AcDbLine
 10
61.7772689999999969
 20
-74.0261890000000022
 30
0
 11
61.8861539999999977
 21
-74.6203550000000035
 31
0
  0
LINE
  5
3E7
330
1B
100
AcDbEntity
  8
B.Mask
  6
CONTINUOUS
100
AcDbLine
 10
61.8861539999999977
 20
-74.6203550000000035
 30
0
 11
61.9589659999999967
 21
-75.2200109999999995
 31
0
  0
LINE
  5
3E8
330
1B
100
AcDbEntity
  8
B.Mask
  6
CONTINUOUS
100
AcDbLine
 10
61.9589659999999967
 20
-75.2200109999999995
 30
0
 11
61.995438
 21
-75.822969999999998
 31
0
  0
LINE
  5
3E9
330
1B
100
AcDbEntity
  8
B.Mask
  6
CONTINUOUS
100
AcDbLine
 10
61.995438
 20
-75.822969999999998
 30
0
 11
61.995438
 21
-76.427030000000002
 31
0
  0
LINE
  5
3EA
330
1B
100
AcDbEntity
  8
B.Mask
  6
CONTINUOUS
100
AcDbLine
 10
61.995438
 20
-76.427030000000002
 30
0
 11
61.9589659999999967
 21
-77.0299890000000005
 31
0
  0
LINE
  5
3EB
330
1B
100
AcDbEntity
  8
B.Mask
  6
CONTINUOUS
100
AcDbLine
 10
61.9589659999999967
 20
-77.0299890000000005
 30
0
 11
61.8861539999999977
 21
-77.6296449999999965
 31
0
  0
LINE
  5
3EC
330
1B
100
AcDbEntity
  8
B.Mask
  6
CONTINUOUS
100
AcDbLine
 10
61.8861539999999977
 20
-77.6296449999999965
 30
0
 11
61.7772689999999969
 21
-78.2238109999999978
 31
0
  0
LINE
  5
3ED
330
1B
100
AcDbEntity
  8
B.Mask
  6
CONTINUOUS
100
AcDbLine
 10
61.7772689999999969
 20
-78.2238109999999978
 30
0
 11
61.6327079999999938
 21
-78.8103189999999927
 31
0
  0
LINE
  5
3EE
330
1B
100
AcDbEntity
  8
B.Mask
  6
CONTINUOUS
100
AcDbLine
 10
61.6327079999999938
 20
-78.8103189999999927
 30
0
 11
61.4529979999999938
 21
-79.3870280000000008
 31
0
  0
LINE
  5
3EF
330
1B
100
AcDbEntity
  8
B.Mask
  6
CONTINUOUS
100
AcDbLine
 10
61.4529979999999938
 20
-79.3870280000000008
 30
0
 11
61.2387949999999961
 21
-79.951833999999991
 31
0
  0
LINE
  5
3F0
330
1B
100
AcDbEntity
  8
B.Mask
  6
CONTINUOUS
100
AcDbLine
 10
61.2387949999999961
 20
-79.951833999999991
 30
0
 11
60.9908809999999946
 21
-80.5026769999999914
 31
0
  0
LINE
  5
3F1
330
1B
100
AcDbEntity
  8
B.Mask
  6
CONTINUOUS
100
AcDbLine
 10
60.9908809999999946
 20
-80.5026769999999914
 30
0
 11
60.7101599999999948
 21
-81.0375459999999919
 31
0
  0
LINE
  5
3F2
330
1B
100
AcDbEntity
  8
B.Mask
  6
CONTINUOUS
100
AcDbLine
 10
60.7101599999999948
 20
-81.0375459999999919
 30
0
 11
60.3976569999999953
 21
-81.5544900000000013
 31
0
  0
LINE
  5
3F3
330
1B
100
AcDbEntity
  8
B.Mask
  6
CONTINUOUS
100
AcDbLine
 10
60.3976569999999953
 20
-81.5544900000000013
 30
0
 11
60.054510999999998
 21
-82.0516219999999947
 31
0
  0
LINE
  5
3F4
330
1B
100
AcDbEntity
  8
B.Mask
  6
CONTINUOUS
100
AcDbLine
 10
60.054510999999998
 20
-82.0516219999999947
 30
0
 11
59.6819759999999988
 21
-82.5271279999999905
 31
0
  0
LINE
  5
3F5
330
1B
100
AcDbEntity
  8
B.Mask
  6
CONTINUOUS
100
AcDbLine
 10
59.6819759999999988
 20
-82.5271279999999905
 30
0
 11
59.2814099999999939
 21
-82.9792739999999895
 31
0
  0
LINE
  5
3F6
330
1B
100
AcDbEntity
  8
B.Mask
  6
CONTINUOUS
100
AcDbLine
 10
59.2814099999999939
 20
-82.9792739999999895
 30
0
 11
58.8542739999999966
 21
-83.4064099999999939
 31
0
  0
LINE
  5
3F7
330
1B
100
AcDbEntity
  8
B.Mask
  6
CONTINUOUS
100
AcDbLine
 10
58.8542739999999966
 20
-83.4064099999999939
 30
0
 11
58.4021279999999976
 21
-83.8069759999999917
 31
0
  0
LINE
  5
3F8
330
1B
100
AcDbEntity
  8
B.Mask
  6
CONTINUOUS
100
AcDbLine
 10
58.4021279999999976
 20
-83.8069759999999917
 30
0
 11
57.9266219999999947
 21
-84.1795109999999909
 31
0
  0
LINE
  5
3F9
330
1B
100
AcDbEntity
  8
B.Mask
  6
CONTINUOUS
100
AcDbLine
 10
57.9266219999999947
 20
-84.1795109999999909
 30
0
 11
57.4294899999999942
 21
-84.5226569999999953
 31
0
  0
LINE
  5
3FA
330
1B
100
AcDbEntity
  8
B.Mask
  6
CONTINUOUS
100
AcDbLine
 10
57.4294899999999942
 20
-84.5226569999999953
 30
0
 11
56.912545999999999
 21
-84.8351600000000019
 31
0
  0
LINE
  5
3FB
330
1B
100
AcDbEntity
  8
B.Mask
  6
CONTINUOUS
100
AcDbLine
 10
56.912545999999999
 20
-84.8351600000000019
 30
0
 11
56.3776769999999985
 21
-85.1158810000000017
 31
0
  0
LINE
  5
3FC
330
1B
100
AcDbEntity
  8
B.Mask
  6
CONTINUOUS
100
AcDbLine
 10
56.3776769999999985
 20
-85.1158810000000017
 30
0
 11
55.8268339999999981
 21
-85.3637949999999961
 31
0
  0
LINE
  5
3FD
330
1B
100
AcDbEntity
  8
B.Mask
  6
CONTINUOUS
100
AcDbLine
 10
55.8268339999999981
 20
-85.3637949999999961
 30
0
 11
55.2620280000000008
 21
-85.5779979999999938
 31
0
  0
LINE
  5
3FE
330
1B
100
AcDbEntity
  8
B.Mask
  6
CONTINUOUS
100
AcDbLine
 10
55.2620280000000008
 20
-85.5779979999999938
 30
0
 11
54.6853189999999998
 21
-85.7577079999999938
 31
0
  0
LINE
  5
3FF
330
1B
100
AcDbEntity
  8
B.Mask
  6
CONTINUOUS
100
AcDbLine
 10
54.6853189999999998
 20
-85.7577079999999938
 30
0
 11
54.0988109999999978
 21
-85.9022689999999898
 31
0
  0
LINE
  5
400
330
1B
100
AcDbEntity
  8
B.Mask
  6
CONTINUOUS
100
AcDbLine
 10
54.0988109999999978
 20
-85.9022689999999898
 30
0
 11
53.5046449999999965
 21
-86.0111539999999906
 31
0
  0
LINE
  5
401
330
1B
100
AcDbEntity
  8
B.Mask
  6
CONTINUOUS
100
AcDbLine
 10
53.5046449999999965
 20
-86.0111539999999906
 30
0
 11
52.9049890000000005
 21
-86.0839659999999895
 31
0
  0
LINE
  5
402
330
1B
100
AcDbEntity
  8
B.Mask
  6
CONTINUOUS
100
AcDbLine
 10
52.9049890000000005
 20
-86.0839659999999895
 30
0
 11
52.3020299999999949
 21
-86.1204379999999929
 31
0
  0
LINE
  5
403
330
1B
100
AcDbEntity
  8
B.Mask
  6
CONTINUOUS
100
AcDbLine
 10
52.3020299999999949
 20
-86.1204379999999929
 30
0
 11
51.697969999999998
 21
-86.1204379999999929
 31
0
  0
LINE
  5
404
330
1B
100
AcDbEntity
  8
B.Mask
  6
CONTINUOUS
100
AcDbLine
 10
51.697969999999998
 20
-86.1204379999999929
 30
0
 11
51.0950109999999995
 21
-86.0839659999999895
 31
0
  0
LINE
  5
405
330
1B
100
AcDbEntity
  8
B.Mask
  6
CONTINUOUS
100
AcDbLine
 10
51.0950109999999995
 20
-86.0839659999999895
 30
0
 11
50.4953549999999964
 21
-86.0111539999999906
 31
0
  0
LINE
  5
406
330
1B
100
AcDbEntity
  8
B.Mask
  6
CONTINUOUS
100
AcDbLine
 10
50.4953549999999964
 20
-86.0111539999999906
 30
0
 11
49.9011889999999951
 21
-85.9022689999999898
 31
0
  0
LINE
  5
407
330
1B
100
AcDbEntity
  8
B.Mask
  6
CONTINUOUS
100
AcDbLine
 10
49.9011889999999951
 20
-85.9022689999999898
 30
0
 11
49.3146810000000002
 21
-85.7577079999999938
 31
0
  0
LINE
  5
408
330
1B
100
AcDbEntity
  8
B.Mask
  6
CONTINUOUS
100
AcDbLine
 10
49.3146810000000002
 20
-85.7577079999999938
 30
0
 11
48.7379719999999992
 21
-85.5779979999999938
 31
0
  0
LINE
  5
409
330
1B
100
AcDbEntity
  8
B.Mask
  6
CONTINUOUS
100
AcDbLine
 10
48.7379719999999992
 20
-85.5779979999999938
 30
0
 11
48.1731659999999948
 21
-85.3637949999999961
 31
0
  0
LINE
  5
40A
330
1B
100
AcDbEntity
  8
B.Mask
  6
CONTINUOUS
100
AcDbLine
 10
48.1731659999999948
 20
-85.3637949999999961
 30
0
 11
47.6223229999999944
 21
-85.1158810000000017
 31
0
  0
LINE
  5
40B
330
1B
100
AcDbEntity
  8
B.Mask
  6
CONTINUOUS
100
AcDbLine
 10
47.6223229999999944
 20
-85.1158810000000017
 30
0
 11
47.087454000000001
 21
-84.8351600000000019
 31
0
  0
LINE
  5
40C
330
1B
100
AcDbEntity
  8
B.Mask
  6
CONTINUOUS
100
AcDbLine
 10
47.087454000000001
 20
-84.8351600000000019
 30
0
 11
46.5705099999999987
 21
-84.5226569999999953
 31
0
  0
LINE
  5
40D
330
1B
100
AcDbEntity
  8
B.Mask
  6
CONTINUOUS
100
AcDbLine
 10
46.5705099999999987
 20
-84.5226569999999953
 30
0
 11
46.0733779999999982
 21
-84.1795109999999909
 31
0
  0
LINE
  5
40E
330
1B
100
AcDbEntity
  8
B.Mask
  6
CONTINUOUS
100
AcDbLine
 10
46.0733779999999982
 20
-84.1795109999999909
 30
0
 11
45.5978719999999953
 21
-83.8069759999999917
 31
0
  0
LINE
  5
40F
330
1B
100
AcDbEntity
  8
B.Mask
  6
CONTINUOUS
100
AcDbLine
 10
45.5978719999999953
 20
-83.8069759999999917
 30
0
 11
45.1457259999999962
 21
-83.4064099999999939
 31
0
  0
LINE
  5
410
330
1B
100
AcDbEntity
  8
B.Mask
  6
CONTINUOUS
100
AcDbLine
 10
45.1457259999999962
 20
-83.4064099999999939
 30
0
 11
44.718589999999999
 21
-82.9792739999999895
 31
0
  0
LINE
  5
411
330
1B
100
AcDbEntity
  8
B.Mask
  6
CONTINUOUS
100
AcDbLine
 10
44.718589999999999
 20
-82.9792739999999895
 30
0
 11
44.3180240000000012
 21
-82.5271279999999905
 31
0
  0
LINE
  5
412
330
1B
100
AcDbEntity
  8
B.Mask
  6
CONTINUOUS
100
AcDbLine
 10
44.3180240000000012
 20
-82.5271279999999905
 30
0
 11
43.9454889999999949
 21
-82.0516219999999947
 31
0
  0
LINE
  5
413
330
1B
100
AcDbEntity
  8
B.Mask
  6
CONTINUOUS
100
AcDbLine
 10
43.9454889999999949
 20
-82.0516219999999947
 30
0
 11
43.6023429999999976
 21
-81.5544900000000013
 31
0
  0
LINE
  5
414
330
1B
100
AcDbEntity
  8
B.Mask
  6
CONTINUOUS
100
AcDbLine
 10
43.6023429999999976
 20
-81.5544900000000013
 30
0
 11
43.2898399999999981
 21
-81.0375459999999919
 31
0
  0
LINE
  5
415
330
1B
100
AcDbEntity
  8
B.Mask
  6
CONTINUOUS
100
AcDbLine
 10
43.2898399999999981
 20
-81.0375459999999919
 30
0
 11
43.0091189999999983
 21
-80.5026769999999914
 31
0
  0
LINE
  5
416
330
1B
100
AcDbEntity
  8
B.Mask
  6
CONTINUOUS
100
AcDbLine
 10
43.0091189999999983
 20
-80.5026769999999914
 30
0
 11
42.7612049999999968
 21
-79.951833999999991
 31
0
  0
LINE
  5
417
330
1B
100
AcDbEntity
  8
B.Mask
  6
CONTINUOUS
100
AcDbLine
 10
42.7612049999999968
 20
-79.951833999999991
 30
0
 11
42.5470019999999991
 21
-79.3870280000000008
 31
0
  0
LINE
  5
418
330
1B
100
AcDbEntity
  8
B.Mask
  6
CONTINUOUS
100
AcDbLine
 10
42.5470019999999991
 20
-79.3870280000000008
 30
0
 11
42.3672919999999991
 21
-78.8103189999999927
 31
0
  0
LINE
  5
419
330
1B
100
AcDbEntity
  8
B.Mask
  6
CONTINUOUS
100
AcDbLine
 10
42.3672919999999991
 20
-78.8103189999999927
 30
0
 11
42.222730999999996
 21
-78.2238109999999978
 31
0
  0
LINE
  5
41A
330
1B
100
AcDbEntity
  8
B.Mask
  6
CONTINUOUS
100
AcDbLine
 10
42.222730999999996
 20
-78.2238109999999978
 30
0
 11
42.1138459999999952
 21
-77.6296449999999965
 31
0
  0
LINE
  5
41B
330
1B
100
AcDbEntity
  8
B.Mask
  6
CONTINUOUS
100
AcDbLine
 10
42.1138459999999952
 20
-77.6296449999999965
 30
0
 11
42.0410339999999962
 21
-77.0299890000000005
 31
0
  0
LINE
  5
41C
330
1B
100
AcDbEntity
  8
B.Mask
  6
CONTINUOUS
100
AcDbLine
 10
42.0410339999999962
 20
-77.0299890000000005
 30
0
 11
42.004562
 21
-76.427030000000002
 31
0
  0
LINE
  5
41D
330
1B
100
AcDbEntity
  8
B.Mask
  6
CONTINUOUS
100
AcDbLine
 10
42.004562
 20
-76.427030000000002
 30
0
 11
42.004562
 21
-75.822969999999998
 31
0
  0
LINE
  5
41E
330
1B
100
AcDbEntity
  8
B.Mask
  6
CONTINUOUS
100
AcDbLine
 10
42.004562
 20
-75.822969999999998
 30
0
 11
42.0410339999999962
 21
-75.2200109999999995
 31
0
  0
LINE
  5
41F
330
1B
100
AcDbEntity
  8
B.Mask
  6
CONTINUOUS
100
AcDbLine
 10
42.0410339999999962
 20
-75.2200109999999995
 30
0
 11
42.1138459999999952
 21
-74.6203550000000035
 31
0
  0
LINE
  5
420
330
1B
100
AcDbEntity
  8
B.Mask
  6
CONTINUOUS
100
AcDbLine
 10
42.1138459999999952
 20
-74.6203550000000035
 30
0
 11
42.222730999999996
 21
-74.0261890000000022
 31
0
  0
LINE
  5
421
330
1B
100
AcDbEntity
  8
B.Mask
  6
CONTINUOUS
100
AcDbLine
 10
42.222730999999996
 20
-74.0261890000000022
 30
0
 11
42.3672919999999991
 21
-73.4396809999999931
 31
0
  0
LINE
  5
422
330
1B
100
AcDbEntity
  8
B.Mask
  6
CONTINUOUS
100
AcDbLine
 10
42.3672919999999991
 20
-73.4396809999999931
 30
0
 11
42.5470019999999991
 21
-72.8629719999999992
 31
0
  0
LINE
  5
423
330
1B
100
AcDbEntity
  8
B.Mask
  6
CONTINUOUS
100
AcDbLine
 10
42.5470019999999991
 20
-72.8629719999999992
 30
0
 11
42.7612049999999968
 21
-72.2981659999999948
 31
0
  0
LINE
  5
424
330
1B
100
AcDbEntity
  8
B.Mask
  6
CONTINUOUS
100
AcDbLine
 10
42.7612049999999968
 20
-72.2981659999999948
 30
0
 11
43.0091189999999983
 21
-71.7473229999999944
 31
0
  0
LINE
  5
425
330
1B
100
AcDbEntity
  8
B.Mask
  6
CONTINUOUS
100
AcDbLine
 10
43.0091189999999983
 20
-71.7473229999999944
 30
0
 11
43.2898399999999981
 21
-71.2124539999999939
 31
0
  0
LINE
  5
426
330
1B
100
AcDbEntity
  8
B.Mask
  6
CONTINUOUS
100
AcDbLine
 10
43.2898399999999981
 20
-71.2124539999999939
 30
0
 11
43.6023429999999976
 21
-70.6955099999999987
 31
0
  0
LINE
  5
427
330
1B
100
AcDbEntity
  8
B.Mask
  6
CONTINUOUS
100
AcDbLine
 10
43.6023429999999976
 20
-70.6955099999999987
 30
0
 11
43.9454889999999949
 21
-70.1983779999999911
 31
0
  0
LINE
  5
428
330
1B
100
AcDbEntity
  8
B.Mask
  6
CONTINUOUS
100
AcDbLine
 10
43.9454889999999949
 20
-70.1983779999999911
 30
0
 11
44.3180240000000012
 21
-69.7228719999999953
 31
0
  0
LINE
  5
429
330
1B
100
AcDbEntity
  8
B.Mask
  6
CONTINUOUS
100
AcDbLine
 10
44.3180240000000012
 20
-69.7228719999999953
 30
0
 11
44.718589999999999
 21
-69.2707259999999962
 31
0
  0
LINE
  5
42A
330
1B
100
AcDbEntity
  8
B.Mask
  6
CONTINUOUS
100
AcDbLine
 10
44.718589999999999
 20
-69.2707259999999962
 30
0
 11
45.1457259999999962
 21
-68.8435899999999918
 31
0
  0
LINE
  5
42B
330
1B
100
AcDbEntity
  8
B.Mask
  6
CONTINUOUS
100
AcDbLine
 10
45.1457259999999962
 20
-68.8435899999999918
 30
0
 11
45.5978719999999953
 21
-68.4430239999999941
 31
0
  0
LINE
  5
42C
330
1B
100
AcDbEntity
  8
B.Mask
  6
CONTINUOUS
100
AcDbLine
 10
45.5978719999999953
 20
-68.4430239999999941
 30
0
 11
46.0733779999999982
 21
-68.0704889999999949
 31
0
  0
LINE
  5
42D
330
1B
100
AcDbEntity
  8
B.Mask
  6
CONTINUOUS
100
AcDbLine
 10
46.0733779999999982
 20
-68.0704889999999949
 30
0
 11
46.5705099999999987
 21
-67.7273429999999905
 31
0
  0
LINE
  5
42E
330
1B
100
AcDbEntity
  8
B.Mask
  6
CONTINUOUS
100
AcDbLine
 10
46.5705099999999987
 20
-67.7273429999999905
 30
0
 11
47.087454000000001
 21
-67.4148399999999981
 31
0
  0
LINE
  5
42F
330
1B
100
AcDbEntity
  8
B.Mask
  6
CONTINUOUS
100
AcDbLine
 10
47.087454000000001
 20
-67.4148399999999981
 30
0
 11
47.6223229999999944
 21
-67.1341189999999983
 31
0
  0
LINE
  5
430
330
1B
100
AcDbEntity
  8
B.Mask
  6
CONTINUOUS
100
AcDbLine
 10
47.6223229999999944
 20
-67.1341189999999983
 30
0
 11
48.1731659999999948
 21
-66.8862050000000039
 31
0
  0
LINE
  5
431
330
1B
100
AcDbEntity
  8
B.Mask
  6
CONTINUOUS
100
AcDbLine
 10
48.1731659999999948
 20
-66.8862050000000039
 30
0
 11
48.7379719999999992
 21
-66.672001999999992
 31
0
  0
LINE
  5
432
330
1B
100
AcDbEntity
  8
B.Mask
  6
CONTINUOUS
100
AcDbLine
 10
48.7379719999999992
 20
-66.672001999999992
 30
0
 11
49.3146810000000002
 21
-66.492291999999992
 31
0
  0
LINE
  5
433
330
1B
100
AcDbEntity
  8
B.Mask
  6
CONTINUOUS
100
AcDbLine
 10
49.3146810000000002
 20
-66.492291999999992
 30
0
 11
49.9011889999999951
 21
-66.347730999999996
 31
0
  0
LINE
  5
434
330
1B
100
AcDbEntity
  8
B.Mask
  6
CONTINUOUS
100
AcDbLine
 10
49.9011889999999951
 20
-66.347730999999996
 30
0
 11
50.4953549999999964
 21
-66.2388459999999952
 31
0
  0
LINE
  5
435
330
1B
100
AcDbEntity
  8
B.Mask
  6
CONTINUOUS
100
AcDbLine
 10
50.4953549999999964
 20
-66.2388459999999952
 30
0
 11
51.0950109999999995
 21
-66.1660339999999962
 31
0
  0
LINE
  5
436
330
1B
100
AcDbEntity
  8
B.Mask
  6
CONTINUOUS
100
AcDbLine
 10
51.0950109999999995
 20
-66.1660339999999962
 30
0
 11
51.697969999999998
 21
-66.1295619999999928
 31
0
  0
LINE
  5
437
330
1B
100
AcDbEntity
  8
B.Mask
  6
CONTINUOUS
100
AcDbLine
 10
51.697969999999998
 20
-66.1295619999999928
 30
0
 11
52.3020299999999949
 21
-66.1295619999999928
 31
0
  0
LINE
  5
438
330
1B
100
AcDbEntity
  8
B.Mask
  6
CONTINUOUS
100
AcDbLine
 10
52.3020299999999949
 20
-66.1295619999999928
 30
0
 11
52.9049890000000005
 21
-66.1660339999999962
 31
0
  0
LINE
  5
439
330
1B
100
AcDbEntity
  8
B.Mask
  6
CONTINUOUS
100
AcDbLine
 10
84.9049890000000005
 20
-66.1660339999999962
 30
0
 11
85.5046449999999965
 21
-66.2388459999999952
 31
0
  0
LINE
  5
43A
330
1B
100
AcDbEntity
  8
B.Mask
  6
CONTINUOUS
100
AcDbLine
 10
85.5046449999999965
 20
-66.2388459999999952
 30
0
 11
86.0988109999999978
 21
-66.347730999999996
 31
0
  0
LINE
  5
43B
330
1B
100
AcDbEntity
  8
B.Mask
  6
CONTINUOUS
100
AcDbLine
 10
86.0988109999999978
 20
-66.347730999999996
 30
0
 11
86.6853189999999927
 21
-66.492291999999992
 31
0
  0
LINE
  5
43C
330
1B
100
AcDbEntity
  8
B.Mask
  6
CONTINUOUS
100
AcDbLine
 10
86.6853189999999927
 20
-66.492291999999992
 30
0
 11
87.2620280000000008
 21
-66.672001999999992
 31
0
  0
LINE
  5
43D
330
1B
100
AcDbEntity
  8
B.Mask
  6
CONTINUOUS
100
AcDbLine
 10
87.2620280000000008
 20
-66.672001999999992
 30
0
 11
87.826833999999991
 21
-66.8862050000000039
 31
0
  0
LINE
  5
43E
330
1B
100
AcDbEntity
  8
B.Mask
  6
CONTINUOUS
100
AcDbLine
 10
87.826833999999991
 20
-66.8862050000000039
 30
0
 11
88.3776769999999914
 21
-67.1341189999999983
 31
0
  0
LINE
  5
43F
330
1B
100
AcDbEntity
  8
B.Mask
  6
CONTINUOUS
100
AcDbLine
 10
88.3776769999999914
 20
-67.1341189999999983
 30
0
 11
88.9125459999999919
 21
-67.4148399999999981
 31
0
  0
LINE
  5
440
330
1B
100
AcDbEntity
  8
B.Mask
  6
CONTINUOUS
100
AcDbLine
 10
88.9125459999999919
 20
-67.4148399999999981
 30
0
 11
89.4294900000000013
 21
-67.7273429999999905
 31
0
  0
LINE
  5
441
330
1B
100
AcDbEntity
  8
B.Mask
  6
CONTINUOUS
100
AcDbLine
 10
89.4294900000000013
 20
-67.7273429999999905
 30
0
 11
89.9266219999999947
 21
-68.0704889999999949
 31
0
  0
LINE
  5
442
330
1B
100
AcDbEntity
  8
B.Mask
  6
CONTINUOUS
100
AcDbLine
 10
89.9266219999999947
 20
-68.0704889999999949
 30
0
 11
90.4021279999999905
 21
-68.4430239999999941
 31
0
  0
LINE
  5
443
330
1B
100
AcDbEntity
  8
B.Mask
  6
CONTINUOUS
100
AcDbLine
 10
90.4021279999999905
 20
-68.4430239999999941
 30
0
 11
90.8542739999999895
 21
-68.8435899999999918
 31
0
  0
LINE
  5
444
330
1B
100
AcDbEntity
  8
B.Mask
  6
CONTINUOUS
100
AcDbLine
 10
90.8542739999999895
 20
-68.8435899999999918
 30
0
 11
91.2814099999999939
 21
-69.2707259999999962
 31
0
  0
LINE
  5
445
330
1B
100
AcDbEntity
  8
B.Mask
  6
CONTINUOUS
100
AcDbLine
 10
91.2814099999999939
 20
-69.2707259999999962
 30
0
 11
91.6819759999999917
 21
-69.7228719999999953
 31
0
  0
LINE
  5
446
330
1B
100
AcDbEntity
  8
B.Mask
  6
CONTINUOUS
100
AcDbLine
 10
91.6819759999999917
 20
-69.7228719999999953
 30
0
 11
92.0545109999999909
 21
-70.1983779999999911
 31
0
  0
LINE
  5
447
330
1B
100
AcDbEntity
  8
B.Mask
  6
CONTINUOUS
100
AcDbLine
 10
92.0545109999999909
 20
-70.1983779999999911
 30
0
 11
92.3976569999999953
 21
-70.6955099999999987
 31
0
  0
LINE
  5
448
330
1B
100
AcDbEntity
  8
B.Mask
  6
CONTINUOUS
100
AcDbLine
 10
92.3976569999999953
 20
-70.6955099999999987
 30
0
 11
92.7101600000000019
 21
-71.2124539999999939
 31
0
  0
LINE
  5
449
330
1B
100
AcDbEntity
  8
B.Mask
  6
CONTINUOUS
100
AcDbLine
 10
92.7101600000000019
 20
-71.2124539999999939
 30
0
 11
92.9908810000000017
 21
-71.7473229999999944
 31
0
  0
LINE
  5
44A
330
1B
100
AcDbEntity
  8
B.Mask
  6
CONTINUOUS
100
AcDbLine
 10
92.9908810000000017
 20
-71.7473229999999944
 30
0
 11
93.2387949999999961
 21
-72.2981659999999948
 31
0
  0
LINE
  5
44B
330
1B
100
AcDbEntity
  8
B.Mask
  6
CONTINUOUS
100
AcDbLine
 10
93.2387949999999961
 20
-72.2981659999999948
 30
0
 11
93.4529979999999938
 21
-72.8629719999999992
 31
0
  0
LINE
  5
44C
330
1B
100
AcDbEntity
  8
B.Mask
  6
CONTINUOUS
100
AcDbLine
 10
93.4529979999999938
 20
-72.8629719999999992
 30
0
 11
93.6327079999999938
 21
-73.4396809999999931
 31
0
  0
LINE
  5
44D
330
1B
100
AcDbEntity
  8
B.Mask
  6
CONTINUOUS
100
AcDbLine
 10
93.6327079999999938
 20
-73.4396809999999931
 30
0
 11
93.7772689999999898
 21
-74.0261890000000022
 31
0
  0
LINE
  5
44E
330
1B
100
AcDbEntity
  8
B.Mask
  6
CONTINUOUS
100
AcDbLine
 10
93.7772689999999898
 20
-74.0261890000000022
 30
0
 11
93.8861539999999906
 21
-74.6203550000000035
 31
0
  0
LINE
  5
44F
330
1B
100
AcDbEntity
  8
B.Mask
  6
CONTINUOUS
100
AcDbLine
 10
93.8861539999999906
 20
-74.6203550000000035
 30
0
 11
93.9589659999999895
 21
-75.2200109999999995
 31
0
  0
LINE
  5
450
330
1B
100
AcDbEntity
  8
B.Mask
  6
CONTINUOUS
100
AcDbLine
 10
93.9589659999999895
 20
-75.2200109999999995
 30
0
 11
93.9954379999999929
 21
-75.822969999999998
 31
0
  0
LINE
  5
451
330
1B
100
AcDbEntity
  8
B.Mask
  6
CONTINUOUS
100
AcDbLine
 10
93.9954379999999929
 20
-75.822969999999998
 30
0
 11
93.9954379999999929
 21
-76.427030000000002
 31
0
  0
LINE
  5
452
330
1B
100
AcDbEntity
  8
B.Mask
  6
CONTINUOUS
100
AcDbLine
 10
93.9954379999999929
 20
-76.427030000000002
 30
0
 11
93.9589659999999895
 21
-77.0299890000000005
 31
0
  0
LINE
  5
453
330
1B
100
AcDbEntity
  8
B.Mask
  6
CONTINUOUS
100
AcDbLine
 10
93.9589659999999895
 20
-77.0299890000000005
 30
0
 11
93.8861539999999906
 21
-77.6296449999999965
 31
0
  0
LINE
  5
454
330
1B
100
AcDbEntity
  8
B.Mask
  6
CONTINUOUS
100
AcDbLine
 10
93.8861539999999906
 20
-77.6296449999999965
 30
0
 11
93.7772689999999898
 21
-78.2238109999999978
 31
0
  0
LINE
  5
455
330
1B
100
AcDbEntity
  8
B.Mask
  6
CONTINUOUS
100
AcDbLine
 10
93.7772689999999898
 20
-78.2238109999999978
 30
0
 11
93.6327079999999938
 21
-78.8103189999999927
 31
0
  0
LINE
  5
456
330
1B
100
AcDbEntity
  8
B.Mask
  6
CONTINUOUS
100
AcDbLine
 10
93.6327079999999938
 20
-78.8103189999999927
 30
0
 11
93.4529979999999938
 21
-79.3870280000000008
 31
0
  0
LINE
  5
457
330
1B
100
AcDbEntity
  8
B.Mask
  6
CONTINUOUS
100
AcDbLine
 10
93.4529979999999938
 20
-79.3870280000000008
 30
0
 11
93.2387949999999961
 21
-79.951833999999991
 31
0
  0
LINE
  5
458
330
1B
100
AcDbEntity
  8
B.Mask
  6
CONTINUOUS
100
AcDbLine
 10
93.2387949999999961
 20
-79.951833999999991
 30
0
 11
92.9908810000000017
 21
-80.5026769999999914
 31
0
  0
LINE
  5
459
330
1B
100
AcDbEntity
  8
B.Mask
  6
CONTINUOUS
100
AcDbLine
 10
92.9908810000000017
 20
-80.5026769999999914
 30
0
 11
92.7101600000000019
 21
-81.0375459999999919
 31
0
  0
LINE
  5
45A
330
1B
100
AcDbEntity
  8
B.Mask
  6
CONTINUOUS
100
AcDbLine
 10
92.7101600000000019
 20
-81.0375459999999919
 30
0
 11
92.3976569999999953
 21
-81.5544900000000013
 31
0
  0
LINE
  5
45B
330
1B
100
AcDbEntity
  8
B.Mask
  6
CONTINUOUS
100
AcDbLine
 10
92.3976569999999953
 20
-81.5544900000000013
 30
0
 11
92.0545109999999909
 21
-82.0516219999999947
 31
0
  0
LINE
  5
45C
330
1B
100
AcDbEntity
  8
B.Mask
  6
CONTINUOUS
100
AcDbLine
 10
92.0545109999999909
 20
-82.0516219999999947
 30
0
 11
91.6819759999999917
 21
-82.5271279999999905
 31
0
  0
LINE
  5
45D
330
1B
100
AcDbEntity
  8
B.Mask
  6
CONTINUOUS
100
AcDbLine
 10
91.6819759999999917
 20
-82.5271279999999905
 30
0
 11
91.2814099999999939
 21
-82.9792739999999895
 31
0
  0
LINE
  5
45E
330
1B
100
AcDbEntity
  8
B.Mask
  6
CONTINUOUS
100
AcDbLine
 10
91.2814099999999939
 20
-82.9792739999999895
 30
0
 11
90.8542739999999895
 21
-83.4064099999999939
 31
0
  0
LINE
  5
45F
330
1B
100
AcDbEntity
  8
B.Mask
  6
CONTINUOUS
100
AcDbLine
 10
90.8542739999999895
 20
-83.4064099999999939
 30
0
 11
90.4021279999999905
 21
-83.8069759999999917
 31
0
  0
LINE
  5
460
330
1B
100
AcDbEntity
  8
B.Mask
  6
CONTINUOUS
100
AcDbLine
 10
90.4021279999999905
 20
-83.8069759999999917
 30
0
 11
89.9266219999999947
 21
-84.1795109999999909
 31
0
  0
LINE
  5
461
330
1B
100
AcDbEntity
  8
B.Mask
  6
CONTINUOUS
100
AcDbLine
 10
89.9266219999999947
 20
-84.1795109999999909
 30
0
 11
89.4294900000000013
 21
-84.5226569999999953
 31
0
  0
LINE
  5
462
330
1B
100
AcDbEntity
  8
B.Mask
  6
CONTINUOUS
100
AcDbLine
 10
89.4294900000000013
 20
-84.5226569999999953
 30
0
 11
88.9125459999999919
 21
-84.8351600000000019
 31
0
  0
LINE
  5
463
330
1B
100
AcDbEntity
  8
B.Mask
  6
CONTINUOUS
100
AcDbLine
 10
88.9125459999999919
 20
-84.8351600000000019
 30
0
 11
88.3776769999999914
 21
-85.1158810000000017
 31
0
  0
LINE
  5
464
330
1B
100
AcDbEntity
  8
B.Mask
  6
CONTINUOUS
100
AcDbLine
 10
88.3776769999999914
 20
-85.1158810000000017
 30
0
 11
87.826833999999991
 21
-85.3637949999999961
 31
0
  0
LINE
  5
465
330
1B
100
AcDbEntity
  8
B.Mask
  6
CONTINUOUS
100
AcDbLine
 10
87.826833999999991
 20
-85.3637949999999961
 30
0
 11
87.2620280000000008
 21
-85.5779979999999938
 31
0
  0
LINE
  5
466
330
1B
100
AcDbEntity
  8
B.Mask
  6
CONTINUOUS
100
AcDbLine
 10
87.2620280000000008
 20
-85.5779979999999938
 30
0
 11
86.6853189999999927
 21
-85.7577079999999938
 31
0
  0
LINE
  5
467
330
1B
100
AcDbEntity
  8
B.Mask
  6
CONTINUOUS
100
AcDbLine
 10
86.6853189999999927
 20
-85.7577079999999938
 30
0
 11
86.0988109999999978
 21
-85.9022689999999898
 31
0
  0
LINE
  5
468
330
1B
100
AcDbEntity
  8
B.Mask
  6
CONTINUOUS
100
AcDbLine
 10
86.0988109999999978
 20
-85.9022689999999898
 30
0
 11
85.5046449999999965
 21
-86.0111539999999906
 31
0
  0
LINE
  5
469
330
1B
100
AcDbEntity
  8
B.Mask
  6
CONTINUOUS
100
AcDbLine
 10
85.5046449999999965
 20
-86.0111539999999906
 30
0
 11
84.9049890000000005
 21
-86.0839659999999895
 31
0
  0
LINE
  5
46A
330
1B
100
AcDbEntity
  8
B.Mask
  6
CONTINUOUS
100
AcDbLine
 10
84.9049890000000005
 20
-86.0839659999999895
 30
0
 11
84.302030000000002
 21
-86.1204379999999929
 31
0
  0
LINE
  5
46B
330
1B
100
AcDbEntity
  8
B.Mask
  6
CONTINUOUS
100
AcDbLine
 10
84.302030000000002
 20
-86.1204379999999929
 30
0
 11
83.697969999999998
 21
-86.1204379999999929
 31
0
  0
LINE
  5
46C
330
1B
100
AcDbEntity
  8
B.Mask
  6
CONTINUOUS
100
AcDbLine
 10
83.697969999999998
 20
-86.1204379999999929
 30
0
 11
83.0950109999999995
 21
-86.0839659999999895
 31
0
  0
LINE
  5
46D
330
1B
100
AcDbEntity
  8
B.Mask
  6
CONTINUOUS
100
AcDbLine
 10
83.0950109999999995
 20
-86.0839659999999895
 30
0
 11
82.4953549999999893
 21
-86.0111539999999906
 31
0
  0
LINE
  5
46E
330
1B
100
AcDbEntity
  8
B.Mask
  6
CONTINUOUS
100
AcDbLine
 10
82.4953549999999893
 20
-86.0111539999999906
 30
0
 11
81.9011890000000022
 21
-85.9022689999999898
 31
0
  0
LINE
  5
46F
330
1B
100
AcDbEntity
  8
B.Mask
  6
CONTINUOUS
100
AcDbLine
 10
81.9011890000000022
 20
-85.9022689999999898
 30
0
 11
81.3146809999999931
 21
-85.7577079999999938
 31
0
  0
LINE
  5
470
330
1B
100
AcDbEntity
  8
B.Mask
  6
CONTINUOUS
100
AcDbLine
 10
81.3146809999999931
 20
-85.7577079999999938
 30
0
 11
80.7379719999999992
 21
-85.5779979999999938
 31
0
  0
LINE
  5
471
330
1B
100
AcDbEntity
  8
B.Mask
  6
CONTINUOUS
100
AcDbLine
 10
80.7379719999999992
 20
-85.5779979999999938
 30
0
 11
80.1731659999999948
 21
-85.3637949999999961
 31
0
  0
LINE
  5
472
330
1B
100
AcDbEntity
  8
B.Mask
  6
CONTINUOUS
100
AcDbLine
 10
80.1731659999999948
 20
-85.3637949999999961
 30
0
 11
79.6223229999999944
 21
-85.1158810000000017
 31
0
  0
LINE
  5
473
330
1B
100
AcDbEntity
  8
B.Mask
  6
CONTINUOUS
100
AcDbLine
 10
79.6223229999999944
 20
-85.1158810000000017
 30
0
 11
79.0874539999999939
 21
-84.8351600000000019
 31
0
  0
LINE
  5
474
330
1B
100
AcDbEntity
  8
B.Mask
  6
CONTINUOUS
100
AcDbLine
 10
79.0874539999999939
 20
-84.8351600000000019
 30
0
 11
78.5705099999999987
 21
-84.5226569999999953
 31
0
  0
LINE
  5
475
330
1B
100
AcDbEntity
  8
B.Mask
  6
CONTINUOUS
100
AcDbLine
 10
78.5705099999999987
 20
-84.5226569999999953
 30
0
 11
78.0733779999999911
 21
-84.1795109999999909
 31
0
  0
LINE
  5
476
330
1B
100
AcDbEntity
  8
B.Mask
  6
CONTINUOUS
100
AcDbLine
 10
78.0733779999999911
 20
-84.1795109999999909
 30
0
 11
77.5978719999999953
 21
-83.8069759999999917
 31
0
  0
LINE
  5
477
330
1B
100
AcDbEntity
  8
B.Mask
  6
CONTINUOUS
100
AcDbLine
 10
77.5978719999999953
 20
-83.8069759999999917
 30
0
 11
77.1457259999999962
 21
-83.4064099999999939
 31
0
  0
LINE
  5
478
330
1B
100
AcDbEntity
  8
B.Mask
  6
CONTINUOUS
100
AcDbLine
 10
77.1457259999999962
 20
-83.4064099999999939
 30
0
 11
76.7185899999999918
 21
-82.9792739999999895
 31
0
  0
LINE
  5
479
330
1B
100
AcDbEntity
  8
B.Mask
  6
CONTINUOUS
100
AcDbLine
 10
76.7185899999999918
 20
-82.9792739999999895
 30
0
 11
76.3180239999999941
 21
-82.5271279999999905
 31
0
  0
LINE
  5
47A
330
1B
100
AcDbEntity
  8
B.Mask
  6
CONTINUOUS
100
AcDbLine
 10
76.3180239999999941
 20
-82.5271279999999905
 30
0
 11
75.9454889999999949
 21
-82.0516219999999947
 31
0
  0
LINE
  5
47B
330
1B
100
AcDbEntity
  8
B.Mask
  6
CONTINUOUS
100
AcDbLine
 10
75.9454889999999949
 20
-82.0516219999999947
 30
0
 11
75.6023429999999905
 21
-81.5544900000000013
 31
0
  0
LINE
  5
47C
330
1B
100
AcDbEntity
  8
B.Mask
  6
CONTINUOUS
100
AcDbLine
 10
75.6023429999999905
 20
-81.5544900000000013
 30
0
 11
75.2898399999999981
 21
-81.0375459999999919
 31
0
  0
LINE
  5
47D
330
1B
100
AcDbEntity
  8
B.Mask
  6
CONTINUOUS
100
AcDbLine
 10
75.2898399999999981
 20
-81.0375459999999919
 30
0
 11
75.0091189999999983
 21
-80.5026769999999914
 31
0
  0
LINE
  5
47E
330
1B
100
AcDbEntity
  8
B.Mask
  6
CONTINUOUS
100
AcDbLine
 10
75.0091189999999983
 20
-80.5026769999999914
 30
0
 11
74.7612049999999897
 21
-79.951833999999991
 31
0
  0
LINE
  5
47F
330
1B
100
AcDbEntity
  8
B.Mask
  6
CONTINUOUS
100
AcDbLine
 10
74.7612049999999897
 20
-79.951833999999991
 30
0
 11
74.547001999999992
 21
-79.3870280000000008
 31
0
  0
LINE
  5
480
330
1B
100
AcDbEntity
  8
B.Mask
  6
CONTINUOUS
100
AcDbLine
 10
74.547001999999992
 20
-79.3870280000000008
 30
0
 11
74.367291999999992
 21
-78.8103189999999927
 31
0
  0
LINE
  5
481
330
1B
100
AcDbEntity
  8
B.Mask
  6
CONTINUOUS
100
AcDbLine
 10
74.367291999999992
 20
-78.8103189999999927
 30
0
 11
74.222730999999996
 21
-78.2238109999999978
 31
0
  0
LINE
  5
482
330
1B
100
AcDbEntity
  8
B.Mask
  6
CONTINUOUS
100
AcDbLine
 10
74.222730999999996
 20
-78.2238109999999978
 30
0
 11
74.1138459999999952
 21
-77.6296449999999965
 31
0
  0
LINE
  5
483
330
1B
100
AcDbEntity
  8
B.Mask
  6
CONTINUOUS
100
AcDbLine
 10
74.1138459999999952
 20
-77.6296449999999965
 30
0
 11
74.0410339999999962
 21
-77.0299890000000005
 31
0
  0
LINE
  5
484
330
1B
100
AcDbEntity
  8
B.Mask
  6
CONTINUOUS
100
AcDbLine
 10
74.0410339999999962
 20
-77.0299890000000005
 30
0
 11
74.0045619999999928
 21
-76.427030000000002
 31
0
  0
LINE
  5
485
330
1B
100
AcDbEntity
  8
B.Mask
  6
CONTINUOUS
100
AcDbLine
 10
74.0045619999999928
 20
-76.427030000000002
 30
0
 11
74.0045619999999928
 21
-75.822969999999998
 31
0
  0
LINE
  5
486
330
1B
100
AcDbEntity
  8
B.Mask
  6
CONTINUOUS
100
AcDbLine
 10
74.0045619999999928
 20
-75.822969999999998
 30
0
 11
74.0410339999999962
 21
-75.2200109999999995
 31
0
  0
LINE
  5
487
330
1B
100
AcDbEntity
  8
B.Mask
  6
CONTINUOUS
100
AcDbLine
 10
74.0410339999999962
 20
-75.2200109999999995
 30
0
 11
74.1138459999999952
 21
-74.6203550000000035
 31
0
  0
LINE
  5
488
330
1B
100
AcDbEntity
  8
B.Mask
  6
CONTINUOUS
100
AcDbLine
 10
74.1138459999999952
 20
-74.6203550000000035
 30
0
 11
74.222730999999996
 21
-74.0261890000000022
 31
0
  0
LINE
  5
489
330
1B
100
AcDbEntity
  8
B.Mask
  6
CONTINUOUS
100
AcDbLine
 10
74.222730999999996
 20
-74.0261890000000022
 30
0
 11
74.367291999999992
 21
-73.4396809999999931
 31
0
  0
LINE
  5
48A
330
1B
100
AcDbEntity
  8
B.Mask
  6
CONTINUOUS
100
AcDbLine
 10
74.367291999999992
 20
-73.4396809999999931
 30
0
 11
74.547001999999992
 21
-72.8629719999999992
 31
0
  0
LINE
  5
48B
330
1B
100
AcDbEntity
  8
B.Mask
  6
CONTINUOUS
100
AcDbLine
 10
74.547001999999992
 20
-72.8629719999999992
 30
0
 11
74.7612049999999897
 21
-72.2981659999999948
 31
0
  0
LINE
  5
48C
330
1B
100
AcDbEntity
  8
B.Mask
  6
CONTINUOUS
100
AcDbLine
 10
74.7612049999999897
 20
-72.2981659999999948
 30
0
 11
75.0091189999999983
 21
-71.7473229999999944
 31
0
  0
LINE
  5
48D
330
1B
100
AcDbEntity
  8
B.Mask
  6
CONTINUOUS
100
AcDbLine
 10
75.0091189999999983
 20
-71.7473229999999944
 30
0
 11
75.2898399999999981
 21
-71.2124539999999939
 31
0
  0
LINE
  5
48E
330
1B
100
AcDbEntity
  8
B.Mask
  6
CONTINUOUS
100
AcDbLine
 10
75.2898399999999981
 20
-71.2124539999999939
 30
0
 11
75.6023429999999905
 21
-70.6955099999999987
 31
0
  0
LINE
  5
48F
330
1B
100
AcDbEntity
  8
B.Mask
  6
CONTINUOUS
100
AcDbLine
 10
75.6023429999999905
 20
-70.6955099999999987
 30
0
 11
75.9454889999999949
 21
-70.1983779999999911
 31
0
  0
LINE
  5
490
330
1B
100
AcDbEntity
  8
B.Mask
  6
CONTINUOUS
100
AcDbLine
 10
75.9454889999999949
 20
-70.1983779999999911
 30
0
 11
76.3180239999999941
 21
-69.7228719999999953
 31
0
  0
LINE
  5
491
330
1B
100
AcDbEntity
  8
B.Mask
  6
CONTINUOUS
100
AcDbLine
 10
76.3180239999999941
 20
-69.7228719999999953
 30
0
 11
76.7185899999999918
 21
-69.2707259999999962
 31
0
  0
LINE
  5
492
330
1B
100
AcDbEntity
  8
B.Mask
  6
CONTINUOUS
100
AcDbLine
 10
76.7185899999999918
 20
-69.2707259999999962
 30
0
 11
77.1457259999999962
 21
-68.8435899999999918
 31
0
  0
LINE
  5
493
330
1B
100
AcDbEntity
  8
B.Mask
  6
CONTINUOUS
100
AcDbLine
 10
77.1457259999999962
 20
-68.8435899999999918
 30
0
 11
77.5978719999999953
 21
-68.4430239999999941
 31
0
  0
LINE
  5
494
330
1B
100
AcDbEntity
  8
B.Mask
  6
CONTINUOUS
100
AcDbLine
 10
77.5978719999999953
 20
-68.4430239999999941
 30
0
 11
78.0733779999999911
 21
-68.0704889999999949
 31
0
  0
LINE
  5
495
330
1B
100
AcDbEntity
  8
B.Mask
  6
CONTINUOUS
100
AcDbLine
 10
78.0733779999999911
 20
-68.0704889999999949
 30
0
 11
78.5705099999999987
 21
-67.7273429999999905
 31
0
  0
LINE
  5
496
330
1B
100
AcDbEntity
  8
B.Mask
  6
CONTINUOUS
100
AcDbLine
 10
78.5705099999999987
 20
-67.7273429999999905
 30
0
 11
79.0874539999999939
 21
-67.4148399999999981
 31
0
  0
LINE
  5
497
330
1B
100
AcDbEntity
  8
B.Mask
  6
CONTINUOUS
100
AcDbLine
 10
79.0874539999999939
 20
-67.4148399999999981
 30
0
 11
79.6223229999999944
 21
-67.1341189999999983
 31
0
  0
LINE
  5
498
330
1B
100
AcDbEntity
  8
B.Mask
  6
CONTINUOUS
100
AcDbLine
 10
79.6223229999999944
 20
-67.1341189999999983
 30
0
 11
80.1731659999999948
 21
-66.8862050000000039
 31
0
  0
LINE
  5
499
330
1B
100
AcDbEntity
  8
B.Mask
  6
CONTINUOUS
100
AcDbLine
 10
80.1731659999999948
 20
-66.8862050000000039
 30
0
 11
80.7379719999999992
 21
-66.672001999999992
 31
0
  0
LINE
  5
49A
330
1B
100
AcDbEntity
  8
B.Mask
  6
CONTINUOUS
100
AcDbLine
 10
80.7379719999999992
 20
-66.672001999999992
 30
0
 11
81.3146809999999931
 21
-66.492291999999992
 31
0
  0
LINE
  5
49B
330
1B
100
AcDbEntity
  8
B.Mask
  6
CONTINUOUS
100
AcDbLine
 10
81.3146809999999931
 20
-66.492291999999992
 30
0
 11
81.9011890000000022
 21
-66.347730999999996
 31
0
  0
LINE
  5
49C
330
1B
100
AcDbEntity
  8
B.Mask
  6
CONTINUOUS
100
AcDbLine
 10
81.9011890000000022
 20
-66.347730999999996
 30
0
 11
82.4953549999999893
 21
-66.2388459999999952
 31
0
  0
LINE
  5
49D
330
1B
100
AcDbEntity
  8
B.Mask
  6
CONTINUOUS
100
AcDbLine
 10
82.4953549999999893
 20
-66.2388459999999952
 30
0
 11
83.0950109999999995
 21
-66.1660339999999962
 31
0
  0
LINE
  5
49E
330
1B
100
AcDbEntity
  8
B.Mask
  6
CONTINUOUS
100
AcDbLine
 10
83.0950109999999995
 20
-66.1660339999999962
 30
0
 11
83.697969999999998
 21
-66.1295619999999928
 31
0
  0
LINE
  5
49F
330
1B
100
AcDbEntity
  8
B.Mask
  6
CONTINUOUS
100
AcDbLine
 10
83.697969999999998
 20
-66.1295619999999928
 30
0
 11
84.302030000000002
 21
-66.1295619999999928
 31
0
  0
LINE
  5
4A0
330
1B
100
AcDbEntity
  8
B.Mask
  6
CONTINUOUS
100
AcDbLine
 10
84.302030000000002
 20
-66.1295619999999928
 30
0
 11
84.9049890000000005
 21
-66.1660339999999962
 31
0
  0
LINE
  5
4A1
330
1B
100
AcDbEntity
  8
B.Mask
  6
CONTINUOUS
100
AcDbLine
 10
116.9049890000000005
 20
-66.1660339999999962
 30
0
 11
117.5046449999999965
 21
-66.2388459999999952
 31
0
  0
LINE
  5
4A2
330
1B
100
AcDbEntity
  8
B.Mask
  6
CONTINUOUS
100
AcDbLine
 10
117.5046449999999965
 20
-66.2388459999999952
 30
0
 11
118.0988109999999978
 21
-66.347730999999996
 31
0
  0
LINE
  5
4A3
330
1B
100
AcDbEntity
  8
B.Mask
  6
CONTINUOUS
100
AcDbLine
 10
118.0988109999999978
 20
-66.347730999999996
 30
0
 11
118.6853189999999927
 21
-66.492291999999992
 31
0
  0
LINE
  5
4A4
330
1B
100
AcDbEntity
  8
B.Mask
  6
CONTINUOUS
100
AcDbLine
 10
118.6853189999999927
 20
-66.492291999999992
 30
0
 11
119.2620280000000008
 21
-66.672001999999992
 31
0
  0
LINE
  5
4A5
330
1B
100
AcDbEntity
  8
B.Mask
  6
CONTINUOUS
100
AcDbLine
 10
119.2620280000000008
 20
-66.672001999999992
 30
0
 11
119.826833999999991
 21
-66.8862050000000039
 31
0
  0
LINE
  5
4A6
330
1B
100
AcDbEntity
  8
B.Mask
  6
CONTINUOUS
100
AcDbLine
 10
119.826833999999991
 20
-66.8862050000000039
 30
0
 11
120.3776769999999914
 21
-67.1341189999999983
 31
0
  0
LINE
  5
4A7
330
1B
100
AcDbEntity
  8
B.Mask
  6
CONTINUOUS
100
AcDbLine
 10
120.3776769999999914
 20
-67.1341189999999983
 30
0
 11
120.9125459999999919
 21
-67.4148399999999981
 31
0
  0
LINE
  5
4A8
330
1B
100
AcDbEntity
  8
B.Mask
  6
CONTINUOUS
100
AcDbLine
 10
120.9125459999999919
 20
-67.4148399999999981
 30
0
 11
121.4294900000000013
 21
-67.7273429999999905
 31
0
  0
LINE
  5
4A9
330
1B
100
AcDbEntity
  8
B.Mask
  6
CONTINUOUS
100
AcDbLine
 10
121.4294900000000013
 20
-67.7273429999999905
 30
0
 11
121.9266219999999947
 21
-68.0704889999999949
 31
0
  0
LINE
  5
4AA
330
1B
100
AcDbEntity
  8
B.Mask
  6
CONTINUOUS
100
AcDbLine
 10
121.9266219999999947
 20
-68.0704889999999949
 30
0
 11
122.4021279999999905
 21
-68.4430239999999941
 31
0
  0
LINE
  5
4AB
330
1B
100
AcDbEntity
  8
B.Mask
  6
CONTINUOUS
100
AcDbLine
 10
122.4021279999999905
 20
-68.4430239999999941
 30
0
 11
122.8542739999999895
 21
-68.8435899999999918
 31
0
  0
LINE
  5
4AC
330
1B
100
AcDbEntity
  8
B.Mask
  6
CONTINUOUS
100
AcDbLine
 10
122.8542739999999895
 20
-68.8435899999999918
 30
0
 11
123.2814099999999939
 21
-69.2707259999999962
 31
0
  0
LINE
  5
4AD
330
1B
100
AcDbEntity
  8
B.Mask
  6
CONTINUOUS
100
AcDbLine
 10
123.2814099999999939
 20
-69.2707259999999962
 30
0
 11
123.6819759999999917
 21
-69.7228719999999953
 31
0
  0
LINE
  5
4AE
330
1B
100
AcDbEntity
  8
B.Mask
  6
CONTINUOUS
100
AcDbLine
 10
123.6819759999999917
 20
-69.7228719999999953
 30
0
 11
124.0545109999999909
 21
-70.1983779999999911
 31
0
  0
LINE
  5
4AF
330
1B
100
AcDbEntity
  8
B.Mask
  6
CONTINUOUS
100
AcDbLine
 10
124.0545109999999909
 20
-70.1983779999999911
 30
0
 11
124.3976569999999953
 21
-70.6955099999999987
 31
0
  0
LINE
  5
4B0
330
1B
100
AcDbEntity
  8
B.Mask
  6
CONTINUOUS
100
AcDbLine
 10
124.3976569999999953
 20
-70.6955099999999987
 30
0
 11
124.7101599999999877
 21
-71.2124539999999939
 31
0
  0
LINE
  5
4B1
330
1B
100
AcDbEntity
  8
B.Mask
  6
CONTINUOUS
100
AcDbLine
 10
124.7101599999999877
 20
-71.2124539999999939
 30
0
 11
124.9908809999999875
 21
-71.7473229999999944
 31
0
  0
LINE
  5
4B2
330
1B
100
AcDbEntity
  8
B.Mask
  6
CONTINUOUS
100
AcDbLine
 10
124.9908809999999875
 20
-71.7473229999999944
 30
0
 11
125.2387949999999961
 21
-72.2981659999999948
 31
0
  0
LINE
  5
4B3
330
1B
100
AcDbEntity
  8
B.Mask
  6
CONTINUOUS
100
AcDbLine
 10
125.2387949999999961
 20
-72.2981659999999948
 30
0
 11
125.4529979999999938
 21
-72.8629719999999992
 31
0
  0
LINE
  5
4B4
330
1B
100
AcDbEntity
  8
B.Mask
  6
CONTINUOUS
100
AcDbLine
 10
125.4529979999999938
 20
-72.8629719999999992
 30
0
 11
125.6327079999999938
 21
-73.4396809999999931
 31
0
  0
LINE
  5
4B5
330
1B
100
AcDbEntity
  8
B.Mask
  6
CONTINUOUS
100
AcDbLine
 10
125.6327079999999938
 20
-73.4396809999999931
 30
0
 11
125.7772689999999898
 21
-74.0261890000000022
 31
0
  0
LINE
  5
4B6
330
1B
100
AcDbEntity
  8
B.Mask
  6
CONTINUOUS
100
AcDbLine
 10
125.7772689999999898
 20
-74.0261890000000022
 30
0
 11
125.8861539999999906
 21
-74.6203550000000035
 31
0
  0
LINE
  5
4B7
330
1B
100
AcDbEntity
  8
B.Mask
  6
CONTINUOUS
100
AcDbLine
 10
125.8861539999999906
 20
-74.6203550000000035
 30
0
 11
125.9589659999999895
 21
-75.2200109999999995
 31
0
  0
LINE
  5
4B8
330
1B
100
AcDbEntity
  8
B.Mask
  6
CONTINUOUS
100
AcDbLine
 10
125.9589659999999895
 20
-75.2200109999999995
 30
0
 11
125.9954379999999929
 21
-75.822969999999998
 31
0
  0
LINE
  5
4B9
330
1B
100
AcDbEntity
  8
B.Mask
  6
CONTINUOUS
100
AcDbLine
 10
125.9954379999999929
 20
-75.822969999999998
 30
0
 11
125.9954379999999929
 21
-76.427030000000002
 31
0
  0
LINE
  5
4BA
330
1B
100
AcDbEntity
  8
B.Mask
  6
CONTINUOUS
100
AcDbLine
 10
125.9954379999999929
 20
-76.427030000000002
 30
0
 11
125.9589659999999895
 21
-77.0299890000000005
 31
0
  0
LINE
  5
4BB
330
1B
100
AcDbEntity
  8
B.Mask
  6
CONTINUOUS
100
AcDbLine
 10
125.9589659999999895
 20
-77.0299890000000005
 30
0
 11
125.8861539999999906
 21
-77.6296449999999965
 31
0
  0
LINE
  5
4BC
330
1B
100
AcDbEntity
  8
B.Mask
  6
CONTINUOUS
100
AcDbLine
 10
125.8861539999999906
 20
-77.6296449999999965
 30
0
 11
125.7772689999999898
 21
-78.2238109999999978
 31
0
  0
LINE
  5
4BD
330
1B
100
AcDbEntity
  8
B.Mask
  6
CONTINUOUS
100
AcDbLine
 10
125.7772689999999898
 20
-78.2238109999999978
 30
0
 11
125.6327079999999938
 21
-78.8103189999999927
 31
0
  0
LINE
  5
4BE
330
1B
100
AcDbEntity
  8
B.Mask
  6
CONTINUOUS
100
AcDbLine
 10
125.6327079999999938
 20
-78.8103189999999927
 30
0
 11
125.4529979999999938
 21
-79.3870280000000008
 31
0
  0
LINE
  5
4BF
330
1B
100
AcDbEntity
  8
B.Mask
  6
CONTINUOUS
100
AcDbLine
 10
125.4529979999999938
 20
-79.3870280000000008
 30
0
 11
125.2387949999999961
 21
-79.951833999999991
 31
0
  0
LINE
  5
4C0
330
1B
100
AcDbEntity
  8
B.Mask
  6
CONTINUOUS
100
AcDbLine
 10
125.2387949999999961
 20
-79.951833999999991
 30
0
 11
124.9908809999999875
 21
-80.5026769999999914
 31
0
  0
LINE
  5
4C1
330
1B
100
AcDbEntity
  8
B.Mask
  6
CONTINUOUS
100
AcDbLine
 10
124.9908809999999875
 20
-80.5026769999999914
 30
0
 11
124.7101599999999877
 21
-81.0375459999999919
 31
0
  0
LINE
  5
4C2
330
1B
100
AcDbEntity
  8
B.Mask
  6
CONTINUOUS
100
AcDbLine
 10
124.7101599999999877
 20
-81.0375459999999919
 30
0
 11
124.3976569999999953
 21
-81.5544900000000013
 31
0
  0
LINE
  5
4C3
330
1B
100
AcDbEntity
  8
B.Mask
  6
CONTINUOUS
100
AcDbLine
 10
124.3976569999999953
 20
-81.5544900000000013
 30
0
 11
124.0545109999999909
 21
-82.0516219999999947
 31
0
  0
LINE
  5
4C4
330
1B
100
AcDbEntity
  8
B.Mask
  6
CONTINUOUS
100
AcDbLine
 10
124.0545109999999909
 20
-82.0516219999999947
 30
0
 11
123.6819759999999917
 21
-82.5271279999999905
 31
0
  0
LINE
  5
4C5
330
1B
100
AcDbEntity
  8
B.Mask
  6
CONTINUOUS
100
AcDbLine
 10
123.6819759999999917
 20
-82.5271279999999905
 30
0
 11
123.2814099999999939
 21
-82.9792739999999895
 31
0
  0
LINE
  5
4C6
330
1B
100
AcDbEntity
  8
B.Mask
  6
CONTINUOUS
100
AcDbLine
 10
123.2814099999999939
 20
-82.9792739999999895
 30
0
 11
122.8542739999999895
 21
-83.4064099999999939
 31
0
  0
LINE
  5
4C7
330
1B
100
AcDbEntity
  8
B.Mask
  6
CONTINUOUS
100
AcDbLine
 10
122.8542739999999895
 20
-83.4064099999999939
 30
0
 11
122.4021279999999905
 21
-83.8069759999999917
 31
0
  0
LINE
  5
4C8
330
1B
100
AcDbEntity
  8
B.Mask
  6
CONTINUOUS
100
AcDbLine
 10
122.4021279999999905
 20
-83.8069759999999917
 30
0
 11
121.9266219999999947
 21
-84.1795109999999909
 31
0
  0
LINE
  5
4C9
330
1B
100
AcDbEntity
  8
B.Mask
  6
CONTINUOUS
100
AcDbLine
 10
121.9266219999999947
 20
-84.1795109999999909
 30
0
 11
121.4294900000000013
 21
-84.5226569999999953
 31
0
  0
LINE
  5
4CA
330
1B
100
AcDbEntity
  8
B.Mask
  6
CONTINUOUS
100
AcDbLine
 10
121.4294900000000013
 20
-84.5226569999999953
 30
0
 11
120.9125459999999919
 21
-84.8351600000000019
 31
0
  0
LINE
  5
4CB
330
1B
100
AcDbEntity
  8
B.Mask
  6
CONTINUOUS
100
AcDbLine
 10
120.9125459999999919
 20
-84.8351600000000019
 30
0
 11
120.3776769999999914
 21
-85.1158810000000017
 31
0
  0
LINE
  5
4CC
330
1B
100
AcDbEntity
  8
B.Mask
  6
CONTINUOUS
100
AcDbLine
 10
120.3776769999999914
 20
-85.1158810000000017
 30
0
 11
119.826833999999991
 21
-85.3637949999999961
 31
0
  0
LINE
  5
4CD
330
1B
100
AcDbEntity
  8
B.Mask
  6
CONTINUOUS
100
AcDbLine
 10
119.826833999999991
 20
-85.3637949999999961
 30
0
 11
119.2620280000000008
 21
-85.5779979999999938
 31
0
  0
LINE
  5
4CE
330
1B
100
AcDbEntity
  8
B.Mask
  6
CONTINUOUS
100
AcDbLine
 10
119.2620280000000008
 20
-85.5779979999999938
 30
0
 11
118.6853189999999927
 21
-85.7577079999999938
 31
0
  0
LINE
  5
4CF
330
1B
100
AcDbEntity
  8
B.Mask
  6
CONTINUOUS
100
AcDbLine
 10
118.6853189999999927
 20
-85.7577079999999938
 30
0
 11
118.0988109999999978
 21
-85.9022689999999898
 31
0
  0
LINE
  5
4D0
330
1B
100
AcDbEntity
  8
B.Mask
  6
CONTINUOUS
100
AcDbLine
 10
118.0988109999999978
 20
-85.9022689999999898
 30
0
 11
117.5046449999999965
 21
-86.0111539999999906
 31
0
  0
LINE
  5
4D1
330
1B
100
AcDbEntity
  8
B.Mask
  6
CONTINUOUS
100
AcDbLine
 10
117.5046449999999965
 20
-86.0111539999999906
 30
0
 11
116.9049890000000005
 21
-86.0839659999999895
 31
0
  0
LINE
  5
4D2
330
1B
100
AcDbEntity
  8
B.Mask
  6
CONTINUOUS
100
AcDbLine
 10
116.9049890000000005
 20
-86.0839659999999895
 30
0
 11
116.3020299999999878
 21
-86.1204379999999929
 31
0
  0
LINE
  5
4D3
330
1B
100
AcDbEntity
  8
B.Mask
  6
CONTINUOUS
100
AcDbLine
 10
116.3020299999999878
 20
-86.1204379999999929
 30
0
 11
115.697969999999998
 21
-86.1204379999999929
 31
0
  0
LINE
  5
4D4
330
1B
100
AcDbEntity
  8
B.Mask
  6
CONTINUOUS
100
AcDbLine
 10
115.697969999999998
 20
-86.1204379999999929
 30
0
 11
115.0950109999999995
 21
-86.0839659999999895
 31
0
  0
LINE
  5
4D5
330
1B
100
AcDbEntity
  8
B.Mask
  6
CONTINUOUS
100
AcDbLine
 10
115.0950109999999995
 20
-86.0839659999999895
 30
0
 11
114.4953549999999893
 21
-86.0111539999999906
 31
0
  0
LINE
  5
4D6
330
1B
100
AcDbEntity
  8
B.Mask
  6
CONTINUOUS
100
AcDbLine
 10
114.4953549999999893
 20
-86.0111539999999906
 30
0
 11
113.901188999999988
 21
-85.9022689999999898
 31
0
  0
LINE
  5
4D7
330
1B
100
AcDbEntity
  8
B.Mask
  6
CONTINUOUS
100
AcDbLine
 10
113.901188999999988
 20
-85.9022689999999898
 30
0
 11
113.3146809999999931
 21
-85.7577079999999938
 31
0
  0
LINE
  5
4D8
330
1B
100
AcDbEntity
  8
B.Mask
  6
CONTINUOUS
100
AcDbLine
 10
113.3146809999999931
 20
-85.7577079999999938
 30
0
 11
112.7379719999999992
 21
-85.5779979999999938
 31
0
  0
LINE
  5
4D9
330
1B
100
AcDbEntity
  8
B.Mask
  6
CONTINUOUS
100
AcDbLine
 10
112.7379719999999992
 20
-85.5779979999999938
 30
0
 11
112.1731659999999948
 21
-85.3637949999999961
 31
0
  0
LINE
  5
4DA
330
1B
100
AcDbEntity
  8
B.Mask
  6
CONTINUOUS
100
AcDbLine
 10
112.1731659999999948
 20
-85.3637949999999961
 30
0
 11
111.6223229999999944
 21
-85.1158810000000017
 31
0
  0
LINE
  5
4DB
330
1B
100
AcDbEntity
  8
B.Mask
  6
CONTINUOUS
100
AcDbLine
 10
111.6223229999999944
 20
-85.1158810000000017
 30
0
 11
111.0874539999999939
 21
-84.8351600000000019
 31
0
  0
LINE
  5
4DC
330
1B
100
AcDbEntity
  8
B.Mask
  6
CONTINUOUS
100
AcDbLine
 10
111.0874539999999939
 20
-84.8351600000000019
 30
0
 11
110.5705099999999987
 21
-84.5226569999999953
 31
0
  0
LINE
  5
4DD
330
1B
100
AcDbEntity
  8
B.Mask
  6
CONTINUOUS
100
AcDbLine
 10
110.5705099999999987
 20
-84.5226569999999953
 30
0
 11
110.0733779999999911
 21
-84.1795109999999909
 31
0
  0
LINE
  5
4DE
330
1B
100
AcDbEntity
  8
B.Mask
  6
CONTINUOUS
100
AcDbLine
 10
110.0733779999999911
 20
-84.1795109999999909
 30
0
 11
109.5978719999999953
 21
-83.8069759999999917
 31
0
  0
LINE
  5
4DF
330
1B
100
AcDbEntity
  8
B.Mask
  6
CONTINUOUS
100
AcDbLine
 10
109.5978719999999953
 20
-83.8069759999999917
 30
0
 11
109.1457259999999962
 21
-83.4064099999999939
 31
0
  0
LINE
  5
4E0
330
1B
100
AcDbEntity
  8
B.Mask
  6
CONTINUOUS
100
AcDbLine
 10
109.1457259999999962
 20
-83.4064099999999939
 30
0
 11
108.7185899999999918
 21
-82.9792739999999895
 31
0
  0
LINE
  5
4E1
330
1B
100
AcDbEntity
  8
B.Mask
  6
CONTINUOUS
100
AcDbLine
 10
108.7185899999999918
 20
-82.9792739999999895
 30
0
 11
108.3180239999999941
 21
-82.5271279999999905
 31
0
  0
LINE
  5
4E2
330
1B
100
AcDbEntity
  8
B.Mask
  6
CONTINUOUS
100
AcDbLine
 10
108.3180239999999941
 20
-82.5271279999999905
 30
0
 11
107.9454889999999949
 21
-82.0516219999999947
 31
0
  0
LINE
  5
4E3
330
1B
100
AcDbEntity
  8
B.Mask
  6
CONTINUOUS
100
AcDbLine
 10
107.9454889999999949
 20
-82.0516219999999947
 30
0
 11
107.6023429999999905
 21
-81.5544900000000013
 31
0
  0
LINE
  5
4E4
330
1B
100
AcDbEntity
  8
B.Mask
  6
CONTINUOUS
100
AcDbLine
 10
107.6023429999999905
 20
-81.5544900000000013
 30
0
 11
107.2898399999999981
 21
-81.0375459999999919
 31
0
  0
LINE
  5
4E5
330
1B
100
AcDbEntity
  8
B.Mask
  6
CONTINUOUS
100
AcDbLine
 10
107.2898399999999981
 20
-81.0375459999999919
 30
0
 11
107.0091189999999983
 21
-80.5026769999999914
 31
0
  0
LINE
  5
4E6
330
1B
100
AcDbEntity
  8
B.Mask
  6
CONTINUOUS
100
AcDbLine
 10
107.0091189999999983
 20
-80.5026769999999914
 30
0
 11
106.7612049999999897
 21
-79.951833999999991
 31
0
  0
LINE
  5
4E7
330
1B
100
AcDbEntity
  8
B.Mask
  6
CONTINUOUS
100
AcDbLine
 10
106.7612049999999897
 20
-79.951833999999991
 30
0
 11
106.547001999999992
 21
-79.3870280000000008
 31
0
  0
LINE
  5
4E8
330
1B
100
AcDbEntity
  8
B.Mask
  6
CONTINUOUS
100
AcDbLine
 10
106.547001999999992
 20
-79.3870280000000008
 30
0
 11
106.367291999999992
 21
-78.8103189999999927
 31
0
  0
LINE
  5
4E9
330
1B
100
AcDbEntity
  8
B.Mask
  6
CONTINUOUS
100
AcDbLine
 10
106.367291999999992
 20
-78.8103189999999927
 30
0
 11
106.222730999999996
 21
-78.2238109999999978
 31
0
  0
LINE
  5
4EA
330
1B
100
AcDbEntity
  8
B.Mask
  6
CONTINUOUS
100
AcDbLine
 10
106.222730999999996
 20
-78.2238109999999978
 30
0
 11
106.1138459999999952
 21
-77.6296449999999965
 31
0
  0
LINE
  5
4EB
330
1B
100
AcDbEntity
  8
B.Mask
  6
CONTINUOUS
100
AcDbLine
 10
106.1138459999999952
 20
-77.6296449999999965
 30
0
 11
106.0410339999999962
 21
-77.0299890000000005
 31
0
  0
LINE
  5
4EC
330
1B
100
AcDbEntity
  8
B.Mask
  6
CONTINUOUS
100
AcDbLine
 10
106.0410339999999962
 20
-77.0299890000000005
 30
0
 11
106.0045619999999928
 21
-76.427030000000002
 31
0
  0
LINE
  5
4ED
330
1B
100
AcDbEntity
  8
B.Mask
  6
CONTINUOUS
100
AcDbLine
 10
106.0045619999999928
 20
-76.427030000000002
 30
0
 11
106.0045619999999928
 21
-75.822969999999998
 31
0
  0
LINE
  5
4EE
330
1B
100
AcDbEntity
  8
B.Mask
  6
CONTINUOUS
100
AcDbLine
 10
106.0045619999999928
 20
-75.822969999999998
 30
0
 11
106.0410339999999962
 21
-75.2200109999999995
 31
0
  0
LINE
  5
4EF
330
1B
100
AcDbEntity
  8
B.Mask
  6
CONTINUOUS
100
AcDbLine
 10
106.0410339999999962
 20
-75.2200109999999995
 30
0
 11
106.1138459999999952
 21
-74.6203550000000035
 31
0
  0
LINE
  5
4F0
330
1B
100
AcDbEntity
  8
B.Mask
  6
CONTINUOUS
100
AcDbLine
 10
106.1138459999999952
 20
-74.6203550000000035
 30
0
 11
106.222730999999996
 21
-74.0261890000000022
 31
0
  0
LINE
  5
4F1
330
1B
100
AcDbEntity
  8
B.Mask
  6
CONTINUOUS
100
AcDbLine
 10
106.222730999999996
 20
-74.0261890000000022
 30
0
 11
106.367291999999992
 21
-73.4396809999999931
 31
0
  0
LINE
  5
4F2
330
1B
100
AcDbEntity
  8
B.Mask
  6
CONTINUOUS
100
AcDbLine
 10
106.367291999999992
 20
-73.4396809999999931
 30
0
 11
106.547001999999992
 21
-72.8629719999999992
 31
0
  0
LINE
  5
4F3
330
1B
100
AcDbEntity
  8
B.Mask
  6
CONTINUOUS
100
AcDbLine
 10
106.547001999999992
 20
-72.8629719999999992
 30
0
 11
106.7612049999999897
 21
-72.2981659999999948
 31
0
  0
LINE
  5
4F4
330
1B
100
AcDbEntity
  8
B.Mask
  6
CONTINUOUS
100
AcDbLine
 10
106.7612049999999897
 20
-72.2981659999999948
 30
0
 11
107.0091189999999983
 21
-71.7473229999999944
 31
0
  0
LINE
  5
4F5
330
1B
100
AcDbEntity
  8
B.Mask
  6
CONTINUOUS
100
AcDbLine
 10
107.0091189999999983
 20
-71.7473229999999944
 30
0
 11
107.2898399999999981
 21
-71.2124539999999939
 31
0
  0
LINE
  5
4F6
330
1B
100
AcDbEntity
  8
B.Mask
  6
CONTINUOUS
100
AcDbLine
 10
107.2898399999999981
 20
-71.2124539999999939
 30
0
 11
107.6023429999999905
 21
-70.6955099999999987
 31
0
  0
LINE
  5
4F7
330
1B
100
AcDbEntity
  8
B.Mask
  6
CONTINUOUS
100
AcDbLine
 10
107.6023429999999905
 20
-70.6955099999999987
 30
0
 11
107.9454889999999949
 21
-70.1983779999999911
 31
0
  0
LINE
  5
4F8
330
1B
100
AcDbEntity
  8
B.Mask
  6
CONTINUOUS
100
AcDbLine
 10
107.9454889999999949
 20
-70.1983779999999911
 30
0
 11
108.3180239999999941
 21
-69.7228719999999953
 31
0
  0
LINE
  5
4F9
330
1B
100
AcDbEntity
  8
B.Mask
  6
CONTINUOUS
100
AcDbLine
 10
108.3180239999999941
 20
-69.7228719999999953
 30
0
 11
108.7185899999999918
 21
-69.2707259999999962
 31
0
  0
LINE
  5
4FA
330
1B
100
AcDbEntity
  8
B.Mask
  6
CONTINUOUS
100
AcDbLine
 10
108.7185899999999918
 20
-69.2707259999999962
 30
0
 11
109.1457259999999962
 21
-68.8435899999999918
 31
0
  0
LINE
  5
4FB
330
1B
100
AcDbEntity
  8
B.Mask
  6
CONTINUOUS
100
AcDbLine
 10
109.1457259999999962
 20
-68.8435899999999918
 30
0
 11
109.5978719999999953
 21
-68.4430239999999941
 31
0
  0
LINE
  5
4FC
330
1B
100
AcDbEntity
  8
B.Mask
  6
CONTINUOUS
100
AcDbLine
 10
109.5978719999999953
 20
-68.4430239999999941
 30
0
 11
110.0733779999999911
 21
-68.0704889999999949
 31
0
  0
LINE
  5
4FD
330
1B
100
AcDbEntity
  8
B.Mask
  6
CONTINUOUS
100
AcDbLine
 10
110.0733779999999911
 20
-68.0704889999999949
 30
0
 11
110.5705099999999987
 21
-67.7273429999999905
 31
0
  0
LINE
  5
4FE
330
1B
100
AcDbEntity
  8
B.Mask
  6
CONTINUOUS
100
AcDbLine
 10
110.5705099999999987
 20
-67.7273429999999905
 30
0
 11
111.0874539999999939
 21
-67.4148399999999981
 31
0
  0
LINE
  5
4FF
330
1B
100
AcDbEntity
  8
B.Mask
  6
CONTINUOUS
100
AcDbLine
 10
111.0874539999999939
 20
-67.4148399999999981
 30
0
 11
111.6223229999999944
 21
-67.1341189999999983
 31
0
  0
LINE
  5
500
330
1B
100
AcDbEntity
  8
B.Mask
  6
CONTINUOUS
100
AcDbLine
 10
111.6223229999999944
 20
-67.1341189999999983
 30
0
 11
112.1731659999999948
 21
-66.8862050000000039
 31
0
  0
LINE
  5
501
330
1B
100
AcDbEntity
  8
B.Mask
  6
CONTINUOUS
100
AcDbLine
 10
112.1731659999999948
 20
-66.8862050000000039
 30
0
 11
112.7379719999999992
 21
-66.672001999999992
 31
0
  0
LINE
  5
502
330
1B
100
AcDbEntity
  8
B.Mask
  6
CONTINUOUS
100
AcDbLine
 10
112.7379719999999992
 20
-66.672001999999992
 30
0
 11
113.3146809999999931
 21
-66.492291999999992
 31
0
  0
LINE
  5
503
330
1B
100
AcDbEntity
  8
B.Mask
  6
CONTINUOUS
100
AcDbLine
 10
113.3146809999999931
 20
-66.492291999999992
 30
0
 11
113.901188999999988
 21
-66.347730999999996
 31
0
  0
LINE
  5
504
330
1B
100
AcDbEntity
  8
B.Mask
  6
CONTINUOUS
100
AcDbLine
 10
113.901188999999988
 20
-66.347730999999996
 30
0
 11
114.4953549999999893
 21
-66.2388459999999952
 31
0
  0
LINE
  5
505
330
1B
100
AcDbEntity
  8
B.Mask
  6
CONTINUOUS
100
AcDbLine
 10
114.4953549999999893
 20
-66.2388459999999952
 30
0
 11
115.0950109999999995
 21
-66.1660339999999962
 31
0
  0
LINE
  5
506
330
1B
100
AcDbEntity
  8
B.Mask
  6
CONTINUOUS
100
AcDbLine
 10
115.0950109999999995
 20
-66.1660339999999962
 30
0
 11
115.697969999999998
 21
-66.1295619999999928
 31
0
  0
LINE
  5
507
330
1B
100
AcDbEntity
  8
B.Mask
  6
CONTINUOUS
100
AcDbLine
 10
115.697969999999998
 20
-66.1295619999999928
 30
0
 11
116.3020299999999878
 21
-66.1295619999999928
 31
0
  0
LINE
  5
508
330
1B
100
AcDbEntity
  8
B.Mask
  6
CONTINUOUS
100
AcDbLine
 10
116.3020299999999878
 20
-66.1295619999999928
 30
0
 11
116.9049890000000005
 21
-66.1660339999999962
 31
0
  0
LINE
  5
509
330
1B
100
AcDbEntity
  8
B.Mask
  6
CONTINUOUS
100
AcDbLine
 10
148.9049890000000005
 20
-66.1660339999999962
 30
0
 11
149.5046449999999822
 21
-66.2388459999999952
 31
0
  0
LINE
  5
50A
330
1B
100
AcDbEntity
  8
B.Mask
  6
CONTINUOUS
100
AcDbLine
 10
149.5046449999999822
 20
-66.2388459999999952
 30
0
 11
150.0988109999999836
 21
-66.347730999999996
 31
0
  0
LINE
  5
50B
330
1B
100
AcDbEntity
  8
B.Mask
  6
CONTINUOUS
100
AcDbLine
 10
150.0988109999999836
 20
-66.347730999999996
 30
0
 11
150.6853189999999927
 21
-66.492291999999992
 31
0
  0
LINE
  5
50C
330
1B
100
AcDbEntity
  8
B.Mask
  6
CONTINUOUS
100
AcDbLine
 10
150.6853189999999927
 20
-66.492291999999992
 30
0
 11
151.2620279999999866
 21
-66.672001999999992
 31
0
  0
LINE
  5
50D
330
1B
100
AcDbEntity
  8
B.Mask
  6
CONTINUOUS
100
AcDbLine
 10
151.2620279999999866
 20
-66.672001999999992
 30
0
 11
151.826833999999991
 21
-66.8862050000000039
 31
0
  0
LINE
  5
50E
330
1B
100
AcDbEntity
  8
B.Mask
  6
CONTINUOUS
100
AcDbLine
 10
151.826833999999991
 20
-66.8862050000000039
 30
0
 11
152.3776770000000056
 21
-67.1341189999999983
 31
0
  0
LINE
  5
50F
330
1B
100
AcDbEntity
  8
B.Mask
  6
CONTINUOUS
100
AcDbLine
 10
152.3776770000000056
 20
-67.1341189999999983
 30
0
 11
152.9125459999999919
 21
-67.4148399999999981
 31
0
  0
LINE
  5
510
330
1B
100
AcDbEntity
  8
B.Mask
  6
CONTINUOUS
100
AcDbLine
 10
152.9125459999999919
 20
-67.4148399999999981
 30
0
 11
153.429489999999987
 21
-67.7273429999999905
 31
0
  0
LINE
  5
511
330
1B
100
AcDbEntity
  8
B.Mask
  6
CONTINUOUS
100
AcDbLine
 10
153.429489999999987
 20
-67.7273429999999905
 30
0
 11
153.9266219999999805
 21
-68.0704889999999949
 31
0
  0
LINE
  5
512
330
1B
100
AcDbEntity
  8
B.Mask
  6
CONTINUOUS
100
AcDbLine
 10
153.9266219999999805
 20
-68.0704889999999949
 30
0
 11
154.4021280000000047
 21
-68.4430239999999941
 31
0
  0
LINE
  5
513
330
1B
100
AcDbEntity
  8
B.Mask
  6
CONTINUOUS
100
AcDbLine
 10
154.4021280000000047
 20
-68.4430239999999941
 30
0
 11
154.8542740000000038
 21
-68.8435899999999918
 31
0
  0
LINE
  5
514
330
1B
100
AcDbEntity
  8
B.Mask
  6
CONTINUOUS
100
AcDbLine
 10
154.8542740000000038
 20
-68.8435899999999918
 30
0
 11
155.2814099999999939
 21
-69.2707259999999962
 31
0
  0
LINE
  5
515
330
1B
100
AcDbEntity
  8
B.Mask
  6
CONTINUOUS
100
AcDbLine
 10
155.2814099999999939
 20
-69.2707259999999962
 30
0
 11
155.6819759999999917
 21
-69.7228719999999953
 31
0
  0
LINE
  5
516
330
1B
100
AcDbEntity
  8
B.Mask
  6
CONTINUOUS
100
AcDbLine
 10
155.6819759999999917
 20
-69.7228719999999953
 30
0
 11
156.0545109999999909
 21
-70.1983779999999911
 31
0
  0
LINE
  5
517
330
1B
100
AcDbEntity
  8
B.Mask
  6
CONTINUOUS
100
AcDbLine
 10
156.0545109999999909
 20
-70.1983779999999911
 30
0
 11
156.3976569999999811
 21
-70.6955099999999987
 31
0
  0
LINE
  5
518
330
1B
100
AcDbEntity
  8
B.Mask
  6
CONTINUOUS
100
AcDbLine
 10
156.3976569999999811
 20
-70.6955099999999987
 30
0
 11
156.7101600000000019
 21
-71.2124539999999939
 31
0
  0
LINE
  5
519
330
1B
100
AcDbEntity
  8
B.Mask
  6
CONTINUOUS
100
AcDbLine
 10
156.7101600000000019
 20
-71.2124539999999939
 30
0
 11
156.9908810000000017
 21
-71.7473229999999944
 31
0
  0
LINE
  5
51A
330
1B
100
AcDbEntity
  8
B.Mask
  6
CONTINUOUS
100
AcDbLine
 10
156.9908810000000017
 20
-71.7473229999999944
 30
0
 11
157.2387949999999819
 21
-72.2981659999999948
 31
0
  0
LINE
  5
51B
330
1B
100
AcDbEntity
  8
B.Mask
  6
CONTINUOUS
100
AcDbLine
 10
157.2387949999999819
 20
-72.2981659999999948
 30
0
 11
157.4529979999999796
 21
-72.8629719999999992
 31
0
  0
LINE
  5
51C
330
1B
100
AcDbEntity
  8
B.Mask
  6
CONTINUOUS
100
AcDbLine
 10
157.4529979999999796
 20
-72.8629719999999992
 30
0
 11
157.6327079999999796
 21
-73.4396809999999931
 31
0
  0
LINE
  5
51D
330
1B
100
AcDbEntity
  8
B.Mask
  6
CONTINUOUS
100
AcDbLine
 10
157.6327079999999796
 20
-73.4396809999999931
 30
0
 11
157.7772689999999898
 21
-74.0261890000000022
 31
0
  0
LINE
  5
51E
330
1B
100
AcDbEntity
  8
B.Mask
  6
CONTINUOUS
100
AcDbLine
 10
157.7772689999999898
 20
-74.0261890000000022
 30
0
 11
157.8861540000000048
 21
-74.6203550000000035
 31
0
  0
LINE
  5
51F
330
1B
100
AcDbEntity
  8
B.Mask
  6
CONTINUOUS
100
AcDbLine
 10
157.8861540000000048
 20
-74.6203550000000035
 30
0
 11
157.9589660000000038
 21
-75.2200109999999995
 31
0
  0
LINE
  5
520
330
1B
100
AcDbEntity
  8
B.Mask
  6
CONTINUOUS
100
AcDbLine
 10
157.9589660000000038
 20
-75.2200109999999995
 30
0
 11
157.9954379999999787
 21
-75.822969999999998
 31
0
  0
LINE
  5
521
330
1B
100
AcDbEntity
  8
B.Mask
  6
CONTINUOUS
100
AcDbLine
 10
157.9954379999999787
 20
-75.822969999999998
 30
0
 11
157.9954379999999787
 21
-76.427030000000002
 31
0
  0
LINE
  5
522
330
1B
100
AcDbEntity
  8
B.Mask
  6
CONTINUOUS
100
AcDbLine
 10
157.9954379999999787
 20
-76.427030000000002
 30
0
 11
157.9589660000000038
 21
-77.0299890000000005
 31
0
  0
LINE
  5
523
330
1B
100
AcDbEntity
  8
B.Mask
  6
CONTINUOUS
100
AcDbLine
 10
157.9589660000000038
 20
-77.0299890000000005
 30
0
 11
157.8861540000000048
 21
-77.6296449999999965
 31
0
  0
LINE
  5
524
330
1B
100
AcDbEntity
  8
B.Mask
  6
CONTINUOUS
100
AcDbLine
 10
157.8861540000000048
 20
-77.6296449999999965
 30
0
 11
157.7772689999999898
 21
-78.2238109999999978
 31
0
  0
LINE
  5
525
330
1B
100
AcDbEntity
  8
B.Mask
  6
CONTINUOUS
100
AcDbLine
 10
157.7772689999999898
 20
-78.2238109999999978
 30
0
 11
157.6327079999999796
 21
-78.8103189999999927
 31
0
  0
LINE
  5
526
330
1B
100
AcDbEntity
  8
B.Mask
  6
CONTINUOUS
100
AcDbLine
 10
157.6327079999999796
 20
-78.8103189999999927
 30
0
 11
157.4529979999999796
 21
-79.3870280000000008
 31
0
  0
LINE
  5
527
330
1B
100
AcDbEntity
  8
B.Mask
  6
CONTINUOUS
100
AcDbLine
 10
157.4529979999999796
 20
-79.3870280000000008
 30
0
 11
157.2387949999999819
 21
-79.951833999999991
 31
0
  0
LINE
  5
528
330
1B
100
AcDbEntity
  8
B.Mask
  6
CONTINUOUS
100
AcDbLine
 10
157.2387949999999819
 20
-79.951833999999991
 30
0
 11
156.9908810000000017
 21
-80.5026769999999914
 31
0
  0
LINE
  5
529
330
1B
100
AcDbEntity
  8
B.Mask
  6
CONTINUOUS
100
AcDbLine
 10
156.9908810000000017
 20
-80.5026769999999914
 30
0
 11
156.7101600000000019
 21
-81.0375459999999919
 31
0
  0
LINE
  5
52A
330
1B
100
AcDbEntity
  8
B.Mask
  6
CONTINUOUS
100
AcDbLine
 10
156.7101600000000019
 20
-81.0375459999999919
 30
0
 11
156.3976569999999811
 21
-81.5544900000000013
 31
0
  0
LINE
  5
52B
330
1B
100
AcDbEntity
  8
B.Mask
  6
CONTINUOUS
100
AcDbLine
 10
156.3976569999999811
 20
-81.5544900000000013
 30
0
 11
156.0545109999999909
 21
-82.0516219999999947
 31
0
  0
LINE
  5
52C
330
1B
100
AcDbEntity
  8
B.Mask
  6
CONTINUOUS
100
AcDbLine
 10
156.0545109999999909
 20
-82.0516219999999947
 30
0
 11
155.6819759999999917
 21
-82.5271279999999905
 31
0
  0
LINE
  5
52D
330
1B
100
AcDbEntity
  8
B.Mask
  6
CONTINUOUS
100
AcDbLine
 10
155.6819759999999917
 20
-82.5271279999999905
 30
0
 11
155.2814099999999939
 21
-82.9792739999999895
 31
0
  0
LINE
  5
52E
330
1B
100
AcDbEntity
  8
B.Mask
  6
CONTINUOUS
100
AcDbLine
 10
155.2814099999999939
 20
-82.9792739999999895
 30
0
 11
154.8542740000000038
 21
-83.4064099999999939
 31
0
  0
LINE
  5
52F
330
1B
100
AcDbEntity
  8
B.Mask
  6
CONTINUOUS
100
AcDbLine
 10
154.8542740000000038
 20
-83.4064099999999939
 30
0
 11
154.4021280000000047
 21
-83.8069759999999917
 31
0
  0
LINE
  5
530
330
1B
100
AcDbEntity
  8
B.Mask
  6
CONTINUOUS
100
AcDbLine
 10
154.4021280000000047
 20
-83.8069759999999917
 30
0
 11
153.9266219999999805
 21
-84.1795109999999909
 31
0
  0
LINE
  5
531
330
1B
100
AcDbEntity
  8
B.Mask
  6
CONTINUOUS
100
AcDbLine
 10
153.9266219999999805
 20
-84.1795109999999909
 30
0
 11
153.429489999999987
 21
-84.5226569999999953
 31
0
  0
LINE
  5
532
330
1B
100
AcDbEntity
  8
B.Mask
  6
CONTINUOUS
100
AcDbLine
 10
153.429489999999987
 20
-84.5226569999999953
 30
0
 11
152.9125459999999919
 21
-84.8351600000000019
 31
0
  0
LINE
  5
533
330
1B
100
AcDbEntity
  8
B.Mask
  6
CONTINUOUS
100
AcDbLine
 10
152.9125459999999919
 20
-84.8351600000000019
 30
0
 11
152.3776770000000056
 21
-85.1158810000000017
 31
0
  0
LINE
  5
534
330
1B
100
AcDbEntity
  8
B.Mask
  6
CONTINUOUS
100
AcDbLine
 10
152.3776770000000056
 20
-85.1158810000000017
 30
0
 11
151.826833999999991
 21
-85.3637949999999961
 31
0
  0
LINE
  5
535
330
1B
100
AcDbEntity
  8
B.Mask
  6
CONTINUOUS
100
AcDbLine
 10
151.826833999999991
 20
-85.3637949999999961
 30
0
 11
151.2620279999999866
 21
-85.5779979999999938
 31
0
  0
LINE
  5
536
330
1B
100
AcDbEntity
  8
B.Mask
  6
CONTINUOUS
100
AcDbLine
 10
151.2620279999999866
 20
-85.5779979999999938
 30
0
 11
150.6853189999999927
 21
-85.7577079999999938
 31
0
  0
LINE
  5
537
330
1B
100
AcDbEntity
  8
B.Mask
  6
CONTINUOUS
100
AcDbLine
 10
150.6853189999999927
 20
-85.7577079999999938
 30
0
 11
150.0988109999999836
 21
-85.9022689999999898
 31
0
  0
LINE
  5
538
330
1B
100
AcDbEntity
  8
B.Mask
  6
CONTINUOUS
100
AcDbLine
 10
150.0988109999999836
 20
-85.9022689999999898
 30
0
 11
149.5046449999999822
 21
-86.0111539999999906
 31
0
  0
LINE
  5
539
330
1B
100
AcDbEntity
  8
B.Mask
  6
CONTINUOUS
100
AcDbLine
 10
149.5046449999999822
 20
-86.0111539999999906
 30
0
 11
148.9049890000000005
 21
-86.0839659999999895
 31
0
  0
LINE
  5
53A
330
1B
100
AcDbEntity
  8
B.Mask
  6
CONTINUOUS
100
AcDbLine
 10
148.9049890000000005
 20
-86.0839659999999895
 30
0
 11
148.302030000000002
 21
-86.1204379999999929
 31
0
  0
LINE
  5
53B
330
1B
100
AcDbEntity
  8
B.Mask
  6
CONTINUOUS
100
AcDbLine
 10
148.302030000000002
 20
-86.1204379999999929
 30
0
 11
147.697969999999998
 21
-86.1204379999999929
 31
0
  0
LINE
  5
53C
330
1B
100
AcDbEntity
  8
B.Mask
  6
CONTINUOUS
100
AcDbLine
 10
147.697969999999998
 20
-86.1204379999999929
 30
0
 11
147.0950109999999995
 21
-86.0839659999999895
 31
0
  0
LINE
  5
53D
330
1B
100
AcDbEntity
  8
B.Mask
  6
CONTINUOUS
100
AcDbLine
 10
147.0950109999999995
 20
-86.0839659999999895
 30
0
 11
146.4953549999999893
 21
-86.0111539999999906
 31
0
  0
LINE
  5
53E
330
1B
100
AcDbEntity
  8
B.Mask
  6
CONTINUOUS
100
AcDbLine
 10
146.4953549999999893
 20
-86.0111539999999906
 30
0
 11
145.901188999999988
 21
-85.9022689999999898
 31
0
  0
LINE
  5
53F
330
1B
100
AcDbEntity
  8
B.Mask
  6
CONTINUOUS
100
AcDbLine
 10
145.901188999999988
 20
-85.9022689999999898
 30
0
 11
145.3146810000000073
 21
-85.7577079999999938
 31
0
  0
LINE
  5
540
330
1B
100
AcDbEntity
  8
B.Mask
  6
CONTINUOUS
100
AcDbLine
 10
145.3146810000000073
 20
-85.7577079999999938
 30
0
 11
144.737971999999985
 21
-85.5779979999999938
 31
0
  0
LINE
  5
541
330
1B
100
AcDbEntity
  8
B.Mask
  6
CONTINUOUS
100
AcDbLine
 10
144.737971999999985
 20
-85.5779979999999938
 30
0
 11
144.1731659999999806
 21
-85.3637949999999961
 31
0
  0
LINE
  5
542
330
1B
100
AcDbEntity
  8
B.Mask
  6
CONTINUOUS
100
AcDbLine
 10
144.1731659999999806
 20
-85.3637949999999961
 30
0
 11
143.6223229999999944
 21
-85.1158810000000017
 31
0
  0
LINE
  5
543
330
1B
100
AcDbEntity
  8
B.Mask
  6
CONTINUOUS
100
AcDbLine
 10
143.6223229999999944
 20
-85.1158810000000017
 30
0
 11
143.0874539999999797
 21
-84.8351600000000019
 31
0
  0
LINE
  5
544
330
1B
100
AcDbEntity
  8
B.Mask
  6
CONTINUOUS
100
AcDbLine
 10
143.0874539999999797
 20
-84.8351600000000019
 30
0
 11
142.5705099999999845
 21
-84.5226569999999953
 31
0
  0
LINE
  5
545
330
1B
100
AcDbEntity
  8
B.Mask
  6
CONTINUOUS
100
AcDbLine
 10
142.5705099999999845
 20
-84.5226569999999953
 30
0
 11
142.0733779999999911
 21
-84.1795109999999909
 31
0
  0
LINE
  5
546
330
1B
100
AcDbEntity
  8
B.Mask
  6
CONTINUOUS
100
AcDbLine
 10
142.0733779999999911
 20
-84.1795109999999909
 30
0
 11
141.5978719999999953
 21
-83.8069759999999917
 31
0
  0
LINE
  5
547
330
1B
100
AcDbEntity
  8
B.Mask
  6
CONTINUOUS
100
AcDbLine
 10
141.5978719999999953
 20
-83.8069759999999917
 30
0
 11
141.1457259999999962
 21
-83.4064099999999939
 31
0
  0
LINE
  5
548
330
1B
100
AcDbEntity
  8
B.Mask
  6
CONTINUOUS
100
AcDbLine
 10
141.1457259999999962
 20
-83.4064099999999939
 30
0
 11
140.7185900000000061
 21
-82.9792739999999895
 31
0
  0
LINE
  5
549
330
1B
100
AcDbEntity
  8
B.Mask
  6
CONTINUOUS
100
AcDbLine
 10
140.7185900000000061
 20
-82.9792739999999895
 30
0
 11
140.3180239999999799
 21
-82.5271279999999905
 31
0
  0
LINE
  5
54A
330
1B
100
AcDbEntity
  8
B.Mask
  6
CONTINUOUS
100
AcDbLine
 10
140.3180239999999799
 20
-82.5271279999999905
 30
0
 11
139.9454889999999807
 21
-82.0516219999999947
 31
0
  0
LINE
  5
54B
330
1B
100
AcDbEntity
  8
B.Mask
  6
CONTINUOUS
100
AcDbLine
 10
139.9454889999999807
 20
-82.0516219999999947
 30
0
 11
139.6023429999999905
 21
-81.5544900000000013
 31
0
  0
LINE
  5
54C
330
1B
100
AcDbEntity
  8
B.Mask
  6
CONTINUOUS
100
AcDbLine
 10
139.6023429999999905
 20
-81.5544900000000013
 30
0
 11
139.2898399999999981
 21
-81.0375459999999919
 31
0
  0
LINE
  5
54D
330
1B
100
AcDbEntity
  8
B.Mask
  6
CONTINUOUS
100
AcDbLine
 10
139.2898399999999981
 20
-81.0375459999999919
 30
0
 11
139.0091189999999983
 21
-80.5026769999999914
 31
0
  0
LINE
  5
54E
330
1B
100
AcDbEntity
  8
B.Mask
  6
CONTINUOUS
100
AcDbLine
 10
139.0091189999999983
 20
-80.5026769999999914
 30
0
 11
138.7612049999999897
 21
-79.951833999999991
 31
0
  0
LINE
  5
54F
330
1B
100
AcDbEntity
  8
B.Mask
  6
CONTINUOUS
100
AcDbLine
 10
138.7612049999999897
 20
-79.951833999999991
 30
0
 11
138.547001999999992
 21
-79.3870280000000008
 31
0
  0
LINE
  5
550
330
1B
100
AcDbEntity
  8
B.Mask
  6
CONTINUOUS
100
AcDbLine
 10
138.547001999999992
 20
-79.3870280000000008
 30
0
 11
138.367291999999992
 21
-78.8103189999999927
 31
0
  0
LINE
  5
551
330
1B
100
AcDbEntity
  8
B.Mask
  6
CONTINUOUS
100
AcDbLine
 10
138.367291999999992
 20
-78.8103189999999927
 30
0
 11
138.2227309999999818
 21
-78.2238109999999978
 31
0
  0
LINE
  5
552
330
1B
100
AcDbEntity
  8
B.Mask
  6
CONTINUOUS
100
AcDbLine
 10
138.2227309999999818
 20
-78.2238109999999978
 30
0
 11
138.1138459999999952
 21
-77.6296449999999965
 31
0
  0
LINE
  5
553
330
1B
100
AcDbEntity
  8
B.Mask
  6
CONTINUOUS
100
AcDbLine
 10
138.1138459999999952
 20
-77.6296449999999965
 30
0
 11
138.0410339999999962
 21
-77.0299890000000005
 31
0
  0
LINE
  5
554
330
1B
100
AcDbEntity
  8
B.Mask
  6
CONTINUOUS
100
AcDbLine
 10
138.0410339999999962
 20
-77.0299890000000005
 30
0
 11
138.0045619999999928
 21
-76.427030000000002
 31
0
  0
LINE
  5
555
330
1B
100
AcDbEntity
  8
B.Mask
  6
CONTINUOUS
100
AcDbLine
 10
138.0045619999999928
 20
-76.427030000000002
 30
0
 11
138.0045619999999928
 21
-75.822969999999998
 31
0
  0
LINE
  5
556
330
1B
100
AcDbEntity
  8
B.Mask
  6
CONTINUOUS
100
AcDbLine
 10
138.0045619999999928
 20
-75.822969999999998
 30
0
 11
138.0410339999999962
 21
-75.2200109999999995
 31
0
  0
LINE
  5
557
330
1B
100
AcDbEntity
  8
B.Mask
  6
CONTINUOUS
100
AcDbLine
 10
138.0410339999999962
 20
-75.2200109999999995
 30
0
 11
138.1138459999999952
 21
-74.6203550000000035
 31
0
  0
LINE
  5
558
330
1B
100
AcDbEntity
  8
B.Mask
  6
CONTINUOUS
100
AcDbLine
 10
138.1138459999999952
 20
-74.6203550000000035
 30
0
 11
138.2227309999999818
 21
-74.0261890000000022
 31
0
  0
LINE
  5
559
330
1B
100
AcDbEntity
  8
B.Mask
  6
CONTINUOUS
100
AcDbLine
 10
138.2227309999999818
 20
-74.0261890000000022
 30
0
 11
138.367291999999992
 21
-73.4396809999999931
 31
0
  0
LINE
  5
55A
330
1B
100
AcDbEntity
  8
B.Mask
  6
CONTINUOUS
100
AcDbLine
 10
138.367291999999992
 20
-73.4396809999999931
 30
0
 11
138.547001999999992
 21
-72.8629719999999992
 31
0
  0
LINE
  5
55B
330
1B
100
AcDbEntity
  8
B.Mask
  6
CONTINUOUS
100
AcDbLine
 10
138.547001999999992
 20
-72.8629719999999992
 30
0
 11
138.7612049999999897
 21
-72.2981659999999948
 31
0
  0
LINE
  5
55C
330
1B
100
AcDbEntity
  8
B.Mask
  6
CONTINUOUS
100
AcDbLine
 10
138.7612049999999897
 20
-72.2981659999999948
 30
0
 11
139.0091189999999983
 21
-71.7473229999999944
 31
0
  0
LINE
  5
55D
330
1B
100
AcDbEntity
  8
B.Mask
  6
CONTINUOUS
100
AcDbLine
 10
139.0091189999999983
 20
-71.7473229999999944
 30
0
 11
139.2898399999999981
 21
-71.2124539999999939
 31
0
  0
LINE
  5
55E
330
1B
100
AcDbEntity
  8
B.Mask
  6
CONTINUOUS
100
AcDbLine
 10
139.2898399999999981
 20
-71.2124539999999939
 30
0
 11
139.6023429999999905
 21
-70.6955099999999987
 31
0
  0
LINE
  5
55F
330
1B
100
AcDbEntity
  8
B.Mask
  6
CONTINUOUS
100
AcDbLine
 10
139.6023429999999905
 20
-70.6955099999999987
 30
0
 11
139.9454889999999807
 21
-70.1983779999999911
 31
0
  0
LINE
  5
560
330
1B
100
AcDbEntity
  8
B.Mask
  6
CONTINUOUS
100
AcDbLine
 10
139.9454889999999807
 20
-70.1983779999999911
 30
0
 11
140.3180239999999799
 21
-69.7228719999999953
 31
0
  0
LINE
  5
561
330
1B
100
AcDbEntity
  8
B.Mask
  6
CONTINUOUS
100
AcDbLine
 10
140.3180239999999799
 20
-69.7228719999999953
 30
0
 11
140.7185900000000061
 21
-69.2707259999999962
 31
0
  0
LINE
  5
562
330
1B
100
AcDbEntity
  8
B.Mask
  6
CONTINUOUS
100
AcDbLine
 10
140.7185900000000061
 20
-69.2707259999999962
 30
0
 11
141.1457259999999962
 21
-68.8435899999999918
 31
0
  0
LINE
  5
563
330
1B
100
AcDbEntity
  8
B.Mask
  6
CONTINUOUS
100
AcDbLine
 10
141.1457259999999962
 20
-68.8435899999999918
 30
0
 11
141.5978719999999953
 21
-68.4430239999999941
 31
0
  0
LINE
  5
564
330
1B
100
AcDbEntity
  8
B.Mask
  6
CONTINUOUS
100
AcDbLine
 10
141.5978719999999953
 20
-68.4430239999999941
 30
0
 11
142.0733779999999911
 21
-68.0704889999999949
 31
0
  0
LINE
  5
565
330
1B
100
AcDbEntity
  8
B.Mask
  6
CONTINUOUS
100
AcDbLine
 10
142.0733779999999911
 20
-68.0704889999999949
 30
0
 11
142.5705099999999845
 21
-67.7273429999999905
 31
0
  0
LINE
  5
566
330
1B
100
AcDbEntity
  8
B.Mask
  6
CONTINUOUS
100
AcDbLine
 10
142.5705099999999845
 20
-67.7273429999999905
 30
0
 11
143.0874539999999797
 21
-67.4148399999999981
 31
0
  0
LINE
  5
567
330
1B
100
AcDbEntity
  8
B.Mask
  6
CONTINUOUS
100
AcDbLine
 10
143.0874539999999797
 20
-67.4148399999999981
 30
0
 11
143.6223229999999944
 21
-67.1341189999999983
 31
0
  0
LINE
  5
568
330
1B
100
AcDbEntity
  8
B.Mask
  6
CONTINUOUS
100
AcDbLine
 10
143.6223229999999944
 20
-67.1341189999999983
 30
0
 11
144.1731659999999806
 21
-66.8862050000000039
 31
0
  0
LINE
  5
569
330
1B
100
AcDbEntity
  8
B.Mask
  6
CONTINUOUS
100
AcDbLine
 10
144.1731659999999806
 20
-66.8862050000000039
 30
0
 11
144.737971999999985
 21
-66.672001999999992
 31
0
  0
LINE
  5
56A
330
1B
100
AcDbEntity
  8
B.Mask
  6
CONTINUOUS
100
AcDbLine
 10
144.737971999999985
 20
-66.672001999999992
 30
0
 11
145.3146810000000073
 21
-66.492291999999992
 31
0
  0
LINE
  5
56B
330
1B
100
AcDbEntity
  8
B.Mask
  6
CONTINUOUS
100
AcDbLine
 10
145.3146810000000073
 20
-66.492291999999992
 30
0
 11
145.901188999999988
 21
-66.347730999999996
 31
0
  0
LINE
  5
56C
330
1B
100
AcDbEntity
  8
B.Mask
  6
CONTINUOUS
100
AcDbLine
 10
145.901188999999988
 20
-66.347730999999996
 30
0
 11
146.4953549999999893
 21
-66.2388459999999952
 31
0
  0
LINE
  5
56D
330
1B
100
AcDbEntity
  8
B.Mask
  6
CONTINUOUS
100
AcDbLine
 10
146.4953549999999893
 20
-66.2388459999999952
 30
0
 11
147.0950109999999995
 21
-66.1660339999999962
 31
0
  0
LINE
  5
56E
330
1B
100
AcDbEntity
  8
B.Mask
  6
CONTINUOUS
100
AcDbLine
 10
147.0950109999999995
 20
-66.1660339999999962
 30
0
 11
147.697969999999998
 21
-66.1295619999999928
 31
0
  0
LINE
  5
56F
330
1B
100
AcDbEntity
  8
B.Mask
  6
CONTINUOUS
100
AcDbLine
 10
147.697969999999998
 20
-66.1295619999999928
 30
0
 11
148.302030000000002
 21
-66.1295619999999928
 31
0
  0
LINE
  5
570
330
1B
100
AcDbEntity
  8
B.Mask
  6
CONTINUOUS
100
AcDbLine
 10
148.302030000000002
 20
-66.1295619999999928
 30
0
 11
148.9049890000000005
 21
-66.1660339999999962
 31
0
  0
LINE
  5
571
330
1B
100
AcDbEntity
  8
Edge.Cuts
  6
CONTINUOUS
100
AcDbLine
 10
165.2595670000000041
 20
-60.3519030000000001
 30
0
 11
165.2730969999999786
 21
-60.3654329999999959
 31
0
  0
LINE
  5
572
330
1B
100
AcDbEntity
  8
Edge.Cuts
  6
CONTINUOUS
100
AcDbLine
 10
165.2730969999999786
 20
-60.3654329999999959
 30
0
 11
165.2750000000000057
 21
-60.375
 31
0
  0
LINE
  5
573
330
1B
100
AcDbEntity
  8
Edge.Cuts
  6
CONTINUOUS
100
AcDbLine
 10
165.2750000000000057
 20
-60.375
 30
0
 11
165.2750000000000057
 21
-139.625
 31
0
  0
LINE
  5
574
330
1B
100
AcDbEntity
  8
Edge.Cuts
  6
CONTINUOUS
100
AcDbLine
 10
165.2750000000000057
 20
-139.625
 30
0
 11
165.2730969999999786
 21
-139.6345670000000041
 31
0
  0
LINE
  5
575
330
1B
100
AcDbEntity
  8
Edge.Cuts
  6
CONTINUOUS
100
AcDbLine
 10
165.2730969999999786
 20
-139.6345670000000041
 30
0
 11
165.2595670000000041
 21
-139.648097000000007
 31
0
  0
LINE
  5
576
330
1B
100
AcDbEntity
  8
Edge.Cuts
  6
CONTINUOUS
100
AcDbLine
 10
165.2595670000000041
 20
-139.648097000000007
 30
0
 11
165.25
 21
-139.6500000000000057
 31
0
  0
LINE
  5
577
330
1B
100
AcDbEntity
  8
Edge.Cuts
  6
CONTINUOUS
100
AcDbLine
 10
165.25
 20
-139.6500000000000057
 30
0
 11
34.75
 21
-139.6500000000000057
 31
0
  0
LINE
  5
578
330
1B
100
AcDbEntity
  8
Edge.Cuts
  6
CONTINUOUS
100
AcDbLine
 10
34.75
 20
-139.6500000000000057
 30
0
 11
34.7404329999999959
 21
-139.648097000000007
 31
0
  0
LINE
  5
579
330
1B
100
AcDbEntity
  8
Edge.Cuts
  6
CONTINUOUS
100
AcDbLine
 10
34.7404329999999959
 20
-139.648097000000007
 30
0
 11
34.7269030000000001
 21
-139.6345670000000041
 31
0
  0
LINE
  5
57A
330
1B
100
AcDbEntity
  8
Edge.Cuts
  6
CONTINUOUS
100
AcDbLine
 10
34.7269030000000001
 20
-139.6345670000000041
 30
0
 11
34.7250000000000014
 21
-139.625
 31
0
  0
LINE
  5
57B
330
1B
100
AcDbEntity
  8
Edge.Cuts
  6
CONTINUOUS
100
AcDbLine
 10
34.7250000000000014
 20
-139.625
 30
0
 11
34.7250000000000014
 21
-60.375
 31
0
  0
LINE
  5
57C
330
1B
100
AcDbEntity
  8
Edge.Cuts
  6
CONTINUOUS
100
AcDbLine
 10
34.7250000000000014
 20
-60.375
 30
0
 11
34.7269030000000001
 21
-60.3654329999999959
 31
0
  0
LINE
  5
57D
330
1B
100
AcDbEntity
  8
Edge.Cuts
  6
CONTINUOUS
100
AcDbLine
 10
34.7269030000000001
 20
-60.3654329999999959
 30
0
 11
34.7404329999999959
 21
-60.3519030000000001
 31
0
  0
LINE
  5
57E
330
1B
100
AcDbEntity
  8
Edge.Cuts
  6
CONTINUOUS
100
AcDbLine
 10
34.7404329999999959
 20
-60.3519030000000001
 30
0
 11
34.75
 21
-60.3499999999999943
 31
0
  0
LINE
  5
57F
330
1B
100
AcDbEntity
  8
Edge.Cuts
  6
CONTINUOUS
100
AcDbLine
 10
34.75
 20
-60.3499999999999943
 30
0
 11
165.25
 21
-60.3499999999999943
 31
0
  0
LINE
  5
580
330
1B
100
AcDbEntity
  8
Edge.Cuts
  6
CONTINUOUS
100
AcDbLine
 10
165.25
 20
-60.3499999999999943
 30
0
 11
165.2595670000000041
 21
-60.3519030000000001
 31
0
  0
LINE
  5
581
330
1B
100
AcDbEntity
  8
Edge.Cuts
  6
CONTINUOUS
100
AcDbLine
 10
34.7749999999999986
 20
-60.3999999999999986
 30
0
 11
34.7749999999999986
 21
-139.5999999999999943
 31
0
  0
LINE
  5
582
330
1B
100
AcDbEntity
  8
Edge.Cuts
  6
CONTINUOUS
100
AcDbLine
 10
34.7749999999999986
 20
-139.5999999999999943
 30
0
 11
165.2249999999999943
 21
-139.5999999999999943
 31
0
  0
LINE
  5
583
330
1B
100
AcDbEntity
  8
Edge.Cuts
  6
CONTINUOUS
100
AcDbLine
 10
165.2249999999999943
 20
-139.5999999999999943
 30
0
 11
165.2249999999999943
 21
-60.3999999999999986
 31
0
  0
LINE
  5
584
330
1B
100
AcDbEntity
  8
Edge.Cuts
  6
CONTINUOUS
100
AcDbLine
 10
165.2249999999999943
 20
-60.3999999999999986
 30
0
 11
34.7749999999999986
 21
-60.3999999999999986
 31
0
  0
ENDSEC
  0
SECTION
  2
OBJECTS
  0
DICTIONARY
  5
21
330
0
100
AcDbDictionary
281
1
  3
ACAD_GROUP
350
585
  3
ACAD_LAYOUT
350
22
  3
ACAD_PLOTSTYLENAME
350
11
  0
DICTIONARY
  5
585
330
21
100
AcDbDictionary
281
1
  0
ACDBDICTIONARYWDFLT
  5
11
330
21
100
AcDbDictionary
281
1
  3
Normal
350
10
100
AcDbDictionaryWithDefault
340
10
  0
ACDBPLACEHOLDER
  5
10
330
11
  0
DICTIONARY
  5
22
330
21
100
AcDbDictionary
281
1
  3
Model
350
1E
  3
Layout1
350
1F
  3
Layout2
350
20
  0
LAYOUT
  5
1E
330
22
100
AcDbPlotSettings
  1

  2
none_device
  4
A3
  6

 40
0.0
 41
0.0
 42
0.0
 43
0.0
 44
420.0
 45
297.0
 46
0.0
 47
0.0
 48
0.0
 49
0.0
140
0.0
141
0.0
142
1.0
143
1.0
 70
1024
 72
1
 73
0
 74
5
  7

 75
16
 76
0
 77
2
 78
300
147
1.0
148
0.0
149
0.0
100
AcDbLayout
  1
Model
 70
1
 71
0
 10
0.0
 20
0.0
 11
420.0
 21
297.0
 12
0.0
 22
0.0
 32
0.0
 14
1e+20
 24
1e+20
 34
1e+20
 15
-1e+20
 25
-1e+20
 35
-1e+20
146
0.0
 13
0.0
 23
0.0
 33
0.0
 16
1.0
 26
0.0
 36
0.0
 17
0.0
 27
1.0
 37
0.0
 76
0
330
1B
  0
LAYOUT
  5
1F
330
22
100
AcDbPlotSettings
  1

  2
none_device
  4
A3
  6

 40
0.0
 41
0.0
 42
0.0
 43
0.0
 44
420.0
 45
297.0
 46
0.0
 47
0.0
 48
0.0
 49
0.0
140
0.0
141
0.0
142
1.0
143
1.0
 70
0
 72
1
 73
0
 74
5
  7

 75
16
 76
0
 77
2
 78
300
147
1.0
148
0.0
149
0.0
100
AcDbLayout
  1
Layout1
 70
1
 71
1
 10
0.0
 20
0.0
 11
420.0
 21
297.0
 12
0.0
 22
0.0
 32
0.0
 14
1e+20
 24
1e+20
 34
1e+20
 15
-1e+20
 25
-1e+20
 35
-1e+20
146
0.0
 13
0.0
 23
0.0
 33
0.0
 16
1.0
 26
0.0
 36
0.0
 17
0.0
 27
1.0
 37
0.0
 76
0
330
1C
  0
LAYOUT
  5
20
330
22
100
AcDbPlotSettings
  1

  2
none_device
  4
A3
  6

 40
0.0
 41
0.0
 42
0.0
 43
0.0
 44
420.0
 45
297.0
 46
0.0
 47
0.0
 48
0.0
 49
0.0
140
0.0
141
0.0
142
1.0
143
1.0
 70
0
 72
1
 73
0
 74
5
  7

 75
16
 76
0
 77
2
 78
300
147
1.0
148
0.0
149
0.0
100
AcDbLayout
  1
Layout2
 70
1
 71
2
 10
0.0
 20
0.0
 11
420.0
 21
297.0
 12
0.0
 22
0.0
 32
0.0
 14
1e+20
 24
1e+20
 34
1e+20
 15
-1e+20
 25
-1e+20
 35
-1e+20
146
0.0
 13
0.0
 23
0.0
 33
0.0
 16
1.0
 26
0.0
 36
0.0
 17
0.0
 27
1.0
 37
0.0
 76
0
330
1D
  0
ENDSEC
  0
EOF
