  0
SECTION
  2
HEADER
  9
$ACADVER
  1
AC1018
  9
$HANDSEED
  5
FFFFFFFF
  9
$ANGBASE
  50
0.0
  9
$ANGDIR
  70
1
  9
$MEASUREMENT
  70
1
  9
$INSUNITS
  70
4
  9
$EXTMIN
 10
28.197500000
 20
-146.177500000
 30
0.0
  9
$EXTMAX
 10
171.802500000
 20
-53.822500000
 30
0.0
  9
$LIMMIN
 10
28.197500000
 20
-146.177500000
  9
$LIMMAX
 10
171.802500000
 20
-53.822500000
  0
ENDSEC
  0
SECTION
  2
TABLES
  0
TABLE
  2
APPID
  5
1
330
0
100
AcDbSymbolTable
 70
1
  0
APPID
  5
2
330
1
100
AcDbSymbolTableRecord
100
AcDbRegAppTableRecord
  2
ACAD
 70
0
  0
ENDTAB
  0
TABLE
  2
LTYPE
  5
3
330
0
100
AcDbSymbolTable
 70
6
  0
LTYPE
  5
4
330
3
100
AcDbSymbolTableRecord
100
AcDbLinetypeTableRecord
  2
ByBlock
 70
0
  3

 72
65
 73
0
 40
0
  0
LTYPE
  5
5
330
3
100
AcDbSymbolTableRecord
100
AcDbLinetypeTableRecord
  2
ByLayer
 70
0
  3

 72
65
 73
0
 40
0
  0
LTYPE
  5
6
330
3
100
AcDbSymbolTableRecord
100
AcDbLinetypeTableRecord
  2
CONTINUOUS
 70
0
  3
Solid line
 72
65
 73
0
 40
0
  0
LTYPE
  5
7
330
3
100
AcDbSymbolTableRecord
100
AcDbLinetypeTableRecord
  2
DASHDOT
 70
0
  3
Dash Dot ____ _ ____ _
 72
65
 73
4
 40
2
 49
1.25
 74
0
 49
-0.25
 74
0
 49
0.25
 74
0
 49
-0.25
 74
0
  0
LTYPE
  5
8
330
3
100
AcDbSymbolTableRecord
100
AcDbLinetypeTableRecord
  2
DASHED
 70
0
  3
Dashed __ __ __ __ __
 72
65
 73
2
 40
0.75
 49
0.5
 74
0
 49
-0.25
 74
0
  0
LTYPE
  5
9
330
3
100
AcDbSymbolTableRecord
100
AcDbLinetypeTableRecord
  2
DOTTED
 70
0
  3
Dotted .  .  .  .
 72
65
 73
2
 40
0.2
 49
0.0
 74
0
 49
-0.2
 74
0
  0
ENDTAB
  0
TABLE
  2
STYLE
  5
A
330
0
100
AcDbSymbolTable
 70
4
  0
STYLE
  5
B
330
A
100
AcDbSymbolTableRecord
100
AcDbTextStyleTableRecord
  2
KICAD
 70
0
 40
0
 41
1
 42
1
 50
0
 71
0
  3
isocp.shx
  0
STYLE
  5
C
330
A
100
AcDbSymbolTableRecord
100
AcDbTextStyleTableRecord
  2
KICADB
 70
0
 40
0
 41
1
 42
1
 50
0
 71
0
  3
isocp.shx
  0
STYLE
  5
D
330
A
100
AcDbSymbolTableRecord
100
AcDbTextStyleTableRecord
  2
KICADI
 70
0
 40
0
 41
1
 42
1
 50
15
 71
0
  3
isocp.shx
  0
STYLE
  5
E
330
A
100
AcDbSymbolTableRecord
100
AcDbTextStyleTableRecord
  2
KICADBI
 70
0
 40
0
 41
1
 42
1
 50
15
 71
0
  3
isocp.shx
  0
ENDTAB
  0
TABLE
  2
LAYER
  5
F
330
0
100
AcDbSymbolTable
 70
3
  0
LAYER
  5
12
330
F
100
AcDbSymbolTableRecord
100
AcDbLayerTableRecord
  2
0
 70
0
 62
7
  6
CONTINUOUS
390
10
  0
LAYER
  5
13
330
F
100
AcDbSymbolTableRecord
100
AcDbLayerTableRecord
  2
F.Mask
 70
0
 62
201
420
14181631
  6
CONTINUOUS
390
10
  0
LAYER
  5
14
330
F
100
AcDbSymbolTableRecord
100
AcDbLayerTableRecord
  2
Edge.Cuts
 70
0
 62
254
420
13685453
  6
CONTINUOUS
390
10
  0
ENDTAB
  0
TABLE
  2
VPORT
  5
15
330
0
100
AcDbSymbolTable
 70
1
  0
VPORT
  5
F0000000
330
15
100
AcDbSymbolTableRecord
100
AcDbViewportTableRecord
  2
*Active
 70
0
 10
0.0
 20
0.0
 11
1.0
 21
1.0
 12
100.000000000
 22
-100.000000000
 13
0.0
 23
0.0
 14
0.5
 24
0.5
 15
0.5
 25
0.5
 16
0.0
 26
0.0
 36
1.0
 17
0.0
 27
0.0
 37
0.0
 40
92.355000000
 41
1.6
 42
50.0
 43
0.0
 44
0.0
 50
0.0
 51
0.0
 71
0
 72
1000
 73
1
 74
3
 75
0
 76
0
 77
0
 78
0
281
0
 65
0
146
0.0
  0
ENDTAB
  0
TABLE
  2
VIEW
  5
16
330
0
100
AcDbSymbolTable
 70
0
  0
ENDTAB
  0
TABLE
  2
UCS
  5
17
330
0
100
AcDbSymbolTable
 70
0
  0
ENDTAB
  0
TABLE
  2
DIMSTYLE
  5
18
330
0
100
AcDbSymbolTable
 70
1
100
AcDbDimStyleTable
 71
0
  0
DIMSTYLE
105
19
330
18
100
AcDbSymbolTableRecord
100
AcDbDimStyleTableRecord
  2
Standard
 70
0
  0
ENDTAB
  0
TABLE
  2
BLOCK_RECORD
  5
1A
330
0
100
AcDbSymbolTable
 70
3
  0
BLOCK_RECORD
  5
1B
330
1A
100
AcDbSymbolTableRecord
100
AcDbBlockTableRecord
  2
*Model_Space
340
1E
 70
0
280
1
281
0
  0
BLOCK_RECORD
  5
1C
330
1A
100
AcDbSymbolTableRecord
100
AcDbBlockTableRecord
  2
*Paper_Space
340
1F
 70
0
280
1
281
0
  0
BLOCK_RECORD
  5
1D
330
1A
100
AcDbSymbolTableRecord
100
AcDbBlockTableRecord
  2
*Paper_Space0
340
20
 70
0
280
1
281
0
  0
ENDTAB
  0
ENDSEC
  0
SECTION
  2
BLOCKS
  0
BLOCK
  5
23
330
1B
100
AcDbEntity
  8
0
100
AcDbBlockBegin
  2
*Model_Space
 70
0
 10
0.0
 20
0.0
 30
0.0
  3
*Model_Space
  1

  0
ENDBLK
  5
24
330
1B
100
AcDbEntity
  8
0
100
AcDbBlockEnd
  0
BLOCK
  5
25
330
1C
100
AcDbEntity
 67
1
  8
0
100
AcDbBlockBegin
  2
*Paper_Space
 70
0
 10
0.0
 20
0.0
 30
0.0
  3
*Paper_Space
  1

  0
ENDBLK
  5
26
330
1C
100
AcDbEntity
 67
1
  8
0
100
AcDbBlockEnd
  0
BLOCK
  5
27
330
1D
100
AcDbEntity
 67
1
  8
0
100
AcDbBlockBegin
  2
*Paper_Space0
 70
0
 10
0.0
 20
0.0
 30
0.0
  3
*Paper_Space0
  1

  0
ENDBLK
  5
28
330
1D
100
AcDbEntity
 67
1
  8
0
100
AcDbBlockEnd
  0
ENDSEC
  0
SECTION
  2
ENTITIES
  0
LINE
  5
29
330
1B
100
AcDbEntity
  8
F.Mask
  6
CONTINUOUS
100
AcDbLine
 10
45.4619220000000013
 20
-125.5432939999999888
 30
0
 11
45.8469209999999947
 21
-125.6198749999999933
 31
0
  0
LINE
  5
2A
330
1B
100
AcDbEntity
  8
F.Mask
  6
CONTINUOUS
100
AcDbLine
 10
45.8469209999999947
 20
-125.6198749999999933
 30
0
 11
46.2225589999999968
 21
-125.7338239999999985
 31
0
  0
LINE
  5
2B
330
1B
100
AcDbEntity
  8
F.Mask
  6
CONTINUOUS
100
AcDbLine
 10
46.2225589999999968
 20
-125.7338239999999985
 30
0
 11
46.5852199999999996
 21
-125.8840429999999913
 31
0
  0
LINE
  5
2C
330
1B
100
AcDbEntity
  8
F.Mask
  6
CONTINUOUS
100
AcDbLine
 10
46.5852199999999996
 20
-125.8840429999999913
 30
0
 11
46.9314109999999971
 21
-126.0690859999999986
 31
0
  0
LINE
  5
2D
330
1B
100
AcDbEntity
  8
F.Mask
  6
CONTINUOUS
100
AcDbLine
 10
46.9314109999999971
 20
-126.0690859999999986
 30
0
 11
47.2577969999999965
 21
-126.287169999999989
 31
0
  0
LINE
  5
2E
330
1B
100
AcDbEntity
  8
F.Mask
  6
CONTINUOUS
100
AcDbLine
 10
47.2577969999999965
 20
-126.287169999999989
 30
0
 11
47.561236000000001
 21
-126.5361949999999922
 31
0
  0
LINE
  5
2F
330
1B
100
AcDbEntity
  8
F.Mask
  6
CONTINUOUS
100
AcDbLine
 10
47.561236000000001
 20
-126.5361949999999922
 30
0
 11
47.8388050000000007
 21
-126.8137639999999919
 31
0
  0
LINE
  5
30
330
1B
100
AcDbEntity
  8
F.Mask
  6
CONTINUOUS
100
AcDbLine
 10
47.8388050000000007
 20
-126.8137639999999919
 30
0
 11
48.0878299999999967
 21
-127.1172029999999893
 31
0
  0
LINE
  5
31
330
1B
100
AcDbEntity
  8
F.Mask
  6
CONTINUOUS
100
AcDbLine
 10
48.0878299999999967
 20
-127.1172029999999893
 30
0
 11
48.3059140000000014
 21
-127.4435889999999887
 31
0
  0
LINE
  5
32
330
1B
100
AcDbEntity
  8
F.Mask
  6
CONTINUOUS
100
AcDbLine
 10
48.3059140000000014
 20
-127.4435889999999887
 30
0
 11
48.4909569999999945
 21
-127.7897799999999933
 31
0
  0
LINE
  5
33
330
1B
100
AcDbEntity
  8
F.Mask
  6
CONTINUOUS
100
AcDbLine
 10
48.4909569999999945
 20
-127.7897799999999933
 30
0
 11
48.6411759999999944
 21
-128.1524409999999818
 31
0
  0
LINE
  5
34
330
1B
100
AcDbEntity
  8
F.Mask
  6
CONTINUOUS
100
AcDbLine
 10
48.6411759999999944
 20
-128.1524409999999818
 30
0
 11
48.7551249999999996
 21
-128.5280789999999911
 31
0
  0
LINE
  5
35
330
1B
100
AcDbEntity
  8
F.Mask
  6
CONTINUOUS
100
AcDbLine
 10
48.7551249999999996
 20
-128.5280789999999911
 30
0
 11
48.8317059999999969
 21
-128.9130779999999845
 31
0
  0
LINE
  5
36
330
1B
100
AcDbEntity
  8
F.Mask
  6
CONTINUOUS
100
AcDbLine
 10
48.8317059999999969
 20
-128.9130779999999845
 30
0
 11
48.8701819999999998
 21
-129.3037290000000041
 31
0
  0
LINE
  5
37
330
1B
100
AcDbEntity
  8
F.Mask
  6
CONTINUOUS
100
AcDbLine
 10
48.8701819999999998
 20
-129.3037290000000041
 30
0
 11
48.8701819999999998
 21
-129.6962709999999959
 31
0
  0
LINE
  5
38
330
1B
100
AcDbEntity
  8
F.Mask
  6
CONTINUOUS
100
AcDbLine
 10
48.8701819999999998
 20
-129.6962709999999959
 30
0
 11
48.8317059999999969
 21
-130.0869219999999871
 31
0
  0
LINE
  5
39
330
1B
100
AcDbEntity
  8
F.Mask
  6
CONTINUOUS
100
AcDbLine
 10
48.8317059999999969
 20
-130.0869219999999871
 30
0
 11
48.7551249999999996
 21
-130.4719209999999805
 31
0
  0
LINE
  5
3A
330
1B
100
AcDbEntity
  8
F.Mask
  6
CONTINUOUS
100
AcDbLine
 10
48.7551249999999996
 20
-130.4719209999999805
 30
0
 11
48.6411759999999944
 21
-130.8475589999999897
 31
0
  0
LINE
  5
3B
330
1B
100
AcDbEntity
  8
F.Mask
  6
CONTINUOUS
100
AcDbLine
 10
48.6411759999999944
 20
-130.8475589999999897
 30
0
 11
48.4909569999999945
 21
-131.2102199999999925
 31
0
  0
LINE
  5
3C
330
1B
100
AcDbEntity
  8
F.Mask
  6
CONTINUOUS
100
AcDbLine
 10
48.4909569999999945
 20
-131.2102199999999925
 30
0
 11
48.3059140000000014
 21
-131.5564109999999971
 31
0
  0
LINE
  5
3D
330
1B
100
AcDbEntity
  8
F.Mask
  6
CONTINUOUS
100
AcDbLine
 10
48.3059140000000014
 20
-131.5564109999999971
 30
0
 11
48.0878299999999967
 21
-131.8827969999999823
 31
0
  0
LINE
  5
3E
330
1B
100
AcDbEntity
  8
F.Mask
  6
CONTINUOUS
100
AcDbLine
 10
48.0878299999999967
 20
-131.8827969999999823
 30
0
 11
47.8388050000000007
 21
-132.1862360000000081
 31
0
  0
LINE
  5
3F
330
1B
100
AcDbEntity
  8
F.Mask
  6
CONTINUOUS
100
AcDbLine
 10
47.8388050000000007
 20
-132.1862360000000081
 30
0
 11
47.561236000000001
 21
-132.4638050000000078
 31
0
  0
LINE
  5
40
330
1B
100
AcDbEntity
  8
F.Mask
  6
CONTINUOUS
100
AcDbLine
 10
47.561236000000001
 20
-132.4638050000000078
 30
0
 11
47.2577969999999965
 21
-132.7128299999999967
 31
0
  0
LINE
  5
41
330
1B
100
AcDbEntity
  8
F.Mask
  6
CONTINUOUS
100
AcDbLine
 10
47.2577969999999965
 20
-132.7128299999999967
 30
0
 11
46.9314109999999971
 21
-132.9309140000000014
 31
0
  0
LINE
  5
42
330
1B
100
AcDbEntity
  8
F.Mask
  6
CONTINUOUS
100
AcDbLine
 10
46.9314109999999971
 20
-132.9309140000000014
 30
0
 11
46.5852199999999996
 21
-133.1159569999999803
 31
0
  0
LINE
  5
43
330
1B
100
AcDbEntity
  8
F.Mask
  6
CONTINUOUS
100
AcDbLine
 10
46.5852199999999996
 20
-133.1159569999999803
 30
0
 11
46.2225589999999968
 21
-133.2661760000000015
 31
0
  0
LINE
  5
44
330
1B
100
AcDbEntity
  8
F.Mask
  6
CONTINUOUS
100
AcDbLine
 10
46.2225589999999968
 20
-133.2661760000000015
 30
0
 11
45.8469209999999947
 21
-133.3801249999999925
 31
0
  0
LINE
  5
45
330
1B
100
AcDbEntity
  8
F.Mask
  6
CONTINUOUS
100
AcDbLine
 10
45.8469209999999947
 20
-133.3801249999999925
 30
0
 11
45.4619220000000013
 21
-133.4567059999999969
 31
0
  0
LINE
  5
46
330
1B
100
AcDbEntity
  8
F.Mask
  6
CONTINUOUS
100
AcDbLine
 10
45.4619220000000013
 20
-133.4567059999999969
 30
0
 11
45.0712709999999959
 21
-133.4951819999999998
 31
0
  0
LINE
  5
47
330
1B
100
AcDbEntity
  8
F.Mask
  6
CONTINUOUS
100
AcDbLine
 10
45.0712709999999959
 20
-133.4951819999999998
 30
0
 11
44.678728999999997
 21
-133.4951819999999998
 31
0
  0
LINE
  5
48
330
1B
100
AcDbEntity
  8
F.Mask
  6
CONTINUOUS
100
AcDbLine
 10
44.678728999999997
 20
-133.4951819999999998
 30
0
 11
44.2880779999999987
 21
-133.4567059999999969
 31
0
  0
LINE
  5
49
330
1B
100
AcDbEntity
  8
F.Mask
  6
CONTINUOUS
100
AcDbLine
 10
44.2880779999999987
 20
-133.4567059999999969
 30
0
 11
43.9030789999999982
 21
-133.3801249999999925
 31
0
  0
LINE
  5
4A
330
1B
100
AcDbEntity
  8
F.Mask
  6
CONTINUOUS
100
AcDbLine
 10
43.9030789999999982
 20
-133.3801249999999925
 30
0
 11
43.5274409999999961
 21
-133.2661760000000015
 31
0
  0
LINE
  5
4B
330
1B
100
AcDbEntity
  8
F.Mask
  6
CONTINUOUS
100
AcDbLine
 10
43.5274409999999961
 20
-133.2661760000000015
 30
0
 11
43.1647800000000004
 21
-133.1159569999999803
 31
0
  0
LINE
  5
4C
330
1B
100
AcDbEntity
  8
F.Mask
  6
CONTINUOUS
100
AcDbLine
 10
43.1647800000000004
 20
-133.1159569999999803
 30
0
 11
42.8185889999999958
 21
-132.9309140000000014
 31
0
  0
LINE
  5
4D
330
1B
100
AcDbEntity
  8
F.Mask
  6
CONTINUOUS
100
AcDbLine
 10
42.8185889999999958
 20
-132.9309140000000014
 30
0
 11
42.4922029999999964
 21
-132.7128299999999967
 31
0
  0
LINE
  5
4E
330
1B
100
AcDbEntity
  8
F.Mask
  6
CONTINUOUS
100
AcDbLine
 10
42.4922029999999964
 20
-132.7128299999999967
 30
0
 11
42.188763999999999
 21
-132.4638050000000078
 31
0
  0
LINE
  5
4F
330
1B
100
AcDbEntity
  8
F.Mask
  6
CONTINUOUS
100
AcDbLine
 10
42.188763999999999
 20
-132.4638050000000078
 30
0
 11
41.9111949999999993
 21
-132.1862360000000081
 31
0
  0
LINE
  5
50
330
1B
100
AcDbEntity
  8
F.Mask
  6
CONTINUOUS
100
AcDbLine
 10
41.9111949999999993
 20
-132.1862360000000081
 30
0
 11
41.6621699999999962
 21
-131.8827969999999823
 31
0
  0
LINE
  5
51
330
1B
100
AcDbEntity
  8
F.Mask
  6
CONTINUOUS
100
AcDbLine
 10
41.6621699999999962
 20
-131.8827969999999823
 30
0
 11
41.4440859999999986
 21
-131.5564109999999971
 31
0
  0
LINE
  5
52
330
1B
100
AcDbEntity
  8
F.Mask
  6
CONTINUOUS
100
AcDbLine
 10
41.4440859999999986
 20
-131.5564109999999971
 30
0
 11
41.2590429999999984
 21
-131.2102199999999925
 31
0
  0
LINE
  5
53
330
1B
100
AcDbEntity
  8
F.Mask
  6
CONTINUOUS
100
AcDbLine
 10
41.2590429999999984
 20
-131.2102199999999925
 30
0
 11
41.1088239999999985
 21
-130.8475589999999897
 31
0
  0
LINE
  5
54
330
1B
100
AcDbEntity
  8
F.Mask
  6
CONTINUOUS
100
AcDbLine
 10
41.1088239999999985
 20
-130.8475589999999897
 30
0
 11
40.9948750000000004
 21
-130.4719209999999805
 31
0
  0
LINE
  5
55
330
1B
100
AcDbEntity
  8
F.Mask
  6
CONTINUOUS
100
AcDbLine
 10
40.9948750000000004
 20
-130.4719209999999805
 30
0
 11
40.9182939999999959
 21
-130.0869219999999871
 31
0
  0
LINE
  5
56
330
1B
100
AcDbEntity
  8
F.Mask
  6
CONTINUOUS
100
AcDbLine
 10
40.9182939999999959
 20
-130.0869219999999871
 30
0
 11
40.8798180000000002
 21
-129.6962709999999959
 31
0
  0
LINE
  5
57
330
1B
100
AcDbEntity
  8
F.Mask
  6
CONTINUOUS
100
AcDbLine
 10
40.8798180000000002
 20
-129.6962709999999959
 30
0
 11
40.8798180000000002
 21
-129.3037290000000041
 31
0
  0
LINE
  5
58
330
1B
100
AcDbEntity
  8
F.Mask
  6
CONTINUOUS
100
AcDbLine
 10
40.8798180000000002
 20
-129.3037290000000041
 30
0
 11
40.9182939999999959
 21
-128.9130779999999845
 31
0
  0
LINE
  5
59
330
1B
100
AcDbEntity
  8
F.Mask
  6
CONTINUOUS
100
AcDbLine
 10
40.9182939999999959
 20
-128.9130779999999845
 30
0
 11
40.9948750000000004
 21
-128.5280789999999911
 31
0
  0
LINE
  5
5A
330
1B
100
AcDbEntity
  8
F.Mask
  6
CONTINUOUS
100
AcDbLine
 10
40.9948750000000004
 20
-128.5280789999999911
 30
0
 11
41.1088239999999985
 21
-128.1524409999999818
 31
0
  0
LINE
  5
5B
330
1B
100
AcDbEntity
  8
F.Mask
  6
CONTINUOUS
100
AcDbLine
 10
41.1088239999999985
 20
-128.1524409999999818
 30
0
 11
41.2590429999999984
 21
-127.7897799999999933
 31
0
  0
LINE
  5
5C
330
1B
100
AcDbEntity
  8
F.Mask
  6
CONTINUOUS
100
AcDbLine
 10
41.2590429999999984
 20
-127.7897799999999933
 30
0
 11
41.4440859999999986
 21
-127.4435889999999887
 31
0
  0
LINE
  5
5D
330
1B
100
AcDbEntity
  8
F.Mask
  6
CONTINUOUS
100
AcDbLine
 10
41.4440859999999986
 20
-127.4435889999999887
 30
0
 11
41.6621699999999962
 21
-127.1172029999999893
 31
0
  0
LINE
  5
5E
330
1B
100
AcDbEntity
  8
F.Mask
  6
CONTINUOUS
100
AcDbLine
 10
41.6621699999999962
 20
-127.1172029999999893
 30
0
 11
41.9111949999999993
 21
-126.8137639999999919
 31
0
  0
LINE
  5
5F
330
1B
100
AcDbEntity
  8
F.Mask
  6
CONTINUOUS
100
AcDbLine
 10
41.9111949999999993
 20
-126.8137639999999919
 30
0
 11
42.188763999999999
 21
-126.5361949999999922
 31
0
  0
LINE
  5
60
330
1B
100
AcDbEntity
  8
F.Mask
  6
CONTINUOUS
100
AcDbLine
 10
42.188763999999999
 20
-126.5361949999999922
 30
0
 11
42.4922029999999964
 21
-126.287169999999989
 31
0
  0
LINE
  5
61
330
1B
100
AcDbEntity
  8
F.Mask
  6
CONTINUOUS
100
AcDbLine
 10
42.4922029999999964
 20
-126.287169999999989
 30
0
 11
42.8185889999999958
 21
-126.0690859999999986
 31
0
  0
LINE
  5
62
330
1B
100
AcDbEntity
  8
F.Mask
  6
CONTINUOUS
100
AcDbLine
 10
42.8185889999999958
 20
-126.0690859999999986
 30
0
 11
43.1647800000000004
 21
-125.8840429999999913
 31
0
  0
LINE
  5
63
330
1B
100
AcDbEntity
  8
F.Mask
  6
CONTINUOUS
100
AcDbLine
 10
43.1647800000000004
 20
-125.8840429999999913
 30
0
 11
43.5274409999999961
 21
-125.7338239999999985
 31
0
  0
LINE
  5
64
330
1B
100
AcDbEntity
  8
F.Mask
  6
CONTINUOUS
100
AcDbLine
 10
43.5274409999999961
 20
-125.7338239999999985
 30
0
 11
43.9030789999999982
 21
-125.6198749999999933
 31
0
  0
LINE
  5
65
330
1B
100
AcDbEntity
  8
F.Mask
  6
CONTINUOUS
100
AcDbLine
 10
43.9030789999999982
 20
-125.6198749999999933
 30
0
 11
44.2880779999999987
 21
-125.5432939999999888
 31
0
  0
LINE
  5
66
330
1B
100
AcDbEntity
  8
F.Mask
  6
CONTINUOUS
100
AcDbLine
 10
44.2880779999999987
 20
-125.5432939999999888
 30
0
 11
44.678728999999997
 21
-125.5048180000000002
 31
0
  0
LINE
  5
67
330
1B
100
AcDbEntity
  8
F.Mask
  6
CONTINUOUS
100
AcDbLine
 10
44.678728999999997
 20
-125.5048180000000002
 30
0
 11
45.0712709999999959
 21
-125.5048180000000002
 31
0
  0
LINE
  5
68
330
1B
100
AcDbEntity
  8
F.Mask
  6
CONTINUOUS
100
AcDbLine
 10
45.0712709999999959
 20
-125.5048180000000002
 30
0
 11
45.4619220000000013
 21
-125.5432939999999888
 31
0
  0
LINE
  5
69
330
1B
100
AcDbEntity
  8
F.Mask
  6
CONTINUOUS
100
AcDbLine
 10
66.2119220000000013
 20
-125.5432939999999888
 30
0
 11
66.5969209999999947
 21
-125.6198749999999933
 31
0
  0
LINE
  5
6A
330
1B
100
AcDbEntity
  8
F.Mask
  6
CONTINUOUS
100
AcDbLine
 10
66.5969209999999947
 20
-125.6198749999999933
 30
0
 11
66.9725590000000039
 21
-125.7338239999999985
 31
0
  0
LINE
  5
6B
330
1B
100
AcDbEntity
  8
F.Mask
  6
CONTINUOUS
100
AcDbLine
 10
66.9725590000000039
 20
-125.7338239999999985
 30
0
 11
67.3352199999999925
 21
-125.8840429999999913
 31
0
  0
LINE
  5
6C
330
1B
100
AcDbEntity
  8
F.Mask
  6
CONTINUOUS
100
AcDbLine
 10
67.3352199999999925
 20
-125.8840429999999913
 30
0
 11
67.6814109999999971
 21
-126.0690859999999986
 31
0
  0
LINE
  5
6D
330
1B
100
AcDbEntity
  8
F.Mask
  6
CONTINUOUS
100
AcDbLine
 10
67.6814109999999971
 20
-126.0690859999999986
 30
0
 11
68.0077969999999965
 21
-126.287169999999989
 31
0
  0
LINE
  5
6E
330
1B
100
AcDbEntity
  8
F.Mask
  6
CONTINUOUS
100
AcDbLine
 10
68.0077969999999965
 20
-126.287169999999989
 30
0
 11
68.3112359999999939
 21
-126.5361949999999922
 31
0
  0
LINE
  5
6F
330
1B
100
AcDbEntity
  8
F.Mask
  6
CONTINUOUS
100
AcDbLine
 10
68.3112359999999939
 20
-126.5361949999999922
 30
0
 11
68.5888049999999936
 21
-126.8137639999999919
 31
0
  0
LINE
  5
70
330
1B
100
AcDbEntity
  8
F.Mask
  6
CONTINUOUS
100
AcDbLine
 10
68.5888049999999936
 20
-126.8137639999999919
 30
0
 11
68.8378299999999967
 21
-127.1172029999999893
 31
0
  0
LINE
  5
71
330
1B
100
AcDbEntity
  8
F.Mask
  6
CONTINUOUS
100
AcDbLine
 10
68.8378299999999967
 20
-127.1172029999999893
 30
0
 11
69.0559140000000014
 21
-127.4435889999999887
 31
0
  0
LINE
  5
72
330
1B
100
AcDbEntity
  8
F.Mask
  6
CONTINUOUS
100
AcDbLine
 10
69.0559140000000014
 20
-127.4435889999999887
 30
0
 11
69.2409569999999945
 21
-127.7897799999999933
 31
0
  0
LINE
  5
73
330
1B
100
AcDbEntity
  8
F.Mask
  6
CONTINUOUS
100
AcDbLine
 10
69.2409569999999945
 20
-127.7897799999999933
 30
0
 11
69.3911760000000015
 21
-128.1524409999999818
 31
0
  0
LINE
  5
74
330
1B
100
AcDbEntity
  8
F.Mask
  6
CONTINUOUS
100
AcDbLine
 10
69.3911760000000015
 20
-128.1524409999999818
 30
0
 11
69.5051249999999925
 21
-128.5280789999999911
 31
0
  0
LINE
  5
75
330
1B
100
AcDbEntity
  8
F.Mask
  6
CONTINUOUS
100
AcDbLine
 10
69.5051249999999925
 20
-128.5280789999999911
 30
0
 11
69.5817059999999969
 21
-128.9130779999999845
 31
0
  0
LINE
  5
76
330
1B
100
AcDbEntity
  8
F.Mask
  6
CONTINUOUS
100
AcDbLine
 10
69.5817059999999969
 20
-128.9130779999999845
 30
0
 11
69.6201819999999998
 21
-129.3037290000000041
 31
0
  0
LINE
  5
77
330
1B
100
AcDbEntity
  8
F.Mask
  6
CONTINUOUS
100
AcDbLine
 10
69.6201819999999998
 20
-129.3037290000000041
 30
0
 11
69.6201819999999998
 21
-129.6962709999999959
 31
0
  0
LINE
  5
78
330
1B
100
AcDbEntity
  8
F.Mask
  6
CONTINUOUS
100
AcDbLine
 10
69.6201819999999998
 20
-129.6962709999999959
 30
0
 11
69.5817059999999969
 21
-130.0869219999999871
 31
0
  0
LINE
  5
79
330
1B
100
AcDbEntity
  8
F.Mask
  6
CONTINUOUS
100
AcDbLine
 10
69.5817059999999969
 20
-130.0869219999999871
 30
0
 11
69.5051249999999925
 21
-130.4719209999999805
 31
0
  0
LINE
  5
7A
330
1B
100
AcDbEntity
  8
F.Mask
  6
CONTINUOUS
100
AcDbLine
 10
69.5051249999999925
 20
-130.4719209999999805
 30
0
 11
69.3911760000000015
 21
-130.8475589999999897
 31
0
  0
LINE
  5
7B
330
1B
100
AcDbEntity
  8
F.Mask
  6
CONTINUOUS
100
AcDbLine
 10
69.3911760000000015
 20
-130.8475589999999897
 30
0
 11
69.2409569999999945
 21
-131.2102199999999925
 31
0
  0
LINE
  5
7C
330
1B
100
AcDbEntity
  8
F.Mask
  6
CONTINUOUS
100
AcDbLine
 10
69.2409569999999945
 20
-131.2102199999999925
 30
0
 11
69.0559140000000014
 21
-131.5564109999999971
 31
0
  0
LINE
  5
7D
330
1B
100
AcDbEntity
  8
F.Mask
  6
CONTINUOUS
100
AcDbLine
 10
69.0559140000000014
 20
-131.5564109999999971
 30
0
 11
68.8378299999999967
 21
-131.8827969999999823
 31
0
  0
LINE
  5
7E
330
1B
100
AcDbEntity
  8
F.Mask
  6
CONTINUOUS
100
AcDbLine
 10
68.8378299999999967
 20
-131.8827969999999823
 30
0
 11
68.5888049999999936
 21
-132.1862360000000081
 31
0
  0
LINE
  5
7F
330
1B
100
AcDbEntity
  8
F.Mask
  6
CONTINUOUS
100
AcDbLine
 10
68.5888049999999936
 20
-132.1862360000000081
 30
0
 11
68.3112359999999939
 21
-132.4638050000000078
 31
0
  0
LINE
  5
80
330
1B
100
AcDbEntity
  8
F.Mask
  6
CONTINUOUS
100
AcDbLine
 10
68.3112359999999939
 20
-132.4638050000000078
 30
0
 11
68.0077969999999965
 21
-132.7128299999999967
 31
0
  0
LINE
  5
81
330
1B
100
AcDbEntity
  8
F.Mask
  6
CONTINUOUS
100
AcDbLine
 10
68.0077969999999965
 20
-132.7128299999999967
 30
0
 11
67.6814109999999971
 21
-132.9309140000000014
 31
0
  0
LINE
  5
82
330
1B
100
AcDbEntity
  8
F.Mask
  6
CONTINUOUS
100
AcDbLine
 10
67.6814109999999971
 20
-132.9309140000000014
 30
0
 11
67.3352199999999925
 21
-133.1159569999999803
 31
0
  0
LINE
  5
83
330
1B
100
AcDbEntity
  8
F.Mask
  6
CONTINUOUS
100
AcDbLine
 10
67.3352199999999925
 20
-133.1159569999999803
 30
0
 11
66.9725590000000039
 21
-133.2661760000000015
 31
0
  0
LINE
  5
84
330
1B
100
AcDbEntity
  8
F.Mask
  6
CONTINUOUS
100
AcDbLine
 10
66.9725590000000039
 20
-133.2661760000000015
 30
0
 11
66.5969209999999947
 21
-133.3801249999999925
 31
0
  0
LINE
  5
85
330
1B
100
AcDbEntity
  8
F.Mask
  6
CONTINUOUS
100
AcDbLine
 10
66.5969209999999947
 20
-133.3801249999999925
 30
0
 11
66.2119220000000013
 21
-133.4567059999999969
 31
0
  0
LINE
  5
86
330
1B
100
AcDbEntity
  8
F.Mask
  6
CONTINUOUS
100
AcDbLine
 10
66.2119220000000013
 20
-133.4567059999999969
 30
0
 11
65.8212709999999959
 21
-133.4951819999999998
 31
0
  0
LINE
  5
87
330
1B
100
AcDbEntity
  8
F.Mask
  6
CONTINUOUS
100
AcDbLine
 10
65.8212709999999959
 20
-133.4951819999999998
 30
0
 11
65.4287290000000041
 21
-133.4951819999999998
 31
0
  0
LINE
  5
88
330
1B
100
AcDbEntity
  8
F.Mask
  6
CONTINUOUS
100
AcDbLine
 10
65.4287290000000041
 20
-133.4951819999999998
 30
0
 11
65.0380779999999987
 21
-133.4567059999999969
 31
0
  0
LINE
  5
89
330
1B
100
AcDbEntity
  8
F.Mask
  6
CONTINUOUS
100
AcDbLine
 10
65.0380779999999987
 20
-133.4567059999999969
 30
0
 11
64.6530789999999911
 21
-133.3801249999999925
 31
0
  0
LINE
  5
8A
330
1B
100
AcDbEntity
  8
F.Mask
  6
CONTINUOUS
100
AcDbLine
 10
64.6530789999999911
 20
-133.3801249999999925
 30
0
 11
64.2774409999999961
 21
-133.2661760000000015
 31
0
  0
LINE
  5
8B
330
1B
100
AcDbEntity
  8
F.Mask
  6
CONTINUOUS
100
AcDbLine
 10
64.2774409999999961
 20
-133.2661760000000015
 30
0
 11
63.9147800000000004
 21
-133.1159569999999803
 31
0
  0
LINE
  5
8C
330
1B
100
AcDbEntity
  8
F.Mask
  6
CONTINUOUS
100
AcDbLine
 10
63.9147800000000004
 20
-133.1159569999999803
 30
0
 11
63.5685889999999958
 21
-132.9309140000000014
 31
0
  0
LINE
  5
8D
330
1B
100
AcDbEntity
  8
F.Mask
  6
CONTINUOUS
100
AcDbLine
 10
63.5685889999999958
 20
-132.9309140000000014
 30
0
 11
63.2422029999999964
 21
-132.7128299999999967
 31
0
  0
LINE
  5
8E
330
1B
100
AcDbEntity
  8
F.Mask
  6
CONTINUOUS
100
AcDbLine
 10
63.2422029999999964
 20
-132.7128299999999967
 30
0
 11
62.938763999999999
 21
-132.4638050000000078
 31
0
  0
LINE
  5
8F
330
1B
100
AcDbEntity
  8
F.Mask
  6
CONTINUOUS
100
AcDbLine
 10
62.938763999999999
 20
-132.4638050000000078
 30
0
 11
62.6611949999999993
 21
-132.1862360000000081
 31
0
  0
LINE
  5
90
330
1B
100
AcDbEntity
  8
F.Mask
  6
CONTINUOUS
100
AcDbLine
 10
62.6611949999999993
 20
-132.1862360000000081
 30
0
 11
62.4121699999999962
 21
-131.8827969999999823
 31
0
  0
LINE
  5
91
330
1B
100
AcDbEntity
  8
F.Mask
  6
CONTINUOUS
100
AcDbLine
 10
62.4121699999999962
 20
-131.8827969999999823
 30
0
 11
62.1940859999999986
 21
-131.5564109999999971
 31
0
  0
LINE
  5
92
330
1B
100
AcDbEntity
  8
F.Mask
  6
CONTINUOUS
100
AcDbLine
 10
62.1940859999999986
 20
-131.5564109999999971
 30
0
 11
62.0090429999999984
 21
-131.2102199999999925
 31
0
  0
LINE
  5
93
330
1B
100
AcDbEntity
  8
F.Mask
  6
CONTINUOUS
100
AcDbLine
 10
62.0090429999999984
 20
-131.2102199999999925
 30
0
 11
61.8588239999999985
 21
-130.8475589999999897
 31
0
  0
LINE
  5
94
330
1B
100
AcDbEntity
  8
F.Mask
  6
CONTINUOUS
100
AcDbLine
 10
61.8588239999999985
 20
-130.8475589999999897
 30
0
 11
61.7448750000000004
 21
-130.4719209999999805
 31
0
  0
LINE
  5
95
330
1B
100
AcDbEntity
  8
F.Mask
  6
CONTINUOUS
100
AcDbLine
 10
61.7448750000000004
 20
-130.4719209999999805
 30
0
 11
61.6682939999999959
 21
-130.0869219999999871
 31
0
  0
LINE
  5
96
330
1B
100
AcDbEntity
  8
F.Mask
  6
CONTINUOUS
100
AcDbLine
 10
61.6682939999999959
 20
-130.0869219999999871
 30
0
 11
61.6298180000000002
 21
-129.6962709999999959
 31
0
  0
LINE
  5
97
330
1B
100
AcDbEntity
  8
F.Mask
  6
CONTINUOUS
100
AcDbLine
 10
61.6298180000000002
 20
-129.6962709999999959
 30
0
 11
61.6298180000000002
 21
-129.3037290000000041
 31
0
  0
LINE
  5
98
330
1B
100
AcDbEntity
  8
F.Mask
  6
CONTINUOUS
100
AcDbLine
 10
61.6298180000000002
 20
-129.3037290000000041
 30
0
 11
61.6682939999999959
 21
-128.9130779999999845
 31
0
  0
LINE
  5
99
330
1B
100
AcDbEntity
  8
F.Mask
  6
CONTINUOUS
100
AcDbLine
 10
61.6682939999999959
 20
-128.9130779999999845
 30
0
 11
61.7448750000000004
 21
-128.5280789999999911
 31
0
  0
LINE
  5
9A
330
1B
100
AcDbEntity
  8
F.Mask
  6
CONTINUOUS
100
AcDbLine
 10
61.7448750000000004
 20
-128.5280789999999911
 30
0
 11
61.8588239999999985
 21
-128.1524409999999818
 31
0
  0
LINE
  5
9B
330
1B
100
AcDbEntity
  8
F.Mask
  6
CONTINUOUS
100
AcDbLine
 10
61.8588239999999985
 20
-128.1524409999999818
 30
0
 11
62.0090429999999984
 21
-127.7897799999999933
 31
0
  0
LINE
  5
9C
330
1B
100
AcDbEntity
  8
F.Mask
  6
CONTINUOUS
100
AcDbLine
 10
62.0090429999999984
 20
-127.7897799999999933
 30
0
 11
62.1940859999999986
 21
-127.4435889999999887
 31
0
  0
LINE
  5
9D
330
1B
100
AcDbEntity
  8
F.Mask
  6
CONTINUOUS
100
AcDbLine
 10
62.1940859999999986
 20
-127.4435889999999887
 30
0
 11
62.4121699999999962
 21
-127.1172029999999893
 31
0
  0
LINE
  5
9E
330
1B
100
AcDbEntity
  8
F.Mask
  6
CONTINUOUS
100
AcDbLine
 10
62.4121699999999962
 20
-127.1172029999999893
 30
0
 11
62.6611949999999993
 21
-126.8137639999999919
 31
0
  0
LINE
  5
9F
330
1B
100
AcDbEntity
  8
F.Mask
  6
CONTINUOUS
100
AcDbLine
 10
62.6611949999999993
 20
-126.8137639999999919
 30
0
 11
62.938763999999999
 21
-126.5361949999999922
 31
0
  0
LINE
  5
A0
330
1B
100
AcDbEntity
  8
F.Mask
  6
CONTINUOUS
100
AcDbLine
 10
62.938763999999999
 20
-126.5361949999999922
 30
0
 11
63.2422029999999964
 21
-126.287169999999989
 31
0
  0
LINE
  5
A1
330
1B
100
AcDbEntity
  8
F.Mask
  6
CONTINUOUS
100
AcDbLine
 10
63.2422029999999964
 20
-126.287169999999989
 30
0
 11
63.5685889999999958
 21
-126.0690859999999986
 31
0
  0
LINE
  5
A2
330
1B
100
AcDbEntity
  8
F.Mask
  6
CONTINUOUS
100
AcDbLine
 10
63.5685889999999958
 20
-126.0690859999999986
 30
0
 11
63.9147800000000004
 21
-125.8840429999999913
 31
0
  0
LINE
  5
A3
330
1B
100
AcDbEntity
  8
F.Mask
  6
CONTINUOUS
100
AcDbLine
 10
63.9147800000000004
 20
-125.8840429999999913
 30
0
 11
64.2774409999999961
 21
-125.7338239999999985
 31
0
  0
LINE
  5
A4
330
1B
100
AcDbEntity
  8
F.Mask
  6
CONTINUOUS
100
AcDbLine
 10
64.2774409999999961
 20
-125.7338239999999985
 30
0
 11
64.6530789999999911
 21
-125.6198749999999933
 31
0
  0
LINE
  5
A5
330
1B
100
AcDbEntity
  8
F.Mask
  6
CONTINUOUS
100
AcDbLine
 10
64.6530789999999911
 20
-125.6198749999999933
 30
0
 11
65.0380779999999987
 21
-125.5432939999999888
 31
0
  0
LINE
  5
A6
330
1B
100
AcDbEntity
  8
F.Mask
  6
CONTINUOUS
100
AcDbLine
 10
65.0380779999999987
 20
-125.5432939999999888
 30
0
 11
65.4287290000000041
 21
-125.5048180000000002
 31
0
  0
LINE
  5
A7
330
1B
100
AcDbEntity
  8
F.Mask
  6
CONTINUOUS
100
AcDbLine
 10
65.4287290000000041
 20
-125.5048180000000002
 30
0
 11
65.8212709999999959
 21
-125.5048180000000002
 31
0
  0
LINE
  5
A8
330
1B
100
AcDbEntity
  8
F.Mask
  6
CONTINUOUS
100
AcDbLine
 10
65.8212709999999959
 20
-125.5048180000000002
 30
0
 11
66.2119220000000013
 21
-125.5432939999999888
 31
0
  0
LINE
  5
A9
330
1B
100
AcDbEntity
  8
F.Mask
  6
CONTINUOUS
100
AcDbLine
 10
86.9619220000000013
 20
-125.5432939999999888
 30
0
 11
87.3469209999999947
 21
-125.6198749999999933
 31
0
  0
LINE
  5
AA
330
1B
100
AcDbEntity
  8
F.Mask
  6
CONTINUOUS
100
AcDbLine
 10
87.3469209999999947
 20
-125.6198749999999933
 30
0
 11
87.7225589999999897
 21
-125.7338239999999985
 31
0
  0
LINE
  5
AB
330
1B
100
AcDbEntity
  8
F.Mask
  6
CONTINUOUS
100
AcDbLine
 10
87.7225589999999897
 20
-125.7338239999999985
 30
0
 11
88.0852199999999925
 21
-125.8840429999999913
 31
0
  0
LINE
  5
AC
330
1B
100
AcDbEntity
  8
F.Mask
  6
CONTINUOUS
100
AcDbLine
 10
88.0852199999999925
 20
-125.8840429999999913
 30
0
 11
88.4314109999999971
 21
-126.0690859999999986
 31
0
  0
LINE
  5
AD
330
1B
100
AcDbEntity
  8
F.Mask
  6
CONTINUOUS
100
AcDbLine
 10
88.4314109999999971
 20
-126.0690859999999986
 30
0
 11
88.7577969999999965
 21
-126.287169999999989
 31
0
  0
LINE
  5
AE
330
1B
100
AcDbEntity
  8
F.Mask
  6
CONTINUOUS
100
AcDbLine
 10
88.7577969999999965
 20
-126.287169999999989
 30
0
 11
89.0612359999999939
 21
-126.5361949999999922
 31
0
  0
LINE
  5
AF
330
1B
100
AcDbEntity
  8
F.Mask
  6
CONTINUOUS
100
AcDbLine
 10
89.0612359999999939
 20
-126.5361949999999922
 30
0
 11
89.3388049999999936
 21
-126.8137639999999919
 31
0
  0
LINE
  5
B0
330
1B
100
AcDbEntity
  8
F.Mask
  6
CONTINUOUS
100
AcDbLine
 10
89.3388049999999936
 20
-126.8137639999999919
 30
0
 11
89.5878299999999967
 21
-127.1172029999999893
 31
0
  0
LINE
  5
B1
330
1B
100
AcDbEntity
  8
F.Mask
  6
CONTINUOUS
100
AcDbLine
 10
89.5878299999999967
 20
-127.1172029999999893
 30
0
 11
89.8059140000000014
 21
-127.4435889999999887
 31
0
  0
LINE
  5
B2
330
1B
100
AcDbEntity
  8
F.Mask
  6
CONTINUOUS
100
AcDbLine
 10
89.8059140000000014
 20
-127.4435889999999887
 30
0
 11
89.9909569999999945
 21
-127.7897799999999933
 31
0
  0
LINE
  5
B3
330
1B
100
AcDbEntity
  8
F.Mask
  6
CONTINUOUS
100
AcDbLine
 10
89.9909569999999945
 20
-127.7897799999999933
 30
0
 11
90.1411760000000015
 21
-128.1524409999999818
 31
0
  0
LINE
  5
B4
330
1B
100
AcDbEntity
  8
F.Mask
  6
CONTINUOUS
100
AcDbLine
 10
90.1411760000000015
 20
-128.1524409999999818
 30
0
 11
90.2551249999999925
 21
-128.5280789999999911
 31
0
  0
LINE
  5
B5
330
1B
100
AcDbEntity
  8
F.Mask
  6
CONTINUOUS
100
AcDbLine
 10
90.2551249999999925
 20
-128.5280789999999911
 30
0
 11
90.3317059999999969
 21
-128.9130779999999845
 31
0
  0
LINE
  5
B6
330
1B
100
AcDbEntity
  8
F.Mask
  6
CONTINUOUS
100
AcDbLine
 10
90.3317059999999969
 20
-128.9130779999999845
 30
0
 11
90.3701819999999998
 21
-129.3037290000000041
 31
0
  0
LINE
  5
B7
330
1B
100
AcDbEntity
  8
F.Mask
  6
CONTINUOUS
100
AcDbLine
 10
90.3701819999999998
 20
-129.3037290000000041
 30
0
 11
90.3701819999999998
 21
-129.6962709999999959
 31
0
  0
LINE
  5
B8
330
1B
100
AcDbEntity
  8
F.Mask
  6
CONTINUOUS
100
AcDbLine
 10
90.3701819999999998
 20
-129.6962709999999959
 30
0
 11
90.3317059999999969
 21
-130.0869219999999871
 31
0
  0
LINE
  5
B9
330
1B
100
AcDbEntity
  8
F.Mask
  6
CONTINUOUS
100
AcDbLine
 10
90.3317059999999969
 20
-130.0869219999999871
 30
0
 11
90.2551249999999925
 21
-130.4719209999999805
 31
0
  0
LINE
  5
BA
330
1B
100
AcDbEntity
  8
F.Mask
  6
CONTINUOUS
100
AcDbLine
 10
90.2551249999999925
 20
-130.4719209999999805
 30
0
 11
90.1411760000000015
 21
-130.8475589999999897
 31
0
  0
LINE
  5
BB
330
1B
100
AcDbEntity
  8
F.Mask
  6
CONTINUOUS
100
AcDbLine
 10
90.1411760000000015
 20
-130.8475589999999897
 30
0
 11
89.9909569999999945
 21
-131.2102199999999925
 31
0
  0
LINE
  5
BC
330
1B
100
AcDbEntity
  8
F.Mask
  6
CONTINUOUS
100
AcDbLine
 10
89.9909569999999945
 20
-131.2102199999999925
 30
0
 11
89.8059140000000014
 21
-131.5564109999999971
 31
0
  0
LINE
  5
BD
330
1B
100
AcDbEntity
  8
F.Mask
  6
CONTINUOUS
100
AcDbLine
 10
89.8059140000000014
 20
-131.5564109999999971
 30
0
 11
89.5878299999999967
 21
-131.8827969999999823
 31
0
  0
LINE
  5
BE
330
1B
100
AcDbEntity
  8
F.Mask
  6
CONTINUOUS
100
AcDbLine
 10
89.5878299999999967
 20
-131.8827969999999823
 30
0
 11
89.3388049999999936
 21
-132.1862360000000081
 31
0
  0
LINE
  5
BF
330
1B
100
AcDbEntity
  8
F.Mask
  6
CONTINUOUS
100
AcDbLine
 10
89.3388049999999936
 20
-132.1862360000000081
 30
0
 11
89.0612359999999939
 21
-132.4638050000000078
 31
0
  0
LINE
  5
C0
330
1B
100
AcDbEntity
  8
F.Mask
  6
CONTINUOUS
100
AcDbLine
 10
89.0612359999999939
 20
-132.4638050000000078
 30
0
 11
88.7577969999999965
 21
-132.7128299999999967
 31
0
  0
LINE
  5
C1
330
1B
100
AcDbEntity
  8
F.Mask
  6
CONTINUOUS
100
AcDbLine
 10
88.7577969999999965
 20
-132.7128299999999967
 30
0
 11
88.4314109999999971
 21
-132.9309140000000014
 31
0
  0
LINE
  5
C2
330
1B
100
AcDbEntity
  8
F.Mask
  6
CONTINUOUS
100
AcDbLine
 10
88.4314109999999971
 20
-132.9309140000000014
 30
0
 11
88.0852199999999925
 21
-133.1159569999999803
 31
0
  0
LINE
  5
C3
330
1B
100
AcDbEntity
  8
F.Mask
  6
CONTINUOUS
100
AcDbLine
 10
88.0852199999999925
 20
-133.1159569999999803
 30
0
 11
87.7225589999999897
 21
-133.2661760000000015
 31
0
  0
LINE
  5
C4
330
1B
100
AcDbEntity
  8
F.Mask
  6
CONTINUOUS
100
AcDbLine
 10
87.7225589999999897
 20
-133.2661760000000015
 30
0
 11
87.3469209999999947
 21
-133.3801249999999925
 31
0
  0
LINE
  5
C5
330
1B
100
AcDbEntity
  8
F.Mask
  6
CONTINUOUS
100
AcDbLine
 10
87.3469209999999947
 20
-133.3801249999999925
 30
0
 11
86.9619220000000013
 21
-133.4567059999999969
 31
0
  0
LINE
  5
C6
330
1B
100
AcDbEntity
  8
F.Mask
  6
CONTINUOUS
100
AcDbLine
 10
86.9619220000000013
 20
-133.4567059999999969
 30
0
 11
86.5712709999999959
 21
-133.4951819999999998
 31
0
  0
LINE
  5
C7
330
1B
100
AcDbEntity
  8
F.Mask
  6
CONTINUOUS
100
AcDbLine
 10
86.5712709999999959
 20
-133.4951819999999998
 30
0
 11
86.1787289999999899
 21
-133.4951819999999998
 31
0
  0
LINE
  5
C8
330
1B
100
AcDbEntity
  8
F.Mask
  6
CONTINUOUS
100
AcDbLine
 10
86.1787289999999899
 20
-133.4951819999999998
 30
0
 11
85.7880779999999987
 21
-133.4567059999999969
 31
0
  0
LINE
  5
C9
330
1B
100
AcDbEntity
  8
F.Mask
  6
CONTINUOUS
100
AcDbLine
 10
85.7880779999999987
 20
-133.4567059999999969
 30
0
 11
85.4030789999999911
 21
-133.3801249999999925
 31
0
  0
LINE
  5
CA
330
1B
100
AcDbEntity
  8
F.Mask
  6
CONTINUOUS
100
AcDbLine
 10
85.4030789999999911
 20
-133.3801249999999925
 30
0
 11
85.0274409999999961
 21
-133.2661760000000015
 31
0
  0
LINE
  5
CB
330
1B
100
AcDbEntity
  8
F.Mask
  6
CONTINUOUS
100
AcDbLine
 10
85.0274409999999961
 20
-133.2661760000000015
 30
0
 11
84.6647799999999933
 21
-133.1159569999999803
 31
0
  0
LINE
  5
CC
330
1B
100
AcDbEntity
  8
F.Mask
  6
CONTINUOUS
100
AcDbLine
 10
84.6647799999999933
 20
-133.1159569999999803
 30
0
 11
84.3185890000000029
 21
-132.9309140000000014
 31
0
  0
LINE
  5
CD
330
1B
100
AcDbEntity
  8
F.Mask
  6
CONTINUOUS
100
AcDbLine
 10
84.3185890000000029
 20
-132.9309140000000014
 30
0
 11
83.9922029999999893
 21
-132.7128299999999967
 31
0
  0
LINE
  5
CE
330
1B
100
AcDbEntity
  8
F.Mask
  6
CONTINUOUS
100
AcDbLine
 10
83.9922029999999893
 20
-132.7128299999999967
 30
0
 11
83.6887639999999919
 21
-132.4638050000000078
 31
0
  0
LINE
  5
CF
330
1B
100
AcDbEntity
  8
F.Mask
  6
CONTINUOUS
100
AcDbLine
 10
83.6887639999999919
 20
-132.4638050000000078
 30
0
 11
83.4111949999999922
 21
-132.1862360000000081
 31
0
  0
LINE
  5
D0
330
1B
100
AcDbEntity
  8
F.Mask
  6
CONTINUOUS
100
AcDbLine
 10
83.4111949999999922
 20
-132.1862360000000081
 30
0
 11
83.1621700000000033
 21
-131.8827969999999823
 31
0
  0
LINE
  5
D1
330
1B
100
AcDbEntity
  8
F.Mask
  6
CONTINUOUS
100
AcDbLine
 10
83.1621700000000033
 20
-131.8827969999999823
 30
0
 11
82.9440859999999986
 21
-131.5564109999999971
 31
0
  0
LINE
  5
D2
330
1B
100
AcDbEntity
  8
F.Mask
  6
CONTINUOUS
100
AcDbLine
 10
82.9440859999999986
 20
-131.5564109999999971
 30
0
 11
82.7590429999999913
 21
-131.2102199999999925
 31
0
  0
LINE
  5
D3
330
1B
100
AcDbEntity
  8
F.Mask
  6
CONTINUOUS
100
AcDbLine
 10
82.7590429999999913
 20
-131.2102199999999925
 30
0
 11
82.6088239999999985
 21
-130.8475589999999897
 31
0
  0
LINE
  5
D4
330
1B
100
AcDbEntity
  8
F.Mask
  6
CONTINUOUS
100
AcDbLine
 10
82.6088239999999985
 20
-130.8475589999999897
 30
0
 11
82.4948749999999933
 21
-130.4719209999999805
 31
0
  0
LINE
  5
D5
330
1B
100
AcDbEntity
  8
F.Mask
  6
CONTINUOUS
100
AcDbLine
 10
82.4948749999999933
 20
-130.4719209999999805
 30
0
 11
82.4182940000000031
 21
-130.0869219999999871
 31
0
  0
LINE
  5
D6
330
1B
100
AcDbEntity
  8
F.Mask
  6
CONTINUOUS
100
AcDbLine
 10
82.4182940000000031
 20
-130.0869219999999871
 30
0
 11
82.3798180000000002
 21
-129.6962709999999959
 31
0
  0
LINE
  5
D7
330
1B
100
AcDbEntity
  8
F.Mask
  6
CONTINUOUS
100
AcDbLine
 10
82.3798180000000002
 20
-129.6962709999999959
 30
0
 11
82.3798180000000002
 21
-129.3037290000000041
 31
0
  0
LINE
  5
D8
330
1B
100
AcDbEntity
  8
F.Mask
  6
CONTINUOUS
100
AcDbLine
 10
82.3798180000000002
 20
-129.3037290000000041
 30
0
 11
82.4182940000000031
 21
-128.9130779999999845
 31
0
  0
LINE
  5
D9
330
1B
100
AcDbEntity
  8
F.Mask
  6
CONTINUOUS
100
AcDbLine
 10
82.4182940000000031
 20
-128.9130779999999845
 30
0
 11
82.4948749999999933
 21
-128.5280789999999911
 31
0
  0
LINE
  5
DA
330
1B
100
AcDbEntity
  8
F.Mask
  6
CONTINUOUS
100
AcDbLine
 10
82.4948749999999933
 20
-128.5280789999999911
 30
0
 11
82.6088239999999985
 21
-128.1524409999999818
 31
0
  0
LINE
  5
DB
330
1B
100
AcDbEntity
  8
F.Mask
  6
CONTINUOUS
100
AcDbLine
 10
82.6088239999999985
 20
-128.1524409999999818
 30
0
 11
82.7590429999999913
 21
-127.7897799999999933
 31
0
  0
LINE
  5
DC
330
1B
100
AcDbEntity
  8
F.Mask
  6
CONTINUOUS
100
AcDbLine
 10
82.7590429999999913
 20
-127.7897799999999933
 30
0
 11
82.9440859999999986
 21
-127.4435889999999887
 31
0
  0
LINE
  5
DD
330
1B
100
AcDbEntity
  8
F.Mask
  6
CONTINUOUS
100
AcDbLine
 10
82.9440859999999986
 20
-127.4435889999999887
 30
0
 11
83.1621700000000033
 21
-127.1172029999999893
 31
0
  0
LINE
  5
DE
330
1B
100
AcDbEntity
  8
F.Mask
  6
CONTINUOUS
100
AcDbLine
 10
83.1621700000000033
 20
-127.1172029999999893
 30
0
 11
83.4111949999999922
 21
-126.8137639999999919
 31
0
  0
LINE
  5
DF
330
1B
100
AcDbEntity
  8
F.Mask
  6
CONTINUOUS
100
AcDbLine
 10
83.4111949999999922
 20
-126.8137639999999919
 30
0
 11
83.6887639999999919
 21
-126.5361949999999922
 31
0
  0
LINE
  5
E0
330
1B
100
AcDbEntity
  8
F.Mask
  6
CONTINUOUS
100
AcDbLine
 10
83.6887639999999919
 20
-126.5361949999999922
 30
0
 11
83.9922029999999893
 21
-126.287169999999989
 31
0
  0
LINE
  5
E1
330
1B
100
AcDbEntity
  8
F.Mask
  6
CONTINUOUS
100
AcDbLine
 10
83.9922029999999893
 20
-126.287169999999989
 30
0
 11
84.3185890000000029
 21
-126.0690859999999986
 31
0
  0
LINE
  5
E2
330
1B
100
AcDbEntity
  8
F.Mask
  6
CONTINUOUS
100
AcDbLine
 10
84.3185890000000029
 20
-126.0690859999999986
 30
0
 11
84.6647799999999933
 21
-125.8840429999999913
 31
0
  0
LINE
  5
E3
330
1B
100
AcDbEntity
  8
F.Mask
  6
CONTINUOUS
100
AcDbLine
 10
84.6647799999999933
 20
-125.8840429999999913
 30
0
 11
85.0274409999999961
 21
-125.7338239999999985
 31
0
  0
LINE
  5
E4
330
1B
100
AcDbEntity
  8
F.Mask
  6
CONTINUOUS
100
AcDbLine
 10
85.0274409999999961
 20
-125.7338239999999985
 30
0
 11
85.4030789999999911
 21
-125.6198749999999933
 31
0
  0
LINE
  5
E5
330
1B
100
AcDbEntity
  8
F.Mask
  6
CONTINUOUS
100
AcDbLine
 10
85.4030789999999911
 20
-125.6198749999999933
 30
0
 11
85.7880779999999987
 21
-125.5432939999999888
 31
0
  0
LINE
  5
E6
330
1B
100
AcDbEntity
  8
F.Mask
  6
CONTINUOUS
100
AcDbLine
 10
85.7880779999999987
 20
-125.5432939999999888
 30
0
 11
86.1787289999999899
 21
-125.5048180000000002
 31
0
  0
LINE
  5
E7
330
1B
100
AcDbEntity
  8
F.Mask
  6
CONTINUOUS
100
AcDbLine
 10
86.1787289999999899
 20
-125.5048180000000002
 30
0
 11
86.5712709999999959
 21
-125.5048180000000002
 31
0
  0
LINE
  5
E8
330
1B
100
AcDbEntity
  8
F.Mask
  6
CONTINUOUS
100
AcDbLine
 10
86.5712709999999959
 20
-125.5048180000000002
 30
0
 11
86.9619220000000013
 21
-125.5432939999999888
 31
0
  0
LINE
  5
E9
330
1B
100
AcDbEntity
  8
F.Mask
  6
CONTINUOUS
100
AcDbLine
 10
107.7119220000000013
 20
-125.5432939999999888
 30
0
 11
108.0969209999999947
 21
-125.6198749999999933
 31
0
  0
LINE
  5
EA
330
1B
100
AcDbEntity
  8
F.Mask
  6
CONTINUOUS
100
AcDbLine
 10
108.0969209999999947
 20
-125.6198749999999933
 30
0
 11
108.4725589999999897
 21
-125.7338239999999985
 31
0
  0
LINE
  5
EB
330
1B
100
AcDbEntity
  8
F.Mask
  6
CONTINUOUS
100
AcDbLine
 10
108.4725589999999897
 20
-125.7338239999999985
 30
0
 11
108.8352199999999925
 21
-125.8840429999999913
 31
0
  0
LINE
  5
EC
330
1B
100
AcDbEntity
  8
F.Mask
  6
CONTINUOUS
100
AcDbLine
 10
108.8352199999999925
 20
-125.8840429999999913
 30
0
 11
109.1814109999999971
 21
-126.0690859999999986
 31
0
  0
LINE
  5
ED
330
1B
100
AcDbEntity
  8
F.Mask
  6
CONTINUOUS
100
AcDbLine
 10
109.1814109999999971
 20
-126.0690859999999986
 30
0
 11
109.5077969999999965
 21
-126.287169999999989
 31
0
  0
LINE
  5
EE
330
1B
100
AcDbEntity
  8
F.Mask
  6
CONTINUOUS
100
AcDbLine
 10
109.5077969999999965
 20
-126.287169999999989
 30
0
 11
109.8112359999999939
 21
-126.5361949999999922
 31
0
  0
LINE
  5
EF
330
1B
100
AcDbEntity
  8
F.Mask
  6
CONTINUOUS
100
AcDbLine
 10
109.8112359999999939
 20
-126.5361949999999922
 30
0
 11
110.0888049999999936
 21
-126.8137639999999919
 31
0
  0
LINE
  5
F0
330
1B
100
AcDbEntity
  8
F.Mask
  6
CONTINUOUS
100
AcDbLine
 10
110.0888049999999936
 20
-126.8137639999999919
 30
0
 11
110.3378299999999967
 21
-127.1172029999999893
 31
0
  0
LINE
  5
F1
330
1B
100
AcDbEntity
  8
F.Mask
  6
CONTINUOUS
100
AcDbLine
 10
110.3378299999999967
 20
-127.1172029999999893
 30
0
 11
110.5559140000000014
 21
-127.4435889999999887
 31
0
  0
LINE
  5
F2
330
1B
100
AcDbEntity
  8
F.Mask
  6
CONTINUOUS
100
AcDbLine
 10
110.5559140000000014
 20
-127.4435889999999887
 30
0
 11
110.7409569999999945
 21
-127.7897799999999933
 31
0
  0
LINE
  5
F3
330
1B
100
AcDbEntity
  8
F.Mask
  6
CONTINUOUS
100
AcDbLine
 10
110.7409569999999945
 20
-127.7897799999999933
 30
0
 11
110.8911760000000015
 21
-128.1524409999999818
 31
0
  0
LINE
  5
F4
330
1B
100
AcDbEntity
  8
F.Mask
  6
CONTINUOUS
100
AcDbLine
 10
110.8911760000000015
 20
-128.1524409999999818
 30
0
 11
111.0051249999999925
 21
-128.5280789999999911
 31
0
  0
LINE
  5
F5
330
1B
100
AcDbEntity
  8
F.Mask
  6
CONTINUOUS
100
AcDbLine
 10
111.0051249999999925
 20
-128.5280789999999911
 30
0
 11
111.0817059999999969
 21
-128.9130779999999845
 31
0
  0
LINE
  5
F6
330
1B
100
AcDbEntity
  8
F.Mask
  6
CONTINUOUS
100
AcDbLine
 10
111.0817059999999969
 20
-128.9130779999999845
 30
0
 11
111.1201819999999998
 21
-129.3037290000000041
 31
0
  0
LINE
  5
F7
330
1B
100
AcDbEntity
  8
F.Mask
  6
CONTINUOUS
100
AcDbLine
 10
111.1201819999999998
 20
-129.3037290000000041
 30
0
 11
111.1201819999999998
 21
-129.6962709999999959
 31
0
  0
LINE
  5
F8
330
1B
100
AcDbEntity
  8
F.Mask
  6
CONTINUOUS
100
AcDbLine
 10
111.1201819999999998
 20
-129.6962709999999959
 30
0
 11
111.0817059999999969
 21
-130.0869219999999871
 31
0
  0
LINE
  5
F9
330
1B
100
AcDbEntity
  8
F.Mask
  6
CONTINUOUS
100
AcDbLine
 10
111.0817059999999969
 20
-130.0869219999999871
 30
0
 11
111.0051249999999925
 21
-130.4719209999999805
 31
0
  0
LINE
  5
FA
330
1B
100
AcDbEntity
  8
F.Mask
  6
CONTINUOUS
100
AcDbLine
 10
111.0051249999999925
 20
-130.4719209999999805
 30
0
 11
110.8911760000000015
 21
-130.8475589999999897
 31
0
  0
LINE
  5
FB
330
1B
100
AcDbEntity
  8
F.Mask
  6
CONTINUOUS
100
AcDbLine
 10
110.8911760000000015
 20
-130.8475589999999897
 30
0
 11
110.7409569999999945
 21
-131.2102199999999925
 31
0
  0
LINE
  5
FC
330
1B
100
AcDbEntity
  8
F.Mask
  6
CONTINUOUS
100
AcDbLine
 10
110.7409569999999945
 20
-131.2102199999999925
 30
0
 11
110.5559140000000014
 21
-131.5564109999999971
 31
0
  0
LINE
  5
FD
330
1B
100
AcDbEntity
  8
F.Mask
  6
CONTINUOUS
100
AcDbLine
 10
110.5559140000000014
 20
-131.5564109999999971
 30
0
 11
110.3378299999999967
 21
-131.8827969999999823
 31
0
  0
LINE
  5
FE
330
1B
100
AcDbEntity
  8
F.Mask
  6
CONTINUOUS
100
AcDbLine
 10
110.3378299999999967
 20
-131.8827969999999823
 30
0
 11
110.0888049999999936
 21
-132.1862360000000081
 31
0
  0
LINE
  5
FF
330
1B
100
AcDbEntity
  8
F.Mask
  6
CONTINUOUS
100
AcDbLine
 10
110.0888049999999936
 20
-132.1862360000000081
 30
0
 11
109.8112359999999939
 21
-132.4638050000000078
 31
0
  0
LINE
  5
100
330
1B
100
AcDbEntity
  8
F.Mask
  6
CONTINUOUS
100
AcDbLine
 10
109.8112359999999939
 20
-132.4638050000000078
 30
0
 11
109.5077969999999965
 21
-132.7128299999999967
 31
0
  0
LINE
  5
101
330
1B
100
AcDbEntity
  8
F.Mask
  6
CONTINUOUS
100
AcDbLine
 10
109.5077969999999965
 20
-132.7128299999999967
 30
0
 11
109.1814109999999971
 21
-132.9309140000000014
 31
0
  0
LINE
  5
102
330
1B
100
AcDbEntity
  8
F.Mask
  6
CONTINUOUS
100
AcDbLine
 10
109.1814109999999971
 20
-132.9309140000000014
 30
0
 11
108.8352199999999925
 21
-133.1159569999999803
 31
0
  0
LINE
  5
103
330
1B
100
AcDbEntity
  8
F.Mask
  6
CONTINUOUS
100
AcDbLine
 10
108.8352199999999925
 20
-133.1159569999999803
 30
0
 11
108.4725589999999897
 21
-133.2661760000000015
 31
0
  0
LINE
  5
104
330
1B
100
AcDbEntity
  8
F.Mask
  6
CONTINUOUS
100
AcDbLine
 10
108.4725589999999897
 20
-133.2661760000000015
 30
0
 11
108.0969209999999947
 21
-133.3801249999999925
 31
0
  0
LINE
  5
105
330
1B
100
AcDbEntity
  8
F.Mask
  6
CONTINUOUS
100
AcDbLine
 10
108.0969209999999947
 20
-133.3801249999999925
 30
0
 11
107.7119220000000013
 21
-133.4567059999999969
 31
0
  0
LINE
  5
106
330
1B
100
AcDbEntity
  8
F.Mask
  6
CONTINUOUS
100
AcDbLine
 10
107.7119220000000013
 20
-133.4567059999999969
 30
0
 11
107.3212709999999959
 21
-133.4951819999999998
 31
0
  0
LINE
  5
107
330
1B
100
AcDbEntity
  8
F.Mask
  6
CONTINUOUS
100
AcDbLine
 10
107.3212709999999959
 20
-133.4951819999999998
 30
0
 11
106.9287289999999899
 21
-133.4951819999999998
 31
0
  0
LINE
  5
108
330
1B
100
AcDbEntity
  8
F.Mask
  6
CONTINUOUS
100
AcDbLine
 10
106.9287289999999899
 20
-133.4951819999999998
 30
0
 11
106.5380779999999987
 21
-133.4567059999999969
 31
0
  0
LINE
  5
109
330
1B
100
AcDbEntity
  8
F.Mask
  6
CONTINUOUS
100
AcDbLine
 10
106.5380779999999987
 20
-133.4567059999999969
 30
0
 11
106.1530789999999911
 21
-133.3801249999999925
 31
0
  0
LINE
  5
10A
330
1B
100
AcDbEntity
  8
F.Mask
  6
CONTINUOUS
100
AcDbLine
 10
106.1530789999999911
 20
-133.3801249999999925
 30
0
 11
105.7774409999999961
 21
-133.2661760000000015
 31
0
  0
LINE
  5
10B
330
1B
100
AcDbEntity
  8
F.Mask
  6
CONTINUOUS
100
AcDbLine
 10
105.7774409999999961
 20
-133.2661760000000015
 30
0
 11
105.4147799999999933
 21
-133.1159569999999803
 31
0
  0
LINE
  5
10C
330
1B
100
AcDbEntity
  8
F.Mask
  6
CONTINUOUS
100
AcDbLine
 10
105.4147799999999933
 20
-133.1159569999999803
 30
0
 11
105.0685889999999887
 21
-132.9309140000000014
 31
0
  0
LINE
  5
10D
330
1B
100
AcDbEntity
  8
F.Mask
  6
CONTINUOUS
100
AcDbLine
 10
105.0685889999999887
 20
-132.9309140000000014
 30
0
 11
104.7422029999999893
 21
-132.7128299999999967
 31
0
  0
LINE
  5
10E
330
1B
100
AcDbEntity
  8
F.Mask
  6
CONTINUOUS
100
AcDbLine
 10
104.7422029999999893
 20
-132.7128299999999967
 30
0
 11
104.4387639999999919
 21
-132.4638050000000078
 31
0
  0
LINE
  5
10F
330
1B
100
AcDbEntity
  8
F.Mask
  6
CONTINUOUS
100
AcDbLine
 10
104.4387639999999919
 20
-132.4638050000000078
 30
0
 11
104.1611949999999922
 21
-132.1862360000000081
 31
0
  0
LINE
  5
110
330
1B
100
AcDbEntity
  8
F.Mask
  6
CONTINUOUS
100
AcDbLine
 10
104.1611949999999922
 20
-132.1862360000000081
 30
0
 11
103.912169999999989
 21
-131.8827969999999823
 31
0
  0
LINE
  5
111
330
1B
100
AcDbEntity
  8
F.Mask
  6
CONTINUOUS
100
AcDbLine
 10
103.912169999999989
 20
-131.8827969999999823
 30
0
 11
103.6940859999999986
 21
-131.5564109999999971
 31
0
  0
LINE
  5
112
330
1B
100
AcDbEntity
  8
F.Mask
  6
CONTINUOUS
100
AcDbLine
 10
103.6940859999999986
 20
-131.5564109999999971
 30
0
 11
103.5090429999999913
 21
-131.2102199999999925
 31
0
  0
LINE
  5
113
330
1B
100
AcDbEntity
  8
F.Mask
  6
CONTINUOUS
100
AcDbLine
 10
103.5090429999999913
 20
-131.2102199999999925
 30
0
 11
103.3588239999999985
 21
-130.8475589999999897
 31
0
  0
LINE
  5
114
330
1B
100
AcDbEntity
  8
F.Mask
  6
CONTINUOUS
100
AcDbLine
 10
103.3588239999999985
 20
-130.8475589999999897
 30
0
 11
103.2448749999999933
 21
-130.4719209999999805
 31
0
  0
LINE
  5
115
330
1B
100
AcDbEntity
  8
F.Mask
  6
CONTINUOUS
100
AcDbLine
 10
103.2448749999999933
 20
-130.4719209999999805
 30
0
 11
103.1682939999999888
 21
-130.0869219999999871
 31
0
  0
LINE
  5
116
330
1B
100
AcDbEntity
  8
F.Mask
  6
CONTINUOUS
100
AcDbLine
 10
103.1682939999999888
 20
-130.0869219999999871
 30
0
 11
103.1298180000000002
 21
-129.6962709999999959
 31
0
  0
LINE
  5
117
330
1B
100
AcDbEntity
  8
F.Mask
  6
CONTINUOUS
100
AcDbLine
 10
103.1298180000000002
 20
-129.6962709999999959
 30
0
 11
103.1298180000000002
 21
-129.3037290000000041
 31
0
  0
LINE
  5
118
330
1B
100
AcDbEntity
  8
F.Mask
  6
CONTINUOUS
100
AcDbLine
 10
103.1298180000000002
 20
-129.3037290000000041
 30
0
 11
103.1682939999999888
 21
-128.9130779999999845
 31
0
  0
LINE
  5
119
330
1B
100
AcDbEntity
  8
F.Mask
  6
CONTINUOUS
100
AcDbLine
 10
103.1682939999999888
 20
-128.9130779999999845
 30
0
 11
103.2448749999999933
 21
-128.5280789999999911
 31
0
  0
LINE
  5
11A
330
1B
100
AcDbEntity
  8
F.Mask
  6
CONTINUOUS
100
AcDbLine
 10
103.2448749999999933
 20
-128.5280789999999911
 30
0
 11
103.3588239999999985
 21
-128.1524409999999818
 31
0
  0
LINE
  5
11B
330
1B
100
AcDbEntity
  8
F.Mask
  6
CONTINUOUS
100
AcDbLine
 10
103.3588239999999985
 20
-128.1524409999999818
 30
0
 11
103.5090429999999913
 21
-127.7897799999999933
 31
0
  0
LINE
  5
11C
330
1B
100
AcDbEntity
  8
F.Mask
  6
CONTINUOUS
100
AcDbLine
 10
103.5090429999999913
 20
-127.7897799999999933
 30
0
 11
103.6940859999999986
 21
-127.4435889999999887
 31
0
  0
LINE
  5
11D
330
1B
100
AcDbEntity
  8
F.Mask
  6
CONTINUOUS
100
AcDbLine
 10
103.6940859999999986
 20
-127.4435889999999887
 30
0
 11
103.912169999999989
 21
-127.1172029999999893
 31
0
  0
LINE
  5
11E
330
1B
100
AcDbEntity
  8
F.Mask
  6
CONTINUOUS
100
AcDbLine
 10
103.912169999999989
 20
-127.1172029999999893
 30
0
 11
104.1611949999999922
 21
-126.8137639999999919
 31
0
  0
LINE
  5
11F
330
1B
100
AcDbEntity
  8
F.Mask
  6
CONTINUOUS
100
AcDbLine
 10
104.1611949999999922
 20
-126.8137639999999919
 30
0
 11
104.4387639999999919
 21
-126.5361949999999922
 31
0
  0
LINE
  5
120
330
1B
100
AcDbEntity
  8
F.Mask
  6
CONTINUOUS
100
AcDbLine
 10
104.4387639999999919
 20
-126.5361949999999922
 30
0
 11
104.7422029999999893
 21
-126.287169999999989
 31
0
  0
LINE
  5
121
330
1B
100
AcDbEntity
  8
F.Mask
  6
CONTINUOUS
100
AcDbLine
 10
104.7422029999999893
 20
-126.287169999999989
 30
0
 11
105.0685889999999887
 21
-126.0690859999999986
 31
0
  0
LINE
  5
122
330
1B
100
AcDbEntity
  8
F.Mask
  6
CONTINUOUS
100
AcDbLine
 10
105.0685889999999887
 20
-126.0690859999999986
 30
0
 11
105.4147799999999933
 21
-125.8840429999999913
 31
0
  0
LINE
  5
123
330
1B
100
AcDbEntity
  8
F.Mask
  6
CONTINUOUS
100
AcDbLine
 10
105.4147799999999933
 20
-125.8840429999999913
 30
0
 11
105.7774409999999961
 21
-125.7338239999999985
 31
0
  0
LINE
  5
124
330
1B
100
AcDbEntity
  8
F.Mask
  6
CONTINUOUS
100
AcDbLine
 10
105.7774409999999961
 20
-125.7338239999999985
 30
0
 11
106.1530789999999911
 21
-125.6198749999999933
 31
0
  0
LINE
  5
125
330
1B
100
AcDbEntity
  8
F.Mask
  6
CONTINUOUS
100
AcDbLine
 10
106.1530789999999911
 20
-125.6198749999999933
 30
0
 11
106.5380779999999987
 21
-125.5432939999999888
 31
0
  0
LINE
  5
126
330
1B
100
AcDbEntity
  8
F.Mask
  6
CONTINUOUS
100
AcDbLine
 10
106.5380779999999987
 20
-125.5432939999999888
 30
0
 11
106.9287289999999899
 21
-125.5048180000000002
 31
0
  0
LINE
  5
127
330
1B
100
AcDbEntity
  8
F.Mask
  6
CONTINUOUS
100
AcDbLine
 10
106.9287289999999899
 20
-125.5048180000000002
 30
0
 11
107.3212709999999959
 21
-125.5048180000000002
 31
0
  0
LINE
  5
128
330
1B
100
AcDbEntity
  8
F.Mask
  6
CONTINUOUS
100
AcDbLine
 10
107.3212709999999959
 20
-125.5048180000000002
 30
0
 11
107.7119220000000013
 21
-125.5432939999999888
 31
0
  0
LINE
  5
129
330
1B
100
AcDbEntity
  8
F.Mask
  6
CONTINUOUS
100
AcDbLine
 10
124.0869220000000013
 20
-121.1682939999999888
 30
0
 11
124.4719209999999947
 21
-121.2448749999999933
 31
0
  0
LINE
  5
12A
330
1B
100
AcDbEntity
  8
F.Mask
  6
CONTINUOUS
100
AcDbLine
 10
124.4719209999999947
 20
-121.2448749999999933
 30
0
 11
124.8475589999999897
 21
-121.3588239999999985
 31
0
  0
LINE
  5
12B
330
1B
100
AcDbEntity
  8
F.Mask
  6
CONTINUOUS
100
AcDbLine
 10
124.8475589999999897
 20
-121.3588239999999985
 30
0
 11
125.2102199999999925
 21
-121.5090429999999913
 31
0
  0
LINE
  5
12C
330
1B
100
AcDbEntity
  8
F.Mask
  6
CONTINUOUS
100
AcDbLine
 10
125.2102199999999925
 20
-121.5090429999999913
 30
0
 11
125.5564109999999971
 21
-121.6940859999999986
 31
0
  0
LINE
  5
12D
330
1B
100
AcDbEntity
  8
F.Mask
  6
CONTINUOUS
100
AcDbLine
 10
125.5564109999999971
 20
-121.6940859999999986
 30
0
 11
125.8827969999999965
 21
-121.912169999999989
 31
0
  0
LINE
  5
12E
330
1B
100
AcDbEntity
  8
F.Mask
  6
CONTINUOUS
100
AcDbLine
 10
125.8827969999999965
 20
-121.912169999999989
 30
0
 11
126.1862359999999939
 21
-122.1611949999999922
 31
0
  0
LINE
  5
12F
330
1B
100
AcDbEntity
  8
F.Mask
  6
CONTINUOUS
100
AcDbLine
 10
126.1862359999999939
 20
-122.1611949999999922
 30
0
 11
126.4638049999999936
 21
-122.4387639999999919
 31
0
  0
LINE
  5
130
330
1B
100
AcDbEntity
  8
F.Mask
  6
CONTINUOUS
100
AcDbLine
 10
126.4638049999999936
 20
-122.4387639999999919
 30
0
 11
126.7128299999999967
 21
-122.7422029999999893
 31
0
  0
LINE
  5
131
330
1B
100
AcDbEntity
  8
F.Mask
  6
CONTINUOUS
100
AcDbLine
 10
126.7128299999999967
 20
-122.7422029999999893
 30
0
 11
126.9309140000000014
 21
-123.0685889999999887
 31
0
  0
LINE
  5
132
330
1B
100
AcDbEntity
  8
F.Mask
  6
CONTINUOUS
100
AcDbLine
 10
126.9309140000000014
 20
-123.0685889999999887
 30
0
 11
127.1159569999999945
 21
-123.4147799999999933
 31
0
  0
LINE
  5
133
330
1B
100
AcDbEntity
  8
F.Mask
  6
CONTINUOUS
100
AcDbLine
 10
127.1159569999999945
 20
-123.4147799999999933
 30
0
 11
127.2661759999999873
 21
-123.7774409999999961
 31
0
  0
LINE
  5
134
330
1B
100
AcDbEntity
  8
F.Mask
  6
CONTINUOUS
100
AcDbLine
 10
127.2661759999999873
 20
-123.7774409999999961
 30
0
 11
127.3801249999999925
 21
-124.1530789999999911
 31
0
  0
LINE
  5
135
330
1B
100
AcDbEntity
  8
F.Mask
  6
CONTINUOUS
100
AcDbLine
 10
127.3801249999999925
 20
-124.1530789999999911
 30
0
 11
127.4567059999999969
 21
-124.5380779999999987
 31
0
  0
LINE
  5
136
330
1B
100
AcDbEntity
  8
F.Mask
  6
CONTINUOUS
100
AcDbLine
 10
127.4567059999999969
 20
-124.5380779999999987
 30
0
 11
127.4951819999999998
 21
-124.9287289999999899
 31
0
  0
LINE
  5
137
330
1B
100
AcDbEntity
  8
F.Mask
  6
CONTINUOUS
100
AcDbLine
 10
127.4951819999999998
 20
-124.9287289999999899
 30
0
 11
127.4951819999999998
 21
-125.3212709999999959
 31
0
  0
LINE
  5
138
330
1B
100
AcDbEntity
  8
F.Mask
  6
CONTINUOUS
100
AcDbLine
 10
127.4951819999999998
 20
-125.3212709999999959
 30
0
 11
127.4567059999999969
 21
-125.7119220000000013
 31
0
  0
LINE
  5
139
330
1B
100
AcDbEntity
  8
F.Mask
  6
CONTINUOUS
100
AcDbLine
 10
127.4567059999999969
 20
-125.7119220000000013
 30
0
 11
127.3801249999999925
 21
-126.0969209999999947
 31
0
  0
LINE
  5
13A
330
1B
100
AcDbEntity
  8
F.Mask
  6
CONTINUOUS
100
AcDbLine
 10
127.3801249999999925
 20
-126.0969209999999947
 30
0
 11
127.2661759999999873
 21
-126.4725589999999897
 31
0
  0
LINE
  5
13B
330
1B
100
AcDbEntity
  8
F.Mask
  6
CONTINUOUS
100
AcDbLine
 10
127.2661759999999873
 20
-126.4725589999999897
 30
0
 11
127.1159569999999945
 21
-126.8352199999999925
 31
0
  0
LINE
  5
13C
330
1B
100
AcDbEntity
  8
F.Mask
  6
CONTINUOUS
100
AcDbLine
 10
127.1159569999999945
 20
-126.8352199999999925
 30
0
 11
126.9309140000000014
 21
-127.1814109999999971
 31
0
  0
LINE
  5
13D
330
1B
100
AcDbEntity
  8
F.Mask
  6
CONTINUOUS
100
AcDbLine
 10
126.9309140000000014
 20
-127.1814109999999971
 30
0
 11
126.7128299999999967
 21
-127.5077969999999965
 31
0
  0
LINE
  5
13E
330
1B
100
AcDbEntity
  8
F.Mask
  6
CONTINUOUS
100
AcDbLine
 10
126.7128299999999967
 20
-127.5077969999999965
 30
0
 11
126.4638049999999936
 21
-127.8112359999999939
 31
0
  0
LINE
  5
13F
330
1B
100
AcDbEntity
  8
F.Mask
  6
CONTINUOUS
100
AcDbLine
 10
126.4638049999999936
 20
-127.8112359999999939
 30
0
 11
126.1862359999999939
 21
-128.0888050000000078
 31
0
  0
LINE
  5
140
330
1B
100
AcDbEntity
  8
F.Mask
  6
CONTINUOUS
100
AcDbLine
 10
126.1862359999999939
 20
-128.0888050000000078
 30
0
 11
125.8827969999999965
 21
-128.3378299999999967
 31
0
  0
LINE
  5
141
330
1B
100
AcDbEntity
  8
F.Mask
  6
CONTINUOUS
100
AcDbLine
 10
125.8827969999999965
 20
-128.3378299999999967
 30
0
 11
125.5564109999999971
 21
-128.5559140000000014
 31
0
  0
LINE
  5
142
330
1B
100
AcDbEntity
  8
F.Mask
  6
CONTINUOUS
100
AcDbLine
 10
125.5564109999999971
 20
-128.5559140000000014
 30
0
 11
125.2102199999999925
 21
-128.7409569999999803
 31
0
  0
LINE
  5
143
330
1B
100
AcDbEntity
  8
F.Mask
  6
CONTINUOUS
100
AcDbLine
 10
125.2102199999999925
 20
-128.7409569999999803
 30
0
 11
124.8475589999999897
 21
-128.8911760000000015
 31
0
  0
LINE
  5
144
330
1B
100
AcDbEntity
  8
F.Mask
  6
CONTINUOUS
100
AcDbLine
 10
124.8475589999999897
 20
-128.8911760000000015
 30
0
 11
124.4719209999999947
 21
-129.0051249999999925
 31
0
  0
LINE
  5
145
330
1B
100
AcDbEntity
  8
F.Mask
  6
CONTINUOUS
100
AcDbLine
 10
124.4719209999999947
 20
-129.0051249999999925
 30
0
 11
124.0869220000000013
 21
-129.0817059999999969
 31
0
  0
LINE
  5
146
330
1B
100
AcDbEntity
  8
F.Mask
  6
CONTINUOUS
100
AcDbLine
 10
124.0869220000000013
 20
-129.0817059999999969
 30
0
 11
123.6962709999999959
 21
-129.1201819999999998
 31
0
  0
LINE
  5
147
330
1B
100
AcDbEntity
  8
F.Mask
  6
CONTINUOUS
100
AcDbLine
 10
123.6962709999999959
 20
-129.1201819999999998
 30
0
 11
123.3037289999999899
 21
-129.1201819999999998
 31
0
  0
LINE
  5
148
330
1B
100
AcDbEntity
  8
F.Mask
  6
CONTINUOUS
100
AcDbLine
 10
123.3037289999999899
 20
-129.1201819999999998
 30
0
 11
122.9130779999999987
 21
-129.0817059999999969
 31
0
  0
LINE
  5
149
330
1B
100
AcDbEntity
  8
F.Mask
  6
CONTINUOUS
100
AcDbLine
 10
122.9130779999999987
 20
-129.0817059999999969
 30
0
 11
122.5280789999999911
 21
-129.0051249999999925
 31
0
  0
LINE
  5
14A
330
1B
100
AcDbEntity
  8
F.Mask
  6
CONTINUOUS
100
AcDbLine
 10
122.5280789999999911
 20
-129.0051249999999925
 30
0
 11
122.1524409999999961
 21
-128.8911760000000015
 31
0
  0
LINE
  5
14B
330
1B
100
AcDbEntity
  8
F.Mask
  6
CONTINUOUS
100
AcDbLine
 10
122.1524409999999961
 20
-128.8911760000000015
 30
0
 11
121.7897799999999933
 21
-128.7409569999999803
 31
0
  0
LINE
  5
14C
330
1B
100
AcDbEntity
  8
F.Mask
  6
CONTINUOUS
100
AcDbLine
 10
121.7897799999999933
 20
-128.7409569999999803
 30
0
 11
121.4435889999999887
 21
-128.5559140000000014
 31
0
  0
LINE
  5
14D
330
1B
100
AcDbEntity
  8
F.Mask
  6
CONTINUOUS
100
AcDbLine
 10
121.4435889999999887
 20
-128.5559140000000014
 30
0
 11
121.1172029999999893
 21
-128.3378299999999967
 31
0
  0
LINE
  5
14E
330
1B
100
AcDbEntity
  8
F.Mask
  6
CONTINUOUS
100
AcDbLine
 10
121.1172029999999893
 20
-128.3378299999999967
 30
0
 11
120.8137639999999919
 21
-128.0888050000000078
 31
0
  0
LINE
  5
14F
330
1B
100
AcDbEntity
  8
F.Mask
  6
CONTINUOUS
100
AcDbLine
 10
120.8137639999999919
 20
-128.0888050000000078
 30
0
 11
120.5361949999999922
 21
-127.8112359999999939
 31
0
  0
LINE
  5
150
330
1B
100
AcDbEntity
  8
F.Mask
  6
CONTINUOUS
100
AcDbLine
 10
120.5361949999999922
 20
-127.8112359999999939
 30
0
 11
120.287169999999989
 21
-127.5077969999999965
 31
0
  0
LINE
  5
151
330
1B
100
AcDbEntity
  8
F.Mask
  6
CONTINUOUS
100
AcDbLine
 10
120.287169999999989
 20
-127.5077969999999965
 30
0
 11
120.0690859999999986
 21
-127.1814109999999971
 31
0
  0
LINE
  5
152
330
1B
100
AcDbEntity
  8
F.Mask
  6
CONTINUOUS
100
AcDbLine
 10
120.0690859999999986
 20
-127.1814109999999971
 30
0
 11
119.8840429999999913
 21
-126.8352199999999925
 31
0
  0
LINE
  5
153
330
1B
100
AcDbEntity
  8
F.Mask
  6
CONTINUOUS
100
AcDbLine
 10
119.8840429999999913
 20
-126.8352199999999925
 30
0
 11
119.7338239999999985
 21
-126.4725589999999897
 31
0
  0
LINE
  5
154
330
1B
100
AcDbEntity
  8
F.Mask
  6
CONTINUOUS
100
AcDbLine
 10
119.7338239999999985
 20
-126.4725589999999897
 30
0
 11
119.6198749999999933
 21
-126.0969209999999947
 31
0
  0
LINE
  5
155
330
1B
100
AcDbEntity
  8
F.Mask
  6
CONTINUOUS
100
AcDbLine
 10
119.6198749999999933
 20
-126.0969209999999947
 30
0
 11
119.5432939999999888
 21
-125.7119220000000013
 31
0
  0
LINE
  5
156
330
1B
100
AcDbEntity
  8
F.Mask
  6
CONTINUOUS
100
AcDbLine
 10
119.5432939999999888
 20
-125.7119220000000013
 30
0
 11
119.5048180000000002
 21
-125.3212709999999959
 31
0
  0
LINE
  5
157
330
1B
100
AcDbEntity
  8
F.Mask
  6
CONTINUOUS
100
AcDbLine
 10
119.5048180000000002
 20
-125.3212709999999959
 30
0
 11
119.5048180000000002
 21
-124.9287289999999899
 31
0
  0
LINE
  5
158
330
1B
100
AcDbEntity
  8
F.Mask
  6
CONTINUOUS
100
AcDbLine
 10
119.5048180000000002
 20
-124.9287289999999899
 30
0
 11
119.5432939999999888
 21
-124.5380779999999987
 31
0
  0
LINE
  5
159
330
1B
100
AcDbEntity
  8
F.Mask
  6
CONTINUOUS
100
AcDbLine
 10
119.5432939999999888
 20
-124.5380779999999987
 30
0
 11
119.6198749999999933
 21
-124.1530789999999911
 31
0
  0
LINE
  5
15A
330
1B
100
AcDbEntity
  8
F.Mask
  6
CONTINUOUS
100
AcDbLine
 10
119.6198749999999933
 20
-124.1530789999999911
 30
0
 11
119.7338239999999985
 21
-123.7774409999999961
 31
0
  0
LINE
  5
15B
330
1B
100
AcDbEntity
  8
F.Mask
  6
CONTINUOUS
100
AcDbLine
 10
119.7338239999999985
 20
-123.7774409999999961
 30
0
 11
119.8840429999999913
 21
-123.4147799999999933
 31
0
  0
LINE
  5
15C
330
1B
100
AcDbEntity
  8
F.Mask
  6
CONTINUOUS
100
AcDbLine
 10
119.8840429999999913
 20
-123.4147799999999933
 30
0
 11
120.0690859999999986
 21
-123.0685889999999887
 31
0
  0
LINE
  5
15D
330
1B
100
AcDbEntity
  8
F.Mask
  6
CONTINUOUS
100
AcDbLine
 10
120.0690859999999986
 20
-123.0685889999999887
 30
0
 11
120.287169999999989
 21
-122.7422029999999893
 31
0
  0
LINE
  5
15E
330
1B
100
AcDbEntity
  8
F.Mask
  6
CONTINUOUS
100
AcDbLine
 10
120.287169999999989
 20
-122.7422029999999893
 30
0
 11
120.5361949999999922
 21
-122.4387639999999919
 31
0
  0
LINE
  5
15F
330
1B
100
AcDbEntity
  8
F.Mask
  6
CONTINUOUS
100
AcDbLine
 10
120.5361949999999922
 20
-122.4387639999999919
 30
0
 11
120.8137639999999919
 21
-122.1611949999999922
 31
0
  0
LINE
  5
160
330
1B
100
AcDbEntity
  8
F.Mask
  6
CONTINUOUS
100
AcDbLine
 10
120.8137639999999919
 20
-122.1611949999999922
 30
0
 11
121.1172029999999893
 21
-121.912169999999989
 31
0
  0
LINE
  5
161
330
1B
100
AcDbEntity
  8
F.Mask
  6
CONTINUOUS
100
AcDbLine
 10
121.1172029999999893
 20
-121.912169999999989
 30
0
 11
121.4435889999999887
 21
-121.6940859999999986
 31
0
  0
LINE
  5
162
330
1B
100
AcDbEntity
  8
F.Mask
  6
CONTINUOUS
100
AcDbLine
 10
121.4435889999999887
 20
-121.6940859999999986
 30
0
 11
121.7897799999999933
 21
-121.5090429999999913
 31
0
  0
LINE
  5
163
330
1B
100
AcDbEntity
  8
F.Mask
  6
CONTINUOUS
100
AcDbLine
 10
121.7897799999999933
 20
-121.5090429999999913
 30
0
 11
122.1524409999999961
 21
-121.3588239999999985
 31
0
  0
LINE
  5
164
330
1B
100
AcDbEntity
  8
F.Mask
  6
CONTINUOUS
100
AcDbLine
 10
122.1524409999999961
 20
-121.3588239999999985
 30
0
 11
122.5280789999999911
 21
-121.2448749999999933
 31
0
  0
LINE
  5
165
330
1B
100
AcDbEntity
  8
F.Mask
  6
CONTINUOUS
100
AcDbLine
 10
122.5280789999999911
 20
-121.2448749999999933
 30
0
 11
122.9130779999999987
 21
-121.1682939999999888
 31
0
  0
LINE
  5
166
330
1B
100
AcDbEntity
  8
F.Mask
  6
CONTINUOUS
100
AcDbLine
 10
122.9130779999999987
 20
-121.1682939999999888
 30
0
 11
123.3037289999999899
 21
-121.1298180000000002
 31
0
  0
LINE
  5
167
330
1B
100
AcDbEntity
  8
F.Mask
  6
CONTINUOUS
100
AcDbLine
 10
123.3037289999999899
 20
-121.1298180000000002
 30
0
 11
123.6962709999999959
 21
-121.1298180000000002
 31
0
  0
LINE
  5
168
330
1B
100
AcDbEntity
  8
F.Mask
  6
CONTINUOUS
100
AcDbLine
 10
123.6962709999999959
 20
-121.1298180000000002
 30
0
 11
124.0869220000000013
 21
-121.1682939999999888
 31
0
  0
LINE
  5
169
330
1B
100
AcDbEntity
  8
F.Mask
  6
CONTINUOUS
100
AcDbLine
 10
136.0869219999999871
 20
-121.1682939999999888
 30
0
 11
136.4719209999999805
 21
-121.2448749999999933
 31
0
  0
LINE
  5
16A
330
1B
100
AcDbEntity
  8
F.Mask
  6
CONTINUOUS
100
AcDbLine
 10
136.4719209999999805
 20
-121.2448749999999933
 30
0
 11
136.8475589999999897
 21
-121.3588239999999985
 31
0
  0
LINE
  5
16B
330
1B
100
AcDbEntity
  8
F.Mask
  6
CONTINUOUS
100
AcDbLine
 10
136.8475589999999897
 20
-121.3588239999999985
 30
0
 11
137.2102199999999925
 21
-121.5090429999999913
 31
0
  0
LINE
  5
16C
330
1B
100
AcDbEntity
  8
F.Mask
  6
CONTINUOUS
100
AcDbLine
 10
137.2102199999999925
 20
-121.5090429999999913
 30
0
 11
137.5564109999999971
 21
-121.6940859999999986
 31
0
  0
LINE
  5
16D
330
1B
100
AcDbEntity
  8
F.Mask
  6
CONTINUOUS
100
AcDbLine
 10
137.5564109999999971
 20
-121.6940859999999986
 30
0
 11
137.8827969999999823
 21
-121.912169999999989
 31
0
  0
LINE
  5
16E
330
1B
100
AcDbEntity
  8
F.Mask
  6
CONTINUOUS
100
AcDbLine
 10
137.8827969999999823
 20
-121.912169999999989
 30
0
 11
138.1862359999999796
 21
-122.1611949999999922
 31
0
  0
LINE
  5
16F
330
1B
100
AcDbEntity
  8
F.Mask
  6
CONTINUOUS
100
AcDbLine
 10
138.1862359999999796
 20
-122.1611949999999922
 30
0
 11
138.4638050000000078
 21
-122.4387639999999919
 31
0
  0
LINE
  5
170
330
1B
100
AcDbEntity
  8
F.Mask
  6
CONTINUOUS
100
AcDbLine
 10
138.4638050000000078
 20
-122.4387639999999919
 30
0
 11
138.7128299999999967
 21
-122.7422029999999893
 31
0
  0
LINE
  5
171
330
1B
100
AcDbEntity
  8
F.Mask
  6
CONTINUOUS
100
AcDbLine
 10
138.7128299999999967
 20
-122.7422029999999893
 30
0
 11
138.9309140000000014
 21
-123.0685889999999887
 31
0
  0
LINE
  5
172
330
1B
100
AcDbEntity
  8
F.Mask
  6
CONTINUOUS
100
AcDbLine
 10
138.9309140000000014
 20
-123.0685889999999887
 30
0
 11
139.1159569999999803
 21
-123.4147799999999933
 31
0
  0
LINE
  5
173
330
1B
100
AcDbEntity
  8
F.Mask
  6
CONTINUOUS
100
AcDbLine
 10
139.1159569999999803
 20
-123.4147799999999933
 30
0
 11
139.2661760000000015
 21
-123.7774409999999961
 31
0
  0
LINE
  5
174
330
1B
100
AcDbEntity
  8
F.Mask
  6
CONTINUOUS
100
AcDbLine
 10
139.2661760000000015
 20
-123.7774409999999961
 30
0
 11
139.3801249999999925
 21
-124.1530789999999911
 31
0
  0
LINE
  5
175
330
1B
100
AcDbEntity
  8
F.Mask
  6
CONTINUOUS
100
AcDbLine
 10
139.3801249999999925
 20
-124.1530789999999911
 30
0
 11
139.4567059999999969
 21
-124.5380779999999987
 31
0
  0
LINE
  5
176
330
1B
100
AcDbEntity
  8
F.Mask
  6
CONTINUOUS
100
AcDbLine
 10
139.4567059999999969
 20
-124.5380779999999987
 30
0
 11
139.4951819999999998
 21
-124.9287289999999899
 31
0
  0
LINE
  5
177
330
1B
100
AcDbEntity
  8
F.Mask
  6
CONTINUOUS
100
AcDbLine
 10
139.4951819999999998
 20
-124.9287289999999899
 30
0
 11
139.4951819999999998
 21
-125.3212709999999959
 31
0
  0
LINE
  5
178
330
1B
100
AcDbEntity
  8
F.Mask
  6
CONTINUOUS
100
AcDbLine
 10
139.4951819999999998
 20
-125.3212709999999959
 30
0
 11
139.4567059999999969
 21
-125.7119220000000013
 31
0
  0
LINE
  5
179
330
1B
100
AcDbEntity
  8
F.Mask
  6
CONTINUOUS
100
AcDbLine
 10
139.4567059999999969
 20
-125.7119220000000013
 30
0
 11
139.3801249999999925
 21
-126.0969209999999947
 31
0
  0
LINE
  5
17A
330
1B
100
AcDbEntity
  8
F.Mask
  6
CONTINUOUS
100
AcDbLine
 10
139.3801249999999925
 20
-126.0969209999999947
 30
0
 11
139.2661760000000015
 21
-126.4725589999999897
 31
0
  0
LINE
  5
17B
330
1B
100
AcDbEntity
  8
F.Mask
  6
CONTINUOUS
100
AcDbLine
 10
139.2661760000000015
 20
-126.4725589999999897
 30
0
 11
139.1159569999999803
 21
-126.8352199999999925
 31
0
  0
LINE
  5
17C
330
1B
100
AcDbEntity
  8
F.Mask
  6
CONTINUOUS
100
AcDbLine
 10
139.1159569999999803
 20
-126.8352199999999925
 30
0
 11
138.9309140000000014
 21
-127.1814109999999971
 31
0
  0
LINE
  5
17D
330
1B
100
AcDbEntity
  8
F.Mask
  6
CONTINUOUS
100
AcDbLine
 10
138.9309140000000014
 20
-127.1814109999999971
 30
0
 11
138.7128299999999967
 21
-127.5077969999999965
 31
0
  0
LINE
  5
17E
330
1B
100
AcDbEntity
  8
F.Mask
  6
CONTINUOUS
100
AcDbLine
 10
138.7128299999999967
 20
-127.5077969999999965
 30
0
 11
138.4638050000000078
 21
-127.8112359999999939
 31
0
  0
LINE
  5
17F
330
1B
100
AcDbEntity
  8
F.Mask
  6
CONTINUOUS
100
AcDbLine
 10
138.4638050000000078
 20
-127.8112359999999939
 30
0
 11
138.1862359999999796
 21
-128.0888050000000078
 31
0
  0
LINE
  5
180
330
1B
100
AcDbEntity
  8
F.Mask
  6
CONTINUOUS
100
AcDbLine
 10
138.1862359999999796
 20
-128.0888050000000078
 30
0
 11
137.8827969999999823
 21
-128.3378299999999967
 31
0
  0
LINE
  5
181
330
1B
100
AcDbEntity
  8
F.Mask
  6
CONTINUOUS
100
AcDbLine
 10
137.8827969999999823
 20
-128.3378299999999967
 30
0
 11
137.5564109999999971
 21
-128.5559140000000014
 31
0
  0
LINE
  5
182
330
1B
100
AcDbEntity
  8
F.Mask
  6
CONTINUOUS
100
AcDbLine
 10
137.5564109999999971
 20
-128.5559140000000014
 30
0
 11
137.2102199999999925
 21
-128.7409569999999803
 31
0
  0
LINE
  5
183
330
1B
100
AcDbEntity
  8
F.Mask
  6
CONTINUOUS
100
AcDbLine
 10
137.2102199999999925
 20
-128.7409569999999803
 30
0
 11
136.8475589999999897
 21
-128.8911760000000015
 31
0
  0
LINE
  5
184
330
1B
100
AcDbEntity
  8
F.Mask
  6
CONTINUOUS
100
AcDbLine
 10
136.8475589999999897
 20
-128.8911760000000015
 30
0
 11
136.4719209999999805
 21
-129.0051249999999925
 31
0
  0
LINE
  5
185
330
1B
100
AcDbEntity
  8
F.Mask
  6
CONTINUOUS
100
AcDbLine
 10
136.4719209999999805
 20
-129.0051249999999925
 30
0
 11
136.0869219999999871
 21
-129.0817059999999969
 31
0
  0
LINE
  5
186
330
1B
100
AcDbEntity
  8
F.Mask
  6
CONTINUOUS
100
AcDbLine
 10
136.0869219999999871
 20
-129.0817059999999969
 30
0
 11
135.6962709999999959
 21
-129.1201819999999998
 31
0
  0
LINE
  5
187
330
1B
100
AcDbEntity
  8
F.Mask
  6
CONTINUOUS
100
AcDbLine
 10
135.6962709999999959
 20
-129.1201819999999998
 30
0
 11
135.3037290000000041
 21
-129.1201819999999998
 31
0
  0
LINE
  5
188
330
1B
100
AcDbEntity
  8
F.Mask
  6
CONTINUOUS
100
AcDbLine
 10
135.3037290000000041
 20
-129.1201819999999998
 30
0
 11
134.9130779999999845
 21
-129.0817059999999969
 31
0
  0
LINE
  5
189
330
1B
100
AcDbEntity
  8
F.Mask
  6
CONTINUOUS
100
AcDbLine
 10
134.9130779999999845
 20
-129.0817059999999969
 30
0
 11
134.5280789999999911
 21
-129.0051249999999925
 31
0
  0
LINE
  5
18A
330
1B
100
AcDbEntity
  8
F.Mask
  6
CONTINUOUS
100
AcDbLine
 10
134.5280789999999911
 20
-129.0051249999999925
 30
0
 11
134.1524409999999818
 21
-128.8911760000000015
 31
0
  0
LINE
  5
18B
330
1B
100
AcDbEntity
  8
F.Mask
  6
CONTINUOUS
100
AcDbLine
 10
134.1524409999999818
 20
-128.8911760000000015
 30
0
 11
133.7897800000000075
 21
-128.7409569999999803
 31
0
  0
LINE
  5
18C
330
1B
100
AcDbEntity
  8
F.Mask
  6
CONTINUOUS
100
AcDbLine
 10
133.7897800000000075
 20
-128.7409569999999803
 30
0
 11
133.4435890000000029
 21
-128.5559140000000014
 31
0
  0
LINE
  5
18D
330
1B
100
AcDbEntity
  8
F.Mask
  6
CONTINUOUS
100
AcDbLine
 10
133.4435890000000029
 20
-128.5559140000000014
 30
0
 11
133.1172029999999893
 21
-128.3378299999999967
 31
0
  0
LINE
  5
18E
330
1B
100
AcDbEntity
  8
F.Mask
  6
CONTINUOUS
100
AcDbLine
 10
133.1172029999999893
 20
-128.3378299999999967
 30
0
 11
132.8137639999999919
 21
-128.0888050000000078
 31
0
  0
LINE
  5
18F
330
1B
100
AcDbEntity
  8
F.Mask
  6
CONTINUOUS
100
AcDbLine
 10
132.8137639999999919
 20
-128.0888050000000078
 30
0
 11
132.5361949999999922
 21
-127.8112359999999939
 31
0
  0
LINE
  5
190
330
1B
100
AcDbEntity
  8
F.Mask
  6
CONTINUOUS
100
AcDbLine
 10
132.5361949999999922
 20
-127.8112359999999939
 30
0
 11
132.2871700000000033
 21
-127.5077969999999965
 31
0
  0
LINE
  5
191
330
1B
100
AcDbEntity
  8
F.Mask
  6
CONTINUOUS
100
AcDbLine
 10
132.2871700000000033
 20
-127.5077969999999965
 30
0
 11
132.0690859999999986
 21
-127.1814109999999971
 31
0
  0
LINE
  5
192
330
1B
100
AcDbEntity
  8
F.Mask
  6
CONTINUOUS
100
AcDbLine
 10
132.0690859999999986
 20
-127.1814109999999971
 30
0
 11
131.8840429999999913
 21
-126.8352199999999925
 31
0
  0
LINE
  5
193
330
1B
100
AcDbEntity
  8
F.Mask
  6
CONTINUOUS
100
AcDbLine
 10
131.8840429999999913
 20
-126.8352199999999925
 30
0
 11
131.7338239999999985
 21
-126.4725589999999897
 31
0
  0
LINE
  5
194
330
1B
100
AcDbEntity
  8
F.Mask
  6
CONTINUOUS
100
AcDbLine
 10
131.7338239999999985
 20
-126.4725589999999897
 30
0
 11
131.6198750000000075
 21
-126.0969209999999947
 31
0
  0
LINE
  5
195
330
1B
100
AcDbEntity
  8
F.Mask
  6
CONTINUOUS
100
AcDbLine
 10
131.6198750000000075
 20
-126.0969209999999947
 30
0
 11
131.5432940000000031
 21
-125.7119220000000013
 31
0
  0
LINE
  5
196
330
1B
100
AcDbEntity
  8
F.Mask
  6
CONTINUOUS
100
AcDbLine
 10
131.5432940000000031
 20
-125.7119220000000013
 30
0
 11
131.5048180000000002
 21
-125.3212709999999959
 31
0
  0
LINE
  5
197
330
1B
100
AcDbEntity
  8
F.Mask
  6
CONTINUOUS
100
AcDbLine
 10
131.5048180000000002
 20
-125.3212709999999959
 30
0
 11
131.5048180000000002
 21
-124.9287289999999899
 31
0
  0
LINE
  5
198
330
1B
100
AcDbEntity
  8
F.Mask
  6
CONTINUOUS
100
AcDbLine
 10
131.5048180000000002
 20
-124.9287289999999899
 30
0
 11
131.5432940000000031
 21
-124.5380779999999987
 31
0
  0
LINE
  5
199
330
1B
100
AcDbEntity
  8
F.Mask
  6
CONTINUOUS
100
AcDbLine
 10
131.5432940000000031
 20
-124.5380779999999987
 30
0
 11
131.6198750000000075
 21
-124.1530789999999911
 31
0
  0
LINE
  5
19A
330
1B
100
AcDbEntity
  8
F.Mask
  6
CONTINUOUS
100
AcDbLine
 10
131.6198750000000075
 20
-124.1530789999999911
 30
0
 11
131.7338239999999985
 21
-123.7774409999999961
 31
0
  0
LINE
  5
19B
330
1B
100
AcDbEntity
  8
F.Mask
  6
CONTINUOUS
100
AcDbLine
 10
131.7338239999999985
 20
-123.7774409999999961
 30
0
 11
131.8840429999999913
 21
-123.4147799999999933
 31
0
  0
LINE
  5
19C
330
1B
100
AcDbEntity
  8
F.Mask
  6
CONTINUOUS
100
AcDbLine
 10
131.8840429999999913
 20
-123.4147799999999933
 30
0
 11
132.0690859999999986
 21
-123.0685889999999887
 31
0
  0
LINE
  5
19D
330
1B
100
AcDbEntity
  8
F.Mask
  6
CONTINUOUS
100
AcDbLine
 10
132.0690859999999986
 20
-123.0685889999999887
 30
0
 11
132.2871700000000033
 21
-122.7422029999999893
 31
0
  0
LINE
  5
19E
330
1B
100
AcDbEntity
  8
F.Mask
  6
CONTINUOUS
100
AcDbLine
 10
132.2871700000000033
 20
-122.7422029999999893
 30
0
 11
132.5361949999999922
 21
-122.4387639999999919
 31
0
  0
LINE
  5
19F
330
1B
100
AcDbEntity
  8
F.Mask
  6
CONTINUOUS
100
AcDbLine
 10
132.5361949999999922
 20
-122.4387639999999919
 30
0
 11
132.8137639999999919
 21
-122.1611949999999922
 31
0
  0
LINE
  5
1A0
330
1B
100
AcDbEntity
  8
F.Mask
  6
CONTINUOUS
100
AcDbLine
 10
132.8137639999999919
 20
-122.1611949999999922
 30
0
 11
133.1172029999999893
 21
-121.912169999999989
 31
0
  0
LINE
  5
1A1
330
1B
100
AcDbEntity
  8
F.Mask
  6
CONTINUOUS
100
AcDbLine
 10
133.1172029999999893
 20
-121.912169999999989
 30
0
 11
133.4435890000000029
 21
-121.6940859999999986
 31
0
  0
LINE
  5
1A2
330
1B
100
AcDbEntity
  8
F.Mask
  6
CONTINUOUS
100
AcDbLine
 10
133.4435890000000029
 20
-121.6940859999999986
 30
0
 11
133.7897800000000075
 21
-121.5090429999999913
 31
0
  0
LINE
  5
1A3
330
1B
100
AcDbEntity
  8
F.Mask
  6
CONTINUOUS
100
AcDbLine
 10
133.7897800000000075
 20
-121.5090429999999913
 30
0
 11
134.1524409999999818
 21
-121.3588239999999985
 31
0
  0
LINE
  5
1A4
330
1B
100
AcDbEntity
  8
F.Mask
  6
CONTINUOUS
100
AcDbLine
 10
134.1524409999999818
 20
-121.3588239999999985
 30
0
 11
134.5280789999999911
 21
-121.2448749999999933
 31
0
  0
LINE
  5
1A5
330
1B
100
AcDbEntity
  8
F.Mask
  6
CONTINUOUS
100
AcDbLine
 10
134.5280789999999911
 20
-121.2448749999999933
 30
0
 11
134.9130779999999845
 21
-121.1682939999999888
 31
0
  0
LINE
  5
1A6
330
1B
100
AcDbEntity
  8
F.Mask
  6
CONTINUOUS
100
AcDbLine
 10
134.9130779999999845
 20
-121.1682939999999888
 30
0
 11
135.3037290000000041
 21
-121.1298180000000002
 31
0
  0
LINE
  5
1A7
330
1B
100
AcDbEntity
  8
F.Mask
  6
CONTINUOUS
100
AcDbLine
 10
135.3037290000000041
 20
-121.1298180000000002
 30
0
 11
135.6962709999999959
 21
-121.1298180000000002
 31
0
  0
LINE
  5
1A8
330
1B
100
AcDbEntity
  8
F.Mask
  6
CONTINUOUS
100
AcDbLine
 10
135.6962709999999959
 20
-121.1298180000000002
 30
0
 11
136.0869219999999871
 21
-121.1682939999999888
 31
0
  0
LINE
  5
1A9
330
1B
100
AcDbEntity
  8
F.Mask
  6
CONTINUOUS
100
AcDbLine
 10
148.0869219999999871
 20
-121.1682939999999888
 30
0
 11
148.4719209999999805
 21
-121.2448749999999933
 31
0
  0
LINE
  5
1AA
330
1B
100
AcDbEntity
  8
F.Mask
  6
CONTINUOUS
100
AcDbLine
 10
148.4719209999999805
 20
-121.2448749999999933
 30
0
 11
148.8475589999999897
 21
-121.3588239999999985
 31
0
  0
LINE
  5
1AB
330
1B
100
AcDbEntity
  8
F.Mask
  6
CONTINUOUS
100
AcDbLine
 10
148.8475589999999897
 20
-121.3588239999999985
 30
0
 11
149.2102199999999925
 21
-121.5090429999999913
 31
0
  0
LINE
  5
1AC
330
1B
100
AcDbEntity
  8
F.Mask
  6
CONTINUOUS
100
AcDbLine
 10
149.2102199999999925
 20
-121.5090429999999913
 30
0
 11
149.5564109999999971
 21
-121.6940859999999986
 31
0
  0
LINE
  5
1AD
330
1B
100
AcDbEntity
  8
F.Mask
  6
CONTINUOUS
100
AcDbLine
 10
149.5564109999999971
 20
-121.6940859999999986
 30
0
 11
149.8827969999999823
 21
-121.912169999999989
 31
0
  0
LINE
  5
1AE
330
1B
100
AcDbEntity
  8
F.Mask
  6
CONTINUOUS
100
AcDbLine
 10
149.8827969999999823
 20
-121.912169999999989
 30
0
 11
150.1862359999999796
 21
-122.1611949999999922
 31
0
  0
LINE
  5
1AF
330
1B
100
AcDbEntity
  8
F.Mask
  6
CONTINUOUS
100
AcDbLine
 10
150.1862359999999796
 20
-122.1611949999999922
 30
0
 11
150.4638049999999794
 21
-122.4387639999999919
 31
0
  0
LINE
  5
1B0
330
1B
100
AcDbEntity
  8
F.Mask
  6
CONTINUOUS
100
AcDbLine
 10
150.4638049999999794
 20
-122.4387639999999919
 30
0
 11
150.7128299999999967
 21
-122.7422029999999893
 31
0
  0
LINE
  5
1B1
330
1B
100
AcDbEntity
  8
F.Mask
  6
CONTINUOUS
100
AcDbLine
 10
150.7128299999999967
 20
-122.7422029999999893
 30
0
 11
150.9309140000000014
 21
-123.0685889999999887
 31
0
  0
LINE
  5
1B2
330
1B
100
AcDbEntity
  8
F.Mask
  6
CONTINUOUS
100
AcDbLine
 10
150.9309140000000014
 20
-123.0685889999999887
 30
0
 11
151.1159569999999803
 21
-123.4147799999999933
 31
0
  0
LINE
  5
1B3
330
1B
100
AcDbEntity
  8
F.Mask
  6
CONTINUOUS
100
AcDbLine
 10
151.1159569999999803
 20
-123.4147799999999933
 30
0
 11
151.2661760000000015
 21
-123.7774409999999961
 31
0
  0
LINE
  5
1B4
330
1B
100
AcDbEntity
  8
F.Mask
  6
CONTINUOUS
100
AcDbLine
 10
151.2661760000000015
 20
-123.7774409999999961
 30
0
 11
151.3801249999999925
 21
-124.1530789999999911
 31
0
  0
LINE
  5
1B5
330
1B
100
AcDbEntity
  8
F.Mask
  6
CONTINUOUS
100
AcDbLine
 10
151.3801249999999925
 20
-124.1530789999999911
 30
0
 11
151.4567059999999969
 21
-124.5380779999999987
 31
0
  0
LINE
  5
1B6
330
1B
100
AcDbEntity
  8
F.Mask
  6
CONTINUOUS
100
AcDbLine
 10
151.4567059999999969
 20
-124.5380779999999987
 30
0
 11
151.4951819999999998
 21
-124.9287289999999899
 31
0
  0
LINE
  5
1B7
330
1B
100
AcDbEntity
  8
F.Mask
  6
CONTINUOUS
100
AcDbLine
 10
151.4951819999999998
 20
-124.9287289999999899
 30
0
 11
151.4951819999999998
 21
-125.3212709999999959
 31
0
  0
LINE
  5
1B8
330
1B
100
AcDbEntity
  8
F.Mask
  6
CONTINUOUS
100
AcDbLine
 10
151.4951819999999998
 20
-125.3212709999999959
 30
0
 11
151.4567059999999969
 21
-125.7119220000000013
 31
0
  0
LINE
  5
1B9
330
1B
100
AcDbEntity
  8
F.Mask
  6
CONTINUOUS
100
AcDbLine
 10
151.4567059999999969
 20
-125.7119220000000013
 30
0
 11
151.3801249999999925
 21
-126.0969209999999947
 31
0
  0
LINE
  5
1BA
330
1B
100
AcDbEntity
  8
F.Mask
  6
CONTINUOUS
100
AcDbLine
 10
151.3801249999999925
 20
-126.0969209999999947
 30
0
 11
151.2661760000000015
 21
-126.4725589999999897
 31
0
  0
LINE
  5
1BB
330
1B
100
AcDbEntity
  8
F.Mask
  6
CONTINUOUS
100
AcDbLine
 10
151.2661760000000015
 20
-126.4725589999999897
 30
0
 11
151.1159569999999803
 21
-126.8352199999999925
 31
0
  0
LINE
  5
1BC
330
1B
100
AcDbEntity
  8
F.Mask
  6
CONTINUOUS
100
AcDbLine
 10
151.1159569999999803
 20
-126.8352199999999925
 30
0
 11
150.9309140000000014
 21
-127.1814109999999971
 31
0
  0
LINE
  5
1BD
330
1B
100
AcDbEntity
  8
F.Mask
  6
CONTINUOUS
100
AcDbLine
 10
150.9309140000000014
 20
-127.1814109999999971
 30
0
 11
150.7128299999999967
 21
-127.5077969999999965
 31
0
  0
LINE
  5
1BE
330
1B
100
AcDbEntity
  8
F.Mask
  6
CONTINUOUS
100
AcDbLine
 10
150.7128299999999967
 20
-127.5077969999999965
 30
0
 11
150.4638049999999794
 21
-127.8112359999999939
 31
0
  0
LINE
  5
1BF
330
1B
100
AcDbEntity
  8
F.Mask
  6
CONTINUOUS
100
AcDbLine
 10
150.4638049999999794
 20
-127.8112359999999939
 30
0
 11
150.1862359999999796
 21
-128.0888050000000078
 31
0
  0
LINE
  5
1C0
330
1B
100
AcDbEntity
  8
F.Mask
  6
CONTINUOUS
100
AcDbLine
 10
150.1862359999999796
 20
-128.0888050000000078
 30
0
 11
149.8827969999999823
 21
-128.3378299999999967
 31
0
  0
LINE
  5
1C1
330
1B
100
AcDbEntity
  8
F.Mask
  6
CONTINUOUS
100
AcDbLine
 10
149.8827969999999823
 20
-128.3378299999999967
 30
0
 11
149.5564109999999971
 21
-128.5559140000000014
 31
0
  0
LINE
  5
1C2
330
1B
100
AcDbEntity
  8
F.Mask
  6
CONTINUOUS
100
AcDbLine
 10
149.5564109999999971
 20
-128.5559140000000014
 30
0
 11
149.2102199999999925
 21
-128.7409569999999803
 31
0
  0
LINE
  5
1C3
330
1B
100
AcDbEntity
  8
F.Mask
  6
CONTINUOUS
100
AcDbLine
 10
149.2102199999999925
 20
-128.7409569999999803
 30
0
 11
148.8475589999999897
 21
-128.8911760000000015
 31
0
  0
LINE
  5
1C4
330
1B
100
AcDbEntity
  8
F.Mask
  6
CONTINUOUS
100
AcDbLine
 10
148.8475589999999897
 20
-128.8911760000000015
 30
0
 11
148.4719209999999805
 21
-129.0051249999999925
 31
0
  0
LINE
  5
1C5
330
1B
100
AcDbEntity
  8
F.Mask
  6
CONTINUOUS
100
AcDbLine
 10
148.4719209999999805
 20
-129.0051249999999925
 30
0
 11
148.0869219999999871
 21
-129.0817059999999969
 31
0
  0
LINE
  5
1C6
330
1B
100
AcDbEntity
  8
F.Mask
  6
CONTINUOUS
100
AcDbLine
 10
148.0869219999999871
 20
-129.0817059999999969
 30
0
 11
147.6962709999999959
 21
-129.1201819999999998
 31
0
  0
LINE
  5
1C7
330
1B
100
AcDbEntity
  8
F.Mask
  6
CONTINUOUS
100
AcDbLine
 10
147.6962709999999959
 20
-129.1201819999999998
 30
0
 11
147.3037290000000041
 21
-129.1201819999999998
 31
0
  0
LINE
  5
1C8
330
1B
100
AcDbEntity
  8
F.Mask
  6
CONTINUOUS
100
AcDbLine
 10
147.3037290000000041
 20
-129.1201819999999998
 30
0
 11
146.9130779999999845
 21
-129.0817059999999969
 31
0
  0
LINE
  5
1C9
330
1B
100
AcDbEntity
  8
F.Mask
  6
CONTINUOUS
100
AcDbLine
 10
146.9130779999999845
 20
-129.0817059999999969
 30
0
 11
146.5280789999999911
 21
-129.0051249999999925
 31
0
  0
LINE
  5
1CA
330
1B
100
AcDbEntity
  8
F.Mask
  6
CONTINUOUS
100
AcDbLine
 10
146.5280789999999911
 20
-129.0051249999999925
 30
0
 11
146.1524409999999818
 21
-128.8911760000000015
 31
0
  0
LINE
  5
1CB
330
1B
100
AcDbEntity
  8
F.Mask
  6
CONTINUOUS
100
AcDbLine
 10
146.1524409999999818
 20
-128.8911760000000015
 30
0
 11
145.7897800000000075
 21
-128.7409569999999803
 31
0
  0
LINE
  5
1CC
330
1B
100
AcDbEntity
  8
F.Mask
  6
CONTINUOUS
100
AcDbLine
 10
145.7897800000000075
 20
-128.7409569999999803
 30
0
 11
145.4435890000000029
 21
-128.5559140000000014
 31
0
  0
LINE
  5
1CD
330
1B
100
AcDbEntity
  8
F.Mask
  6
CONTINUOUS
100
AcDbLine
 10
145.4435890000000029
 20
-128.5559140000000014
 30
0
 11
145.1172029999999893
 21
-128.3378299999999967
 31
0
  0
LINE
  5
1CE
330
1B
100
AcDbEntity
  8
F.Mask
  6
CONTINUOUS
100
AcDbLine
 10
145.1172029999999893
 20
-128.3378299999999967
 30
0
 11
144.8137639999999919
 21
-128.0888050000000078
 31
0
  0
LINE
  5
1CF
330
1B
100
AcDbEntity
  8
F.Mask
  6
CONTINUOUS
100
AcDbLine
 10
144.8137639999999919
 20
-128.0888050000000078
 30
0
 11
144.5361949999999922
 21
-127.8112359999999939
 31
0
  0
LINE
  5
1D0
330
1B
100
AcDbEntity
  8
F.Mask
  6
CONTINUOUS
100
AcDbLine
 10
144.5361949999999922
 20
-127.8112359999999939
 30
0
 11
144.2871700000000033
 21
-127.5077969999999965
 31
0
  0
LINE
  5
1D1
330
1B
100
AcDbEntity
  8
F.Mask
  6
CONTINUOUS
100
AcDbLine
 10
144.2871700000000033
 20
-127.5077969999999965
 30
0
 11
144.0690859999999986
 21
-127.1814109999999971
 31
0
  0
LINE
  5
1D2
330
1B
100
AcDbEntity
  8
F.Mask
  6
CONTINUOUS
100
AcDbLine
 10
144.0690859999999986
 20
-127.1814109999999971
 30
0
 11
143.8840429999999913
 21
-126.8352199999999925
 31
0
  0
LINE
  5
1D3
330
1B
100
AcDbEntity
  8
F.Mask
  6
CONTINUOUS
100
AcDbLine
 10
143.8840429999999913
 20
-126.8352199999999925
 30
0
 11
143.7338239999999985
 21
-126.4725589999999897
 31
0
  0
LINE
  5
1D4
330
1B
100
AcDbEntity
  8
F.Mask
  6
CONTINUOUS
100
AcDbLine
 10
143.7338239999999985
 20
-126.4725589999999897
 30
0
 11
143.6198750000000075
 21
-126.0969209999999947
 31
0
  0
LINE
  5
1D5
330
1B
100
AcDbEntity
  8
F.Mask
  6
CONTINUOUS
100
AcDbLine
 10
143.6198750000000075
 20
-126.0969209999999947
 30
0
 11
143.5432940000000031
 21
-125.7119220000000013
 31
0
  0
LINE
  5
1D6
330
1B
100
AcDbEntity
  8
F.Mask
  6
CONTINUOUS
100
AcDbLine
 10
143.5432940000000031
 20
-125.7119220000000013
 30
0
 11
143.5048180000000002
 21
-125.3212709999999959
 31
0
  0
LINE
  5
1D7
330
1B
100
AcDbEntity
  8
F.Mask
  6
CONTINUOUS
100
AcDbLine
 10
143.5048180000000002
 20
-125.3212709999999959
 30
0
 11
143.5048180000000002
 21
-124.9287289999999899
 31
0
  0
LINE
  5
1D8
330
1B
100
AcDbEntity
  8
F.Mask
  6
CONTINUOUS
100
AcDbLine
 10
143.5048180000000002
 20
-124.9287289999999899
 30
0
 11
143.5432940000000031
 21
-124.5380779999999987
 31
0
  0
LINE
  5
1D9
330
1B
100
AcDbEntity
  8
F.Mask
  6
CONTINUOUS
100
AcDbLine
 10
143.5432940000000031
 20
-124.5380779999999987
 30
0
 11
143.6198750000000075
 21
-124.1530789999999911
 31
0
  0
LINE
  5
1DA
330
1B
100
AcDbEntity
  8
F.Mask
  6
CONTINUOUS
100
AcDbLine
 10
143.6198750000000075
 20
-124.1530789999999911
 30
0
 11
143.7338239999999985
 21
-123.7774409999999961
 31
0
  0
LINE
  5
1DB
330
1B
100
AcDbEntity
  8
F.Mask
  6
CONTINUOUS
100
AcDbLine
 10
143.7338239999999985
 20
-123.7774409999999961
 30
0
 11
143.8840429999999913
 21
-123.4147799999999933
 31
0
  0
LINE
  5
1DC
330
1B
100
AcDbEntity
  8
F.Mask
  6
CONTINUOUS
100
AcDbLine
 10
143.8840429999999913
 20
-123.4147799999999933
 30
0
 11
144.0690859999999986
 21
-123.0685889999999887
 31
0
  0
LINE
  5
1DD
330
1B
100
AcDbEntity
  8
F.Mask
  6
CONTINUOUS
100
AcDbLine
 10
144.0690859999999986
 20
-123.0685889999999887
 30
0
 11
144.2871700000000033
 21
-122.7422029999999893
 31
0
  0
LINE
  5
1DE
330
1B
100
AcDbEntity
  8
F.Mask
  6
CONTINUOUS
100
AcDbLine
 10
144.2871700000000033
 20
-122.7422029999999893
 30
0
 11
144.5361949999999922
 21
-122.4387639999999919
 31
0
  0
LINE
  5
1DF
330
1B
100
AcDbEntity
  8
F.Mask
  6
CONTINUOUS
100
AcDbLine
 10
144.5361949999999922
 20
-122.4387639999999919
 30
0
 11
144.8137639999999919
 21
-122.1611949999999922
 31
0
  0
LINE
  5
1E0
330
1B
100
AcDbEntity
  8
F.Mask
  6
CONTINUOUS
100
AcDbLine
 10
144.8137639999999919
 20
-122.1611949999999922
 30
0
 11
145.1172029999999893
 21
-121.912169999999989
 31
0
  0
LINE
  5
1E1
330
1B
100
AcDbEntity
  8
F.Mask
  6
CONTINUOUS
100
AcDbLine
 10
145.1172029999999893
 20
-121.912169999999989
 30
0
 11
145.4435890000000029
 21
-121.6940859999999986
 31
0
  0
LINE
  5
1E2
330
1B
100
AcDbEntity
  8
F.Mask
  6
CONTINUOUS
100
AcDbLine
 10
145.4435890000000029
 20
-121.6940859999999986
 30
0
 11
145.7897800000000075
 21
-121.5090429999999913
 31
0
  0
LINE
  5
1E3
330
1B
100
AcDbEntity
  8
F.Mask
  6
CONTINUOUS
100
AcDbLine
 10
145.7897800000000075
 20
-121.5090429999999913
 30
0
 11
146.1524409999999818
 21
-121.3588239999999985
 31
0
  0
LINE
  5
1E4
330
1B
100
AcDbEntity
  8
F.Mask
  6
CONTINUOUS
100
AcDbLine
 10
146.1524409999999818
 20
-121.3588239999999985
 30
0
 11
146.5280789999999911
 21
-121.2448749999999933
 31
0
  0
LINE
  5
1E5
330
1B
100
AcDbEntity
  8
F.Mask
  6
CONTINUOUS
100
AcDbLine
 10
146.5280789999999911
 20
-121.2448749999999933
 30
0
 11
146.9130779999999845
 21
-121.1682939999999888
 31
0
  0
LINE
  5
1E6
330
1B
100
AcDbEntity
  8
F.Mask
  6
CONTINUOUS
100
AcDbLine
 10
146.9130779999999845
 20
-121.1682939999999888
 30
0
 11
147.3037290000000041
 21
-121.1298180000000002
 31
0
  0
LINE
  5
1E7
330
1B
100
AcDbEntity
  8
F.Mask
  6
CONTINUOUS
100
AcDbLine
 10
147.3037290000000041
 20
-121.1298180000000002
 30
0
 11
147.6962709999999959
 21
-121.1298180000000002
 31
0
  0
LINE
  5
1E8
330
1B
100
AcDbEntity
  8
F.Mask
  6
CONTINUOUS
100
AcDbLine
 10
147.6962709999999959
 20
-121.1298180000000002
 30
0
 11
148.0869219999999871
 21
-121.1682939999999888
 31
0
  0
LINE
  5
1E9
330
1B
100
AcDbEntity
  8
F.Mask
  6
CONTINUOUS
100
AcDbLine
 10
160.0869219999999871
 20
-121.1682939999999888
 30
0
 11
160.4719209999999805
 21
-121.2448749999999933
 31
0
  0
LINE
  5
1EA
330
1B
100
AcDbEntity
  8
F.Mask
  6
CONTINUOUS
100
AcDbLine
 10
160.4719209999999805
 20
-121.2448749999999933
 30
0
 11
160.8475589999999897
 21
-121.3588239999999985
 31
0
  0
LINE
  5
1EB
330
1B
100
AcDbEntity
  8
F.Mask
  6
CONTINUOUS
100
AcDbLine
 10
160.8475589999999897
 20
-121.3588239999999985
 30
0
 11
161.2102199999999925
 21
-121.5090429999999913
 31
0
  0
LINE
  5
1EC
330
1B
100
AcDbEntity
  8
F.Mask
  6
CONTINUOUS
100
AcDbLine
 10
161.2102199999999925
 20
-121.5090429999999913
 30
0
 11
161.5564109999999971
 21
-121.6940859999999986
 31
0
  0
LINE
  5
1ED
330
1B
100
AcDbEntity
  8
F.Mask
  6
CONTINUOUS
100
AcDbLine
 10
161.5564109999999971
 20
-121.6940859999999986
 30
0
 11
161.8827969999999823
 21
-121.912169999999989
 31
0
  0
LINE
  5
1EE
330
1B
100
AcDbEntity
  8
F.Mask
  6
CONTINUOUS
100
AcDbLine
 10
161.8827969999999823
 20
-121.912169999999989
 30
0
 11
162.1862359999999796
 21
-122.1611949999999922
 31
0
  0
LINE
  5
1EF
330
1B
100
AcDbEntity
  8
F.Mask
  6
CONTINUOUS
100
AcDbLine
 10
162.1862359999999796
 20
-122.1611949999999922
 30
0
 11
162.4638049999999794
 21
-122.4387639999999919
 31
0
  0
LINE
  5
1F0
330
1B
100
AcDbEntity
  8
F.Mask
  6
CONTINUOUS
100
AcDbLine
 10
162.4638049999999794
 20
-122.4387639999999919
 30
0
 11
162.7128299999999967
 21
-122.7422029999999893
 31
0
  0
LINE
  5
1F1
330
1B
100
AcDbEntity
  8
F.Mask
  6
CONTINUOUS
100
AcDbLine
 10
162.7128299999999967
 20
-122.7422029999999893
 30
0
 11
162.9309140000000014
 21
-123.0685889999999887
 31
0
  0
LINE
  5
1F2
330
1B
100
AcDbEntity
  8
F.Mask
  6
CONTINUOUS
100
AcDbLine
 10
162.9309140000000014
 20
-123.0685889999999887
 30
0
 11
163.1159569999999803
 21
-123.4147799999999933
 31
0
  0
LINE
  5
1F3
330
1B
100
AcDbEntity
  8
F.Mask
  6
CONTINUOUS
100
AcDbLine
 10
163.1159569999999803
 20
-123.4147799999999933
 30
0
 11
163.2661760000000015
 21
-123.7774409999999961
 31
0
  0
LINE
  5
1F4
330
1B
100
AcDbEntity
  8
F.Mask
  6
CONTINUOUS
100
AcDbLine
 10
163.2661760000000015
 20
-123.7774409999999961
 30
0
 11
163.3801249999999925
 21
-124.1530789999999911
 31
0
  0
LINE
  5
1F5
330
1B
100
AcDbEntity
  8
F.Mask
  6
CONTINUOUS
100
AcDbLine
 10
163.3801249999999925
 20
-124.1530789999999911
 30
0
 11
163.4567059999999969
 21
-124.5380779999999987
 31
0
  0
LINE
  5
1F6
330
1B
100
AcDbEntity
  8
F.Mask
  6
CONTINUOUS
100
AcDbLine
 10
163.4567059999999969
 20
-124.5380779999999987
 30
0
 11
163.4951819999999998
 21
-124.9287289999999899
 31
0
  0
LINE
  5
1F7
330
1B
100
AcDbEntity
  8
F.Mask
  6
CONTINUOUS
100
AcDbLine
 10
163.4951819999999998
 20
-124.9287289999999899
 30
0
 11
163.4951819999999998
 21
-125.3212709999999959
 31
0
  0
LINE
  5
1F8
330
1B
100
AcDbEntity
  8
F.Mask
  6
CONTINUOUS
100
AcDbLine
 10
163.4951819999999998
 20
-125.3212709999999959
 30
0
 11
163.4567059999999969
 21
-125.7119220000000013
 31
0
  0
LINE
  5
1F9
330
1B
100
AcDbEntity
  8
F.Mask
  6
CONTINUOUS
100
AcDbLine
 10
163.4567059999999969
 20
-125.7119220000000013
 30
0
 11
163.3801249999999925
 21
-126.0969209999999947
 31
0
  0
LINE
  5
1FA
330
1B
100
AcDbEntity
  8
F.Mask
  6
CONTINUOUS
100
AcDbLine
 10
163.3801249999999925
 20
-126.0969209999999947
 30
0
 11
163.2661760000000015
 21
-126.4725589999999897
 31
0
  0
LINE
  5
1FB
330
1B
100
AcDbEntity
  8
F.Mask
  6
CONTINUOUS
100
AcDbLine
 10
163.2661760000000015
 20
-126.4725589999999897
 30
0
 11
163.1159569999999803
 21
-126.8352199999999925
 31
0
  0
LINE
  5
1FC
330
1B
100
AcDbEntity
  8
F.Mask
  6
CONTINUOUS
100
AcDbLine
 10
163.1159569999999803
 20
-126.8352199999999925
 30
0
 11
162.9309140000000014
 21
-127.1814109999999971
 31
0
  0
LINE
  5
1FD
330
1B
100
AcDbEntity
  8
F.Mask
  6
CONTINUOUS
100
AcDbLine
 10
162.9309140000000014
 20
-127.1814109999999971
 30
0
 11
162.7128299999999967
 21
-127.5077969999999965
 31
0
  0
LINE
  5
1FE
330
1B
100
AcDbEntity
  8
F.Mask
  6
CONTINUOUS
100
AcDbLine
 10
162.7128299999999967
 20
-127.5077969999999965
 30
0
 11
162.4638049999999794
 21
-127.8112359999999939
 31
0
  0
LINE
  5
1FF
330
1B
100
AcDbEntity
  8
F.Mask
  6
CONTINUOUS
100
AcDbLine
 10
162.4638049999999794
 20
-127.8112359999999939
 30
0
 11
162.1862359999999796
 21
-128.0888050000000078
 31
0
  0
LINE
  5
200
330
1B
100
AcDbEntity
  8
F.Mask
  6
CONTINUOUS
100
AcDbLine
 10
162.1862359999999796
 20
-128.0888050000000078
 30
0
 11
161.8827969999999823
 21
-128.3378299999999967
 31
0
  0
LINE
  5
201
330
1B
100
AcDbEntity
  8
F.Mask
  6
CONTINUOUS
100
AcDbLine
 10
161.8827969999999823
 20
-128.3378299999999967
 30
0
 11
161.5564109999999971
 21
-128.5559140000000014
 31
0
  0
LINE
  5
202
330
1B
100
AcDbEntity
  8
F.Mask
  6
CONTINUOUS
100
AcDbLine
 10
161.5564109999999971
 20
-128.5559140000000014
 30
0
 11
161.2102199999999925
 21
-128.7409569999999803
 31
0
  0
LINE
  5
203
330
1B
100
AcDbEntity
  8
F.Mask
  6
CONTINUOUS
100
AcDbLine
 10
161.2102199999999925
 20
-128.7409569999999803
 30
0
 11
160.8475589999999897
 21
-128.8911760000000015
 31
0
  0
LINE
  5
204
330
1B
100
AcDbEntity
  8
F.Mask
  6
CONTINUOUS
100
AcDbLine
 10
160.8475589999999897
 20
-128.8911760000000015
 30
0
 11
160.4719209999999805
 21
-129.0051249999999925
 31
0
  0
LINE
  5
205
330
1B
100
AcDbEntity
  8
F.Mask
  6
CONTINUOUS
100
AcDbLine
 10
160.4719209999999805
 20
-129.0051249999999925
 30
0
 11
160.0869219999999871
 21
-129.0817059999999969
 31
0
  0
LINE
  5
206
330
1B
100
AcDbEntity
  8
F.Mask
  6
CONTINUOUS
100
AcDbLine
 10
160.0869219999999871
 20
-129.0817059999999969
 30
0
 11
159.6962709999999959
 21
-129.1201819999999998
 31
0
  0
LINE
  5
207
330
1B
100
AcDbEntity
  8
F.Mask
  6
CONTINUOUS
100
AcDbLine
 10
159.6962709999999959
 20
-129.1201819999999998
 30
0
 11
159.3037290000000041
 21
-129.1201819999999998
 31
0
  0
LINE
  5
208
330
1B
100
AcDbEntity
  8
F.Mask
  6
CONTINUOUS
100
AcDbLine
 10
159.3037290000000041
 20
-129.1201819999999998
 30
0
 11
158.9130779999999845
 21
-129.0817059999999969
 31
0
  0
LINE
  5
209
330
1B
100
AcDbEntity
  8
F.Mask
  6
CONTINUOUS
100
AcDbLine
 10
158.9130779999999845
 20
-129.0817059999999969
 30
0
 11
158.5280789999999911
 21
-129.0051249999999925
 31
0
  0
LINE
  5
20A
330
1B
100
AcDbEntity
  8
F.Mask
  6
CONTINUOUS
100
AcDbLine
 10
158.5280789999999911
 20
-129.0051249999999925
 30
0
 11
158.1524409999999818
 21
-128.8911760000000015
 31
0
  0
LINE
  5
20B
330
1B
100
AcDbEntity
  8
F.Mask
  6
CONTINUOUS
100
AcDbLine
 10
158.1524409999999818
 20
-128.8911760000000015
 30
0
 11
157.7897799999999791
 21
-128.7409569999999803
 31
0
  0
LINE
  5
20C
330
1B
100
AcDbEntity
  8
F.Mask
  6
CONTINUOUS
100
AcDbLine
 10
157.7897799999999791
 20
-128.7409569999999803
 30
0
 11
157.4435890000000029
 21
-128.5559140000000014
 31
0
  0
LINE
  5
20D
330
1B
100
AcDbEntity
  8
F.Mask
  6
CONTINUOUS
100
AcDbLine
 10
157.4435890000000029
 20
-128.5559140000000014
 30
0
 11
157.1172029999999893
 21
-128.3378299999999967
 31
0
  0
LINE
  5
20E
330
1B
100
AcDbEntity
  8
F.Mask
  6
CONTINUOUS
100
AcDbLine
 10
157.1172029999999893
 20
-128.3378299999999967
 30
0
 11
156.8137639999999919
 21
-128.0888050000000078
 31
0
  0
LINE
  5
20F
330
1B
100
AcDbEntity
  8
F.Mask
  6
CONTINUOUS
100
AcDbLine
 10
156.8137639999999919
 20
-128.0888050000000078
 30
0
 11
156.5361949999999922
 21
-127.8112359999999939
 31
0
  0
LINE
  5
210
330
1B
100
AcDbEntity
  8
F.Mask
  6
CONTINUOUS
100
AcDbLine
 10
156.5361949999999922
 20
-127.8112359999999939
 30
0
 11
156.2871700000000033
 21
-127.5077969999999965
 31
0
  0
LINE
  5
211
330
1B
100
AcDbEntity
  8
F.Mask
  6
CONTINUOUS
100
AcDbLine
 10
156.2871700000000033
 20
-127.5077969999999965
 30
0
 11
156.0690859999999986
 21
-127.1814109999999971
 31
0
  0
LINE
  5
212
330
1B
100
AcDbEntity
  8
F.Mask
  6
CONTINUOUS
100
AcDbLine
 10
156.0690859999999986
 20
-127.1814109999999971
 30
0
 11
155.8840429999999913
 21
-126.8352199999999925
 31
0
  0
LINE
  5
213
330
1B
100
AcDbEntity
  8
F.Mask
  6
CONTINUOUS
100
AcDbLine
 10
155.8840429999999913
 20
-126.8352199999999925
 30
0
 11
155.7338239999999985
 21
-126.4725589999999897
 31
0
  0
LINE
  5
214
330
1B
100
AcDbEntity
  8
F.Mask
  6
CONTINUOUS
100
AcDbLine
 10
155.7338239999999985
 20
-126.4725589999999897
 30
0
 11
155.6198749999999791
 21
-126.0969209999999947
 31
0
  0
LINE
  5
215
330
1B
100
AcDbEntity
  8
F.Mask
  6
CONTINUOUS
100
AcDbLine
 10
155.6198749999999791
 20
-126.0969209999999947
 30
0
 11
155.5432940000000031
 21
-125.7119220000000013
 31
0
  0
LINE
  5
216
330
1B
100
AcDbEntity
  8
F.Mask
  6
CONTINUOUS
100
AcDbLine
 10
155.5432940000000031
 20
-125.7119220000000013
 30
0
 11
155.5048180000000002
 21
-125.3212709999999959
 31
0
  0
LINE
  5
217
330
1B
100
AcDbEntity
  8
F.Mask
  6
CONTINUOUS
100
AcDbLine
 10
155.5048180000000002
 20
-125.3212709999999959
 30
0
 11
155.5048180000000002
 21
-124.9287289999999899
 31
0
  0
LINE
  5
218
330
1B
100
AcDbEntity
  8
F.Mask
  6
CONTINUOUS
100
AcDbLine
 10
155.5048180000000002
 20
-124.9287289999999899
 30
0
 11
155.5432940000000031
 21
-124.5380779999999987
 31
0
  0
LINE
  5
219
330
1B
100
AcDbEntity
  8
F.Mask
  6
CONTINUOUS
100
AcDbLine
 10
155.5432940000000031
 20
-124.5380779999999987
 30
0
 11
155.6198749999999791
 21
-124.1530789999999911
 31
0
  0
LINE
  5
21A
330
1B
100
AcDbEntity
  8
F.Mask
  6
CONTINUOUS
100
AcDbLine
 10
155.6198749999999791
 20
-124.1530789999999911
 30
0
 11
155.7338239999999985
 21
-123.7774409999999961
 31
0
  0
LINE
  5
21B
330
1B
100
AcDbEntity
  8
F.Mask
  6
CONTINUOUS
100
AcDbLine
 10
155.7338239999999985
 20
-123.7774409999999961
 30
0
 11
155.8840429999999913
 21
-123.4147799999999933
 31
0
  0
LINE
  5
21C
330
1B
100
AcDbEntity
  8
F.Mask
  6
CONTINUOUS
100
AcDbLine
 10
155.8840429999999913
 20
-123.4147799999999933
 30
0
 11
156.0690859999999986
 21
-123.0685889999999887
 31
0
  0
LINE
  5
21D
330
1B
100
AcDbEntity
  8
F.Mask
  6
CONTINUOUS
100
AcDbLine
 10
156.0690859999999986
 20
-123.0685889999999887
 30
0
 11
156.2871700000000033
 21
-122.7422029999999893
 31
0
  0
LINE
  5
21E
330
1B
100
AcDbEntity
  8
F.Mask
  6
CONTINUOUS
100
AcDbLine
 10
156.2871700000000033
 20
-122.7422029999999893
 30
0
 11
156.5361949999999922
 21
-122.4387639999999919
 31
0
  0
LINE
  5
21F
330
1B
100
AcDbEntity
  8
F.Mask
  6
CONTINUOUS
100
AcDbLine
 10
156.5361949999999922
 20
-122.4387639999999919
 30
0
 11
156.8137639999999919
 21
-122.1611949999999922
 31
0
  0
LINE
  5
220
330
1B
100
AcDbEntity
  8
F.Mask
  6
CONTINUOUS
100
AcDbLine
 10
156.8137639999999919
 20
-122.1611949999999922
 30
0
 11
157.1172029999999893
 21
-121.912169999999989
 31
0
  0
LINE
  5
221
330
1B
100
AcDbEntity
  8
F.Mask
  6
CONTINUOUS
100
AcDbLine
 10
157.1172029999999893
 20
-121.912169999999989
 30
0
 11
157.4435890000000029
 21
-121.6940859999999986
 31
0
  0
LINE
  5
222
330
1B
100
AcDbEntity
  8
F.Mask
  6
CONTINUOUS
100
AcDbLine
 10
157.4435890000000029
 20
-121.6940859999999986
 30
0
 11
157.7897799999999791
 21
-121.5090429999999913
 31
0
  0
LINE
  5
223
330
1B
100
AcDbEntity
  8
F.Mask
  6
CONTINUOUS
100
AcDbLine
 10
157.7897799999999791
 20
-121.5090429999999913
 30
0
 11
158.1524409999999818
 21
-121.3588239999999985
 31
0
  0
LINE
  5
224
330
1B
100
AcDbEntity
  8
F.Mask
  6
CONTINUOUS
100
AcDbLine
 10
158.1524409999999818
 20
-121.3588239999999985
 30
0
 11
158.5280789999999911
 21
-121.2448749999999933
 31
0
  0
LINE
  5
225
330
1B
100
AcDbEntity
  8
F.Mask
  6
CONTINUOUS
100
AcDbLine
 10
158.5280789999999911
 20
-121.2448749999999933
 30
0
 11
158.9130779999999845
 21
-121.1682939999999888
 31
0
  0
LINE
  5
226
330
1B
100
AcDbEntity
  8
F.Mask
  6
CONTINUOUS
100
AcDbLine
 10
158.9130779999999845
 20
-121.1682939999999888
 30
0
 11
159.3037290000000041
 21
-121.1298180000000002
 31
0
  0
LINE
  5
227
330
1B
100
AcDbEntity
  8
F.Mask
  6
CONTINUOUS
100
AcDbLine
 10
159.3037290000000041
 20
-121.1298180000000002
 30
0
 11
159.6962709999999959
 21
-121.1298180000000002
 31
0
  0
LINE
  5
228
330
1B
100
AcDbEntity
  8
F.Mask
  6
CONTINUOUS
100
AcDbLine
 10
159.6962709999999959
 20
-121.1298180000000002
 30
0
 11
160.0869219999999871
 21
-121.1682939999999888
 31
0
  0
LINE
  5
229
330
1B
100
AcDbEntity
  8
F.Mask
  6
CONTINUOUS
100
AcDbLine
 10
49.7119220000000013
 20
-101.6682939999999888
 30
0
 11
50.0969209999999947
 21
-101.7448749999999933
 31
0
  0
LINE
  5
22A
330
1B
100
AcDbEntity
  8
F.Mask
  6
CONTINUOUS
100
AcDbLine
 10
50.0969209999999947
 20
-101.7448749999999933
 30
0
 11
50.4725589999999968
 21
-101.8588239999999985
 31
0
  0
LINE
  5
22B
330
1B
100
AcDbEntity
  8
F.Mask
  6
CONTINUOUS
100
AcDbLine
 10
50.4725589999999968
 20
-101.8588239999999985
 30
0
 11
50.8352199999999996
 21
-102.0090429999999913
 31
0
  0
LINE
  5
22C
330
1B
100
AcDbEntity
  8
F.Mask
  6
CONTINUOUS
100
AcDbLine
 10
50.8352199999999996
 20
-102.0090429999999913
 30
0
 11
51.1814109999999971
 21
-102.1940859999999986
 31
0
  0
LINE
  5
22D
330
1B
100
AcDbEntity
  8
F.Mask
  6
CONTINUOUS
100
AcDbLine
 10
51.1814109999999971
 20
-102.1940859999999986
 30
0
 11
51.5077969999999965
 21
-102.412169999999989
 31
0
  0
LINE
  5
22E
330
1B
100
AcDbEntity
  8
F.Mask
  6
CONTINUOUS
100
AcDbLine
 10
51.5077969999999965
 20
-102.412169999999989
 30
0
 11
51.811236000000001
 21
-102.6611949999999922
 31
0
  0
LINE
  5
22F
330
1B
100
AcDbEntity
  8
F.Mask
  6
CONTINUOUS
100
AcDbLine
 10
51.811236000000001
 20
-102.6611949999999922
 30
0
 11
52.0888050000000007
 21
-102.9387639999999919
 31
0
  0
LINE
  5
230
330
1B
100
AcDbEntity
  8
F.Mask
  6
CONTINUOUS
100
AcDbLine
 10
52.0888050000000007
 20
-102.9387639999999919
 30
0
 11
52.3378299999999967
 21
-103.2422029999999893
 31
0
  0
LINE
  5
231
330
1B
100
AcDbEntity
  8
F.Mask
  6
CONTINUOUS
100
AcDbLine
 10
52.3378299999999967
 20
-103.2422029999999893
 30
0
 11
52.5559139999999942
 21
-103.5685889999999887
 31
0
  0
LINE
  5
232
330
1B
100
AcDbEntity
  8
F.Mask
  6
CONTINUOUS
100
AcDbLine
 10
52.5559139999999942
 20
-103.5685889999999887
 30
0
 11
52.7409569999999945
 21
-103.9147799999999933
 31
0
  0
LINE
  5
233
330
1B
100
AcDbEntity
  8
F.Mask
  6
CONTINUOUS
100
AcDbLine
 10
52.7409569999999945
 20
-103.9147799999999933
 30
0
 11
52.8911759999999944
 21
-104.2774409999999961
 31
0
  0
LINE
  5
234
330
1B
100
AcDbEntity
  8
F.Mask
  6
CONTINUOUS
100
AcDbLine
 10
52.8911759999999944
 20
-104.2774409999999961
 30
0
 11
53.0051249999999996
 21
-104.6530789999999911
 31
0
  0
LINE
  5
235
330
1B
100
AcDbEntity
  8
F.Mask
  6
CONTINUOUS
100
AcDbLine
 10
53.0051249999999996
 20
-104.6530789999999911
 30
0
 11
53.0817059999999969
 21
-105.0380779999999987
 31
0
  0
LINE
  5
236
330
1B
100
AcDbEntity
  8
F.Mask
  6
CONTINUOUS
100
AcDbLine
 10
53.0817059999999969
 20
-105.0380779999999987
 30
0
 11
53.1201819999999998
 21
-105.4287289999999899
 31
0
  0
LINE
  5
237
330
1B
100
AcDbEntity
  8
F.Mask
  6
CONTINUOUS
100
AcDbLine
 10
53.1201819999999998
 20
-105.4287289999999899
 30
0
 11
53.1201819999999998
 21
-105.8212709999999959
 31
0
  0
LINE
  5
238
330
1B
100
AcDbEntity
  8
F.Mask
  6
CONTINUOUS
100
AcDbLine
 10
53.1201819999999998
 20
-105.8212709999999959
 30
0
 11
53.0817059999999969
 21
-106.2119220000000013
 31
0
  0
LINE
  5
239
330
1B
100
AcDbEntity
  8
F.Mask
  6
CONTINUOUS
100
AcDbLine
 10
53.0817059999999969
 20
-106.2119220000000013
 30
0
 11
53.0051249999999996
 21
-106.5969209999999947
 31
0
  0
LINE
  5
23A
330
1B
100
AcDbEntity
  8
F.Mask
  6
CONTINUOUS
100
AcDbLine
 10
53.0051249999999996
 20
-106.5969209999999947
 30
0
 11
52.8911759999999944
 21
-106.9725589999999897
 31
0
  0
LINE
  5
23B
330
1B
100
AcDbEntity
  8
F.Mask
  6
CONTINUOUS
100
AcDbLine
 10
52.8911759999999944
 20
-106.9725589999999897
 30
0
 11
52.7409569999999945
 21
-107.3352199999999925
 31
0
  0
LINE
  5
23C
330
1B
100
AcDbEntity
  8
F.Mask
  6
CONTINUOUS
100
AcDbLine
 10
52.7409569999999945
 20
-107.3352199999999925
 30
0
 11
52.5559139999999942
 21
-107.6814109999999971
 31
0
  0
LINE
  5
23D
330
1B
100
AcDbEntity
  8
F.Mask
  6
CONTINUOUS
100
AcDbLine
 10
52.5559139999999942
 20
-107.6814109999999971
 30
0
 11
52.3378299999999967
 21
-108.0077969999999965
 31
0
  0
LINE
  5
23E
330
1B
100
AcDbEntity
  8
F.Mask
  6
CONTINUOUS
100
AcDbLine
 10
52.3378299999999967
 20
-108.0077969999999965
 30
0
 11
52.0888050000000007
 21
-108.3112359999999939
 31
0
  0
LINE
  5
23F
330
1B
100
AcDbEntity
  8
F.Mask
  6
CONTINUOUS
100
AcDbLine
 10
52.0888050000000007
 20
-108.3112359999999939
 30
0
 11
51.811236000000001
 21
-108.5888049999999936
 31
0
  0
LINE
  5
240
330
1B
100
AcDbEntity
  8
F.Mask
  6
CONTINUOUS
100
AcDbLine
 10
51.811236000000001
 20
-108.5888049999999936
 30
0
 11
51.5077969999999965
 21
-108.8378299999999967
 31
0
  0
LINE
  5
241
330
1B
100
AcDbEntity
  8
F.Mask
  6
CONTINUOUS
100
AcDbLine
 10
51.5077969999999965
 20
-108.8378299999999967
 30
0
 11
51.1814109999999971
 21
-109.0559140000000014
 31
0
  0
LINE
  5
242
330
1B
100
AcDbEntity
  8
F.Mask
  6
CONTINUOUS
100
AcDbLine
 10
51.1814109999999971
 20
-109.0559140000000014
 30
0
 11
50.8352199999999996
 21
-109.2409569999999945
 31
0
  0
LINE
  5
243
330
1B
100
AcDbEntity
  8
F.Mask
  6
CONTINUOUS
100
AcDbLine
 10
50.8352199999999996
 20
-109.2409569999999945
 30
0
 11
50.4725589999999968
 21
-109.3911760000000015
 31
0
  0
LINE
  5
244
330
1B
100
AcDbEntity
  8
F.Mask
  6
CONTINUOUS
100
AcDbLine
 10
50.4725589999999968
 20
-109.3911760000000015
 30
0
 11
50.0969209999999947
 21
-109.5051249999999925
 31
0
  0
LINE
  5
245
330
1B
100
AcDbEntity
  8
F.Mask
  6
CONTINUOUS
100
AcDbLine
 10
50.0969209999999947
 20
-109.5051249999999925
 30
0
 11
49.7119220000000013
 21
-109.5817059999999969
 31
0
  0
LINE
  5
246
330
1B
100
AcDbEntity
  8
F.Mask
  6
CONTINUOUS
100
AcDbLine
 10
49.7119220000000013
 20
-109.5817059999999969
 30
0
 11
49.3212709999999959
 21
-109.6201819999999998
 31
0
  0
LINE
  5
247
330
1B
100
AcDbEntity
  8
F.Mask
  6
CONTINUOUS
100
AcDbLine
 10
49.3212709999999959
 20
-109.6201819999999998
 30
0
 11
48.928728999999997
 21
-109.6201819999999998
 31
0
  0
LINE
  5
248
330
1B
100
AcDbEntity
  8
F.Mask
  6
CONTINUOUS
100
AcDbLine
 10
48.928728999999997
 20
-109.6201819999999998
 30
0
 11
48.5380779999999987
 21
-109.5817059999999969
 31
0
  0
LINE
  5
249
330
1B
100
AcDbEntity
  8
F.Mask
  6
CONTINUOUS
100
AcDbLine
 10
48.5380779999999987
 20
-109.5817059999999969
 30
0
 11
48.1530789999999982
 21
-109.5051249999999925
 31
0
  0
LINE
  5
24A
330
1B
100
AcDbEntity
  8
F.Mask
  6
CONTINUOUS
100
AcDbLine
 10
48.1530789999999982
 20
-109.5051249999999925
 30
0
 11
47.7774409999999961
 21
-109.3911760000000015
 31
0
  0
LINE
  5
24B
330
1B
100
AcDbEntity
  8
F.Mask
  6
CONTINUOUS
100
AcDbLine
 10
47.7774409999999961
 20
-109.3911760000000015
 30
0
 11
47.4147800000000004
 21
-109.2409569999999945
 31
0
  0
LINE
  5
24C
330
1B
100
AcDbEntity
  8
F.Mask
  6
CONTINUOUS
100
AcDbLine
 10
47.4147800000000004
 20
-109.2409569999999945
 30
0
 11
47.0685889999999958
 21
-109.0559140000000014
 31
0
  0
LINE
  5
24D
330
1B
100
AcDbEntity
  8
F.Mask
  6
CONTINUOUS
100
AcDbLine
 10
47.0685889999999958
 20
-109.0559140000000014
 30
0
 11
46.7422029999999964
 21
-108.8378299999999967
 31
0
  0
LINE
  5
24E
330
1B
100
AcDbEntity
  8
F.Mask
  6
CONTINUOUS
100
AcDbLine
 10
46.7422029999999964
 20
-108.8378299999999967
 30
0
 11
46.438763999999999
 21
-108.5888049999999936
 31
0
  0
LINE
  5
24F
330
1B
100
AcDbEntity
  8
F.Mask
  6
CONTINUOUS
100
AcDbLine
 10
46.438763999999999
 20
-108.5888049999999936
 30
0
 11
46.1611949999999993
 21
-108.3112359999999939
 31
0
  0
LINE
  5
250
330
1B
100
AcDbEntity
  8
F.Mask
  6
CONTINUOUS
100
AcDbLine
 10
46.1611949999999993
 20
-108.3112359999999939
 30
0
 11
45.9121699999999962
 21
-108.0077969999999965
 31
0
  0
LINE
  5
251
330
1B
100
AcDbEntity
  8
F.Mask
  6
CONTINUOUS
100
AcDbLine
 10
45.9121699999999962
 20
-108.0077969999999965
 30
0
 11
45.6940859999999986
 21
-107.6814109999999971
 31
0
  0
LINE
  5
252
330
1B
100
AcDbEntity
  8
F.Mask
  6
CONTINUOUS
100
AcDbLine
 10
45.6940859999999986
 20
-107.6814109999999971
 30
0
 11
45.5090429999999984
 21
-107.3352199999999925
 31
0
  0
LINE
  5
253
330
1B
100
AcDbEntity
  8
F.Mask
  6
CONTINUOUS
100
AcDbLine
 10
45.5090429999999984
 20
-107.3352199999999925
 30
0
 11
45.3588239999999985
 21
-106.9725589999999897
 31
0
  0
LINE
  5
254
330
1B
100
AcDbEntity
  8
F.Mask
  6
CONTINUOUS
100
AcDbLine
 10
45.3588239999999985
 20
-106.9725589999999897
 30
0
 11
45.2448750000000004
 21
-106.5969209999999947
 31
0
  0
LINE
  5
255
330
1B
100
AcDbEntity
  8
F.Mask
  6
CONTINUOUS
100
AcDbLine
 10
45.2448750000000004
 20
-106.5969209999999947
 30
0
 11
45.1682939999999959
 21
-106.2119220000000013
 31
0
  0
LINE
  5
256
330
1B
100
AcDbEntity
  8
F.Mask
  6
CONTINUOUS
100
AcDbLine
 10
45.1682939999999959
 20
-106.2119220000000013
 30
0
 11
45.1298180000000002
 21
-105.8212709999999959
 31
0
  0
LINE
  5
257
330
1B
100
AcDbEntity
  8
F.Mask
  6
CONTINUOUS
100
AcDbLine
 10
45.1298180000000002
 20
-105.8212709999999959
 30
0
 11
45.1298180000000002
 21
-105.4287289999999899
 31
0
  0
LINE
  5
258
330
1B
100
AcDbEntity
  8
F.Mask
  6
CONTINUOUS
100
AcDbLine
 10
45.1298180000000002
 20
-105.4287289999999899
 30
0
 11
45.1682939999999959
 21
-105.0380779999999987
 31
0
  0
LINE
  5
259
330
1B
100
AcDbEntity
  8
F.Mask
  6
CONTINUOUS
100
AcDbLine
 10
45.1682939999999959
 20
-105.0380779999999987
 30
0
 11
45.2448750000000004
 21
-104.6530789999999911
 31
0
  0
LINE
  5
25A
330
1B
100
AcDbEntity
  8
F.Mask
  6
CONTINUOUS
100
AcDbLine
 10
45.2448750000000004
 20
-104.6530789999999911
 30
0
 11
45.3588239999999985
 21
-104.2774409999999961
 31
0
  0
LINE
  5
25B
330
1B
100
AcDbEntity
  8
F.Mask
  6
CONTINUOUS
100
AcDbLine
 10
45.3588239999999985
 20
-104.2774409999999961
 30
0
 11
45.5090429999999984
 21
-103.9147799999999933
 31
0
  0
LINE
  5
25C
330
1B
100
AcDbEntity
  8
F.Mask
  6
CONTINUOUS
100
AcDbLine
 10
45.5090429999999984
 20
-103.9147799999999933
 30
0
 11
45.6940859999999986
 21
-103.5685889999999887
 31
0
  0
LINE
  5
25D
330
1B
100
AcDbEntity
  8
F.Mask
  6
CONTINUOUS
100
AcDbLine
 10
45.6940859999999986
 20
-103.5685889999999887
 30
0
 11
45.9121699999999962
 21
-103.2422029999999893
 31
0
  0
LINE
  5
25E
330
1B
100
AcDbEntity
  8
F.Mask
  6
CONTINUOUS
100
AcDbLine
 10
45.9121699999999962
 20
-103.2422029999999893
 30
0
 11
46.1611949999999993
 21
-102.9387639999999919
 31
0
  0
LINE
  5
25F
330
1B
100
AcDbEntity
  8
F.Mask
  6
CONTINUOUS
100
AcDbLine
 10
46.1611949999999993
 20
-102.9387639999999919
 30
0
 11
46.438763999999999
 21
-102.6611949999999922
 31
0
  0
LINE
  5
260
330
1B
100
AcDbEntity
  8
F.Mask
  6
CONTINUOUS
100
AcDbLine
 10
46.438763999999999
 20
-102.6611949999999922
 30
0
 11
46.7422029999999964
 21
-102.412169999999989
 31
0
  0
LINE
  5
261
330
1B
100
AcDbEntity
  8
F.Mask
  6
CONTINUOUS
100
AcDbLine
 10
46.7422029999999964
 20
-102.412169999999989
 30
0
 11
47.0685889999999958
 21
-102.1940859999999986
 31
0
  0
LINE
  5
262
330
1B
100
AcDbEntity
  8
F.Mask
  6
CONTINUOUS
100
AcDbLine
 10
47.0685889999999958
 20
-102.1940859999999986
 30
0
 11
47.4147800000000004
 21
-102.0090429999999913
 31
0
  0
LINE
  5
263
330
1B
100
AcDbEntity
  8
F.Mask
  6
CONTINUOUS
100
AcDbLine
 10
47.4147800000000004
 20
-102.0090429999999913
 30
0
 11
47.7774409999999961
 21
-101.8588239999999985
 31
0
  0
LINE
  5
264
330
1B
100
AcDbEntity
  8
F.Mask
  6
CONTINUOUS
100
AcDbLine
 10
47.7774409999999961
 20
-101.8588239999999985
 30
0
 11
48.1530789999999982
 21
-101.7448749999999933
 31
0
  0
LINE
  5
265
330
1B
100
AcDbEntity
  8
F.Mask
  6
CONTINUOUS
100
AcDbLine
 10
48.1530789999999982
 20
-101.7448749999999933
 30
0
 11
48.5380779999999987
 21
-101.6682939999999888
 31
0
  0
LINE
  5
266
330
1B
100
AcDbEntity
  8
F.Mask
  6
CONTINUOUS
100
AcDbLine
 10
48.5380779999999987
 20
-101.6682939999999888
 30
0
 11
48.928728999999997
 21
-101.6298180000000002
 31
0
  0
LINE
  5
267
330
1B
100
AcDbEntity
  8
F.Mask
  6
CONTINUOUS
100
AcDbLine
 10
48.928728999999997
 20
-101.6298180000000002
 30
0
 11
49.3212709999999959
 21
-101.6298180000000002
 31
0
  0
LINE
  5
268
330
1B
100
AcDbEntity
  8
F.Mask
  6
CONTINUOUS
100
AcDbLine
 10
49.3212709999999959
 20
-101.6298180000000002
 30
0
 11
49.7119220000000013
 21
-101.6682939999999888
 31
0
  0
LINE
  5
269
330
1B
100
AcDbEntity
  8
F.Mask
  6
CONTINUOUS
100
AcDbLine
 10
76.7119220000000013
 20
-101.6682939999999888
 30
0
 11
77.0969209999999947
 21
-101.7448749999999933
 31
0
  0
LINE
  5
26A
330
1B
100
AcDbEntity
  8
F.Mask
  6
CONTINUOUS
100
AcDbLine
 10
77.0969209999999947
 20
-101.7448749999999933
 30
0
 11
77.4725589999999897
 21
-101.8588239999999985
 31
0
  0
LINE
  5
26B
330
1B
100
AcDbEntity
  8
F.Mask
  6
CONTINUOUS
100
AcDbLine
 10
77.4725589999999897
 20
-101.8588239999999985
 30
0
 11
77.8352199999999925
 21
-102.0090429999999913
 31
0
  0
LINE
  5
26C
330
1B
100
AcDbEntity
  8
F.Mask
  6
CONTINUOUS
100
AcDbLine
 10
77.8352199999999925
 20
-102.0090429999999913
 30
0
 11
78.1814109999999971
 21
-102.1940859999999986
 31
0
  0
LINE
  5
26D
330
1B
100
AcDbEntity
  8
F.Mask
  6
CONTINUOUS
100
AcDbLine
 10
78.1814109999999971
 20
-102.1940859999999986
 30
0
 11
78.5077969999999965
 21
-102.412169999999989
 31
0
  0
LINE
  5
26E
330
1B
100
AcDbEntity
  8
F.Mask
  6
CONTINUOUS
100
AcDbLine
 10
78.5077969999999965
 20
-102.412169999999989
 30
0
 11
78.8112359999999939
 21
-102.6611949999999922
 31
0
  0
LINE
  5
26F
330
1B
100
AcDbEntity
  8
F.Mask
  6
CONTINUOUS
100
AcDbLine
 10
78.8112359999999939
 20
-102.6611949999999922
 30
0
 11
79.0888049999999936
 21
-102.9387639999999919
 31
0
  0
LINE
  5
270
330
1B
100
AcDbEntity
  8
F.Mask
  6
CONTINUOUS
100
AcDbLine
 10
79.0888049999999936
 20
-102.9387639999999919
 30
0
 11
79.3378299999999967
 21
-103.2422029999999893
 31
0
  0
LINE
  5
271
330
1B
100
AcDbEntity
  8
F.Mask
  6
CONTINUOUS
100
AcDbLine
 10
79.3378299999999967
 20
-103.2422029999999893
 30
0
 11
79.5559140000000014
 21
-103.5685889999999887
 31
0
  0
LINE
  5
272
330
1B
100
AcDbEntity
  8
F.Mask
  6
CONTINUOUS
100
AcDbLine
 10
79.5559140000000014
 20
-103.5685889999999887
 30
0
 11
79.7409569999999945
 21
-103.9147799999999933
 31
0
  0
LINE
  5
273
330
1B
100
AcDbEntity
  8
F.Mask
  6
CONTINUOUS
100
AcDbLine
 10
79.7409569999999945
 20
-103.9147799999999933
 30
0
 11
79.8911760000000015
 21
-104.2774409999999961
 31
0
  0
LINE
  5
274
330
1B
100
AcDbEntity
  8
F.Mask
  6
CONTINUOUS
100
AcDbLine
 10
79.8911760000000015
 20
-104.2774409999999961
 30
0
 11
80.0051249999999925
 21
-104.6530789999999911
 31
0
  0
LINE
  5
275
330
1B
100
AcDbEntity
  8
F.Mask
  6
CONTINUOUS
100
AcDbLine
 10
80.0051249999999925
 20
-104.6530789999999911
 30
0
 11
80.0817059999999969
 21
-105.0380779999999987
 31
0
  0
LINE
  5
276
330
1B
100
AcDbEntity
  8
F.Mask
  6
CONTINUOUS
100
AcDbLine
 10
80.0817059999999969
 20
-105.0380779999999987
 30
0
 11
80.1201819999999998
 21
-105.4287289999999899
 31
0
  0
LINE
  5
277
330
1B
100
AcDbEntity
  8
F.Mask
  6
CONTINUOUS
100
AcDbLine
 10
80.1201819999999998
 20
-105.4287289999999899
 30
0
 11
80.1201819999999998
 21
-105.8212709999999959
 31
0
  0
LINE
  5
278
330
1B
100
AcDbEntity
  8
F.Mask
  6
CONTINUOUS
100
AcDbLine
 10
80.1201819999999998
 20
-105.8212709999999959
 30
0
 11
80.0817059999999969
 21
-106.2119220000000013
 31
0
  0
LINE
  5
279
330
1B
100
AcDbEntity
  8
F.Mask
  6
CONTINUOUS
100
AcDbLine
 10
80.0817059999999969
 20
-106.2119220000000013
 30
0
 11
80.0051249999999925
 21
-106.5969209999999947
 31
0
  0
LINE
  5
27A
330
1B
100
AcDbEntity
  8
F.Mask
  6
CONTINUOUS
100
AcDbLine
 10
80.0051249999999925
 20
-106.5969209999999947
 30
0
 11
79.8911760000000015
 21
-106.9725589999999897
 31
0
  0
LINE
  5
27B
330
1B
100
AcDbEntity
  8
F.Mask
  6
CONTINUOUS
100
AcDbLine
 10
79.8911760000000015
 20
-106.9725589999999897
 30
0
 11
79.7409569999999945
 21
-107.3352199999999925
 31
0
  0
LINE
  5
27C
330
1B
100
AcDbEntity
  8
F.Mask
  6
CONTINUOUS
100
AcDbLine
 10
79.7409569999999945
 20
-107.3352199999999925
 30
0
 11
79.5559140000000014
 21
-107.6814109999999971
 31
0
  0
LINE
  5
27D
330
1B
100
AcDbEntity
  8
F.Mask
  6
CONTINUOUS
100
AcDbLine
 10
79.5559140000000014
 20
-107.6814109999999971
 30
0
 11
79.3378299999999967
 21
-108.0077969999999965
 31
0
  0
LINE
  5
27E
330
1B
100
AcDbEntity
  8
F.Mask
  6
CONTINUOUS
100
AcDbLine
 10
79.3378299999999967
 20
-108.0077969999999965
 30
0
 11
79.0888049999999936
 21
-108.3112359999999939
 31
0
  0
LINE
  5
27F
330
1B
100
AcDbEntity
  8
F.Mask
  6
CONTINUOUS
100
AcDbLine
 10
79.0888049999999936
 20
-108.3112359999999939
 30
0
 11
78.8112359999999939
 21
-108.5888049999999936
 31
0
  0
LINE
  5
280
330
1B
100
AcDbEntity
  8
F.Mask
  6
CONTINUOUS
100
AcDbLine
 10
78.8112359999999939
 20
-108.5888049999999936
 30
0
 11
78.5077969999999965
 21
-108.8378299999999967
 31
0
  0
LINE
  5
281
330
1B
100
AcDbEntity
  8
F.Mask
  6
CONTINUOUS
100
AcDbLine
 10
78.5077969999999965
 20
-108.8378299999999967
 30
0
 11
78.1814109999999971
 21
-109.0559140000000014
 31
0
  0
LINE
  5
282
330
1B
100
AcDbEntity
  8
F.Mask
  6
CONTINUOUS
100
AcDbLine
 10
78.1814109999999971
 20
-109.0559140000000014
 30
0
 11
77.8352199999999925
 21
-109.2409569999999945
 31
0
  0
LINE
  5
283
330
1B
100
AcDbEntity
  8
F.Mask
  6
CONTINUOUS
100
AcDbLine
 10
77.8352199999999925
 20
-109.2409569999999945
 30
0
 11
77.4725589999999897
 21
-109.3911760000000015
 31
0
  0
LINE
  5
284
330
1B
100
AcDbEntity
  8
F.Mask
  6
CONTINUOUS
100
AcDbLine
 10
77.4725589999999897
 20
-109.3911760000000015
 30
0
 11
77.0969209999999947
 21
-109.5051249999999925
 31
0
  0
LINE
  5
285
330
1B
100
AcDbEntity
  8
F.Mask
  6
CONTINUOUS
100
AcDbLine
 10
77.0969209999999947
 20
-109.5051249999999925
 30
0
 11
76.7119220000000013
 21
-109.5817059999999969
 31
0
  0
LINE
  5
286
330
1B
100
AcDbEntity
  8
F.Mask
  6
CONTINUOUS
100
AcDbLine
 10
76.7119220000000013
 20
-109.5817059999999969
 30
0
 11
76.3212709999999959
 21
-109.6201819999999998
 31
0
  0
LINE
  5
287
330
1B
100
AcDbEntity
  8
F.Mask
  6
CONTINUOUS
100
AcDbLine
 10
76.3212709999999959
 20
-109.6201819999999998
 30
0
 11
75.9287289999999899
 21
-109.6201819999999998
 31
0
  0
LINE
  5
288
330
1B
100
AcDbEntity
  8
F.Mask
  6
CONTINUOUS
100
AcDbLine
 10
75.9287289999999899
 20
-109.6201819999999998
 30
0
 11
75.5380779999999987
 21
-109.5817059999999969
 31
0
  0
LINE
  5
289
330
1B
100
AcDbEntity
  8
F.Mask
  6
CONTINUOUS
100
AcDbLine
 10
75.5380779999999987
 20
-109.5817059999999969
 30
0
 11
75.1530789999999911
 21
-109.5051249999999925
 31
0
  0
LINE
  5
28A
330
1B
100
AcDbEntity
  8
F.Mask
  6
CONTINUOUS
100
AcDbLine
 10
75.1530789999999911
 20
-109.5051249999999925
 30
0
 11
74.7774409999999961
 21
-109.3911760000000015
 31
0
  0
LINE
  5
28B
330
1B
100
AcDbEntity
  8
F.Mask
  6
CONTINUOUS
100
AcDbLine
 10
74.7774409999999961
 20
-109.3911760000000015
 30
0
 11
74.4147799999999933
 21
-109.2409569999999945
 31
0
  0
LINE
  5
28C
330
1B
100
AcDbEntity
  8
F.Mask
  6
CONTINUOUS
100
AcDbLine
 10
74.4147799999999933
 20
-109.2409569999999945
 30
0
 11
74.0685890000000029
 21
-109.0559140000000014
 31
0
  0
LINE
  5
28D
330
1B
100
AcDbEntity
  8
F.Mask
  6
CONTINUOUS
100
AcDbLine
 10
74.0685890000000029
 20
-109.0559140000000014
 30
0
 11
73.7422030000000035
 21
-108.8378299999999967
 31
0
  0
LINE
  5
28E
330
1B
100
AcDbEntity
  8
F.Mask
  6
CONTINUOUS
100
AcDbLine
 10
73.7422030000000035
 20
-108.8378299999999967
 30
0
 11
73.4387639999999919
 21
-108.5888049999999936
 31
0
  0
LINE
  5
28F
330
1B
100
AcDbEntity
  8
F.Mask
  6
CONTINUOUS
100
AcDbLine
 10
73.4387639999999919
 20
-108.5888049999999936
 30
0
 11
73.1611949999999922
 21
-108.3112359999999939
 31
0
  0
LINE
  5
290
330
1B
100
AcDbEntity
  8
F.Mask
  6
CONTINUOUS
100
AcDbLine
 10
73.1611949999999922
 20
-108.3112359999999939
 30
0
 11
72.9121700000000033
 21
-108.0077969999999965
 31
0
  0
LINE
  5
291
330
1B
100
AcDbEntity
  8
F.Mask
  6
CONTINUOUS
100
AcDbLine
 10
72.9121700000000033
 20
-108.0077969999999965
 30
0
 11
72.6940859999999986
 21
-107.6814109999999971
 31
0
  0
LINE
  5
292
330
1B
100
AcDbEntity
  8
F.Mask
  6
CONTINUOUS
100
AcDbLine
 10
72.6940859999999986
 20
-107.6814109999999971
 30
0
 11
72.5090429999999913
 21
-107.3352199999999925
 31
0
  0
LINE
  5
293
330
1B
100
AcDbEntity
  8
F.Mask
  6
CONTINUOUS
100
AcDbLine
 10
72.5090429999999913
 20
-107.3352199999999925
 30
0
 11
72.3588239999999985
 21
-106.9725589999999897
 31
0
  0
LINE
  5
294
330
1B
100
AcDbEntity
  8
F.Mask
  6
CONTINUOUS
100
AcDbLine
 10
72.3588239999999985
 20
-106.9725589999999897
 30
0
 11
72.2448749999999933
 21
-106.5969209999999947
 31
0
  0
LINE
  5
295
330
1B
100
AcDbEntity
  8
F.Mask
  6
CONTINUOUS
100
AcDbLine
 10
72.2448749999999933
 20
-106.5969209999999947
 30
0
 11
72.1682940000000031
 21
-106.2119220000000013
 31
0
  0
LINE
  5
296
330
1B
100
AcDbEntity
  8
F.Mask
  6
CONTINUOUS
100
AcDbLine
 10
72.1682940000000031
 20
-106.2119220000000013
 30
0
 11
72.1298180000000002
 21
-105.8212709999999959
 31
0
  0
LINE
  5
297
330
1B
100
AcDbEntity
  8
F.Mask
  6
CONTINUOUS
100
AcDbLine
 10
72.1298180000000002
 20
-105.8212709999999959
 30
0
 11
72.1298180000000002
 21
-105.4287289999999899
 31
0
  0
LINE
  5
298
330
1B
100
AcDbEntity
  8
F.Mask
  6
CONTINUOUS
100
AcDbLine
 10
72.1298180000000002
 20
-105.4287289999999899
 30
0
 11
72.1682940000000031
 21
-105.0380779999999987
 31
0
  0
LINE
  5
299
330
1B
100
AcDbEntity
  8
F.Mask
  6
CONTINUOUS
100
AcDbLine
 10
72.1682940000000031
 20
-105.0380779999999987
 30
0
 11
72.2448749999999933
 21
-104.6530789999999911
 31
0
  0
LINE
  5
29A
330
1B
100
AcDbEntity
  8
F.Mask
  6
CONTINUOUS
100
AcDbLine
 10
72.2448749999999933
 20
-104.6530789999999911
 30
0
 11
72.3588239999999985
 21
-104.2774409999999961
 31
0
  0
LINE
  5
29B
330
1B
100
AcDbEntity
  8
F.Mask
  6
CONTINUOUS
100
AcDbLine
 10
72.3588239999999985
 20
-104.2774409999999961
 30
0
 11
72.5090429999999913
 21
-103.9147799999999933
 31
0
  0
LINE
  5
29C
330
1B
100
AcDbEntity
  8
F.Mask
  6
CONTINUOUS
100
AcDbLine
 10
72.5090429999999913
 20
-103.9147799999999933
 30
0
 11
72.6940859999999986
 21
-103.5685889999999887
 31
0
  0
LINE
  5
29D
330
1B
100
AcDbEntity
  8
F.Mask
  6
CONTINUOUS
100
AcDbLine
 10
72.6940859999999986
 20
-103.5685889999999887
 30
0
 11
72.9121700000000033
 21
-103.2422029999999893
 31
0
  0
LINE
  5
29E
330
1B
100
AcDbEntity
  8
F.Mask
  6
CONTINUOUS
100
AcDbLine
 10
72.9121700000000033
 20
-103.2422029999999893
 30
0
 11
73.1611949999999922
 21
-102.9387639999999919
 31
0
  0
LINE
  5
29F
330
1B
100
AcDbEntity
  8
F.Mask
  6
CONTINUOUS
100
AcDbLine
 10
73.1611949999999922
 20
-102.9387639999999919
 30
0
 11
73.4387639999999919
 21
-102.6611949999999922
 31
0
  0
LINE
  5
2A0
330
1B
100
AcDbEntity
  8
F.Mask
  6
CONTINUOUS
100
AcDbLine
 10
73.4387639999999919
 20
-102.6611949999999922
 30
0
 11
73.7422030000000035
 21
-102.412169999999989
 31
0
  0
LINE
  5
2A1
330
1B
100
AcDbEntity
  8
F.Mask
  6
CONTINUOUS
100
AcDbLine
 10
73.7422030000000035
 20
-102.412169999999989
 30
0
 11
74.0685890000000029
 21
-102.1940859999999986
 31
0
  0
LINE
  5
2A2
330
1B
100
AcDbEntity
  8
F.Mask
  6
CONTINUOUS
100
AcDbLine
 10
74.0685890000000029
 20
-102.1940859999999986
 30
0
 11
74.4147799999999933
 21
-102.0090429999999913
 31
0
  0
LINE
  5
2A3
330
1B
100
AcDbEntity
  8
F.Mask
  6
CONTINUOUS
100
AcDbLine
 10
74.4147799999999933
 20
-102.0090429999999913
 30
0
 11
74.7774409999999961
 21
-101.8588239999999985
 31
0
  0
LINE
  5
2A4
330
1B
100
AcDbEntity
  8
F.Mask
  6
CONTINUOUS
100
AcDbLine
 10
74.7774409999999961
 20
-101.8588239999999985
 30
0
 11
75.1530789999999911
 21
-101.7448749999999933
 31
0
  0
LINE
  5
2A5
330
1B
100
AcDbEntity
  8
F.Mask
  6
CONTINUOUS
100
AcDbLine
 10
75.1530789999999911
 20
-101.7448749999999933
 30
0
 11
75.5380779999999987
 21
-101.6682939999999888
 31
0
  0
LINE
  5
2A6
330
1B
100
AcDbEntity
  8
F.Mask
  6
CONTINUOUS
100
AcDbLine
 10
75.5380779999999987
 20
-101.6682939999999888
 30
0
 11
75.9287289999999899
 21
-101.6298180000000002
 31
0
  0
LINE
  5
2A7
330
1B
100
AcDbEntity
  8
F.Mask
  6
CONTINUOUS
100
AcDbLine
 10
75.9287289999999899
 20
-101.6298180000000002
 30
0
 11
76.3212709999999959
 21
-101.6298180000000002
 31
0
  0
LINE
  5
2A8
330
1B
100
AcDbEntity
  8
F.Mask
  6
CONTINUOUS
100
AcDbLine
 10
76.3212709999999959
 20
-101.6298180000000002
 30
0
 11
76.7119220000000013
 21
-101.6682939999999888
 31
0
  0
LINE
  5
2A9
330
1B
100
AcDbEntity
  8
F.Mask
  6
CONTINUOUS
100
AcDbLine
 10
103.7119220000000013
 20
-101.6682939999999888
 30
0
 11
104.0969209999999947
 21
-101.7448749999999933
 31
0
  0
LINE
  5
2AA
330
1B
100
AcDbEntity
  8
F.Mask
  6
CONTINUOUS
100
AcDbLine
 10
104.0969209999999947
 20
-101.7448749999999933
 30
0
 11
104.4725589999999897
 21
-101.8588239999999985
 31
0
  0
LINE
  5
2AB
330
1B
100
AcDbEntity
  8
F.Mask
  6
CONTINUOUS
100
AcDbLine
 10
104.4725589999999897
 20
-101.8588239999999985
 30
0
 11
104.8352199999999925
 21
-102.0090429999999913
 31
0
  0
LINE
  5
2AC
330
1B
100
AcDbEntity
  8
F.Mask
  6
CONTINUOUS
100
AcDbLine
 10
104.8352199999999925
 20
-102.0090429999999913
 30
0
 11
105.1814109999999971
 21
-102.1940859999999986
 31
0
  0
LINE
  5
2AD
330
1B
100
AcDbEntity
  8
F.Mask
  6
CONTINUOUS
100
AcDbLine
 10
105.1814109999999971
 20
-102.1940859999999986
 30
0
 11
105.5077969999999965
 21
-102.412169999999989
 31
0
  0
LINE
  5
2AE
330
1B
100
AcDbEntity
  8
F.Mask
  6
CONTINUOUS
100
AcDbLine
 10
105.5077969999999965
 20
-102.412169999999989
 30
0
 11
105.8112359999999939
 21
-102.6611949999999922
 31
0
  0
LINE
  5
2AF
330
1B
100
AcDbEntity
  8
F.Mask
  6
CONTINUOUS
100
AcDbLine
 10
105.8112359999999939
 20
-102.6611949999999922
 30
0
 11
106.0888049999999936
 21
-102.9387639999999919
 31
0
  0
LINE
  5
2B0
330
1B
100
AcDbEntity
  8
F.Mask
  6
CONTINUOUS
100
AcDbLine
 10
106.0888049999999936
 20
-102.9387639999999919
 30
0
 11
106.3378299999999967
 21
-103.2422029999999893
 31
0
  0
LINE
  5
2B1
330
1B
100
AcDbEntity
  8
F.Mask
  6
CONTINUOUS
100
AcDbLine
 10
106.3378299999999967
 20
-103.2422029999999893
 30
0
 11
106.5559140000000014
 21
-103.5685889999999887
 31
0
  0
LINE
  5
2B2
330
1B
100
AcDbEntity
  8
F.Mask
  6
CONTINUOUS
100
AcDbLine
 10
106.5559140000000014
 20
-103.5685889999999887
 30
0
 11
106.7409569999999945
 21
-103.9147799999999933
 31
0
  0
LINE
  5
2B3
330
1B
100
AcDbEntity
  8
F.Mask
  6
CONTINUOUS
100
AcDbLine
 10
106.7409569999999945
 20
-103.9147799999999933
 30
0
 11
106.8911760000000015
 21
-104.2774409999999961
 31
0
  0
LINE
  5
2B4
330
1B
100
AcDbEntity
  8
F.Mask
  6
CONTINUOUS
100
AcDbLine
 10
106.8911760000000015
 20
-104.2774409999999961
 30
0
 11
107.0051249999999925
 21
-104.6530789999999911
 31
0
  0
LINE
  5
2B5
330
1B
100
AcDbEntity
  8
F.Mask
  6
CONTINUOUS
100
AcDbLine
 10
107.0051249999999925
 20
-104.6530789999999911
 30
0
 11
107.0817059999999969
 21
-105.0380779999999987
 31
0
  0
LINE
  5
2B6
330
1B
100
AcDbEntity
  8
F.Mask
  6
CONTINUOUS
100
AcDbLine
 10
107.0817059999999969
 20
-105.0380779999999987
 30
0
 11
107.1201819999999998
 21
-105.4287289999999899
 31
0
  0
LINE
  5
2B7
330
1B
100
AcDbEntity
  8
F.Mask
  6
CONTINUOUS
100
AcDbLine
 10
107.1201819999999998
 20
-105.4287289999999899
 30
0
 11
107.1201819999999998
 21
-105.8212709999999959
 31
0
  0
LINE
  5
2B8
330
1B
100
AcDbEntity
  8
F.Mask
  6
CONTINUOUS
100
AcDbLine
 10
107.1201819999999998
 20
-105.8212709999999959
 30
0
 11
107.0817059999999969
 21
-106.2119220000000013
 31
0
  0
LINE
  5
2B9
330
1B
100
AcDbEntity
  8
F.Mask
  6
CONTINUOUS
100
AcDbLine
 10
107.0817059999999969
 20
-106.2119220000000013
 30
0
 11
107.0051249999999925
 21
-106.5969209999999947
 31
0
  0
LINE
  5
2BA
330
1B
100
AcDbEntity
  8
F.Mask
  6
CONTINUOUS
100
AcDbLine
 10
107.0051249999999925
 20
-106.5969209999999947
 30
0
 11
106.8911760000000015
 21
-106.9725589999999897
 31
0
  0
LINE
  5
2BB
330
1B
100
AcDbEntity
  8
F.Mask
  6
CONTINUOUS
100
AcDbLine
 10
106.8911760000000015
 20
-106.9725589999999897
 30
0
 11
106.7409569999999945
 21
-107.3352199999999925
 31
0
  0
LINE
  5
2BC
330
1B
100
AcDbEntity
  8
F.Mask
  6
CONTINUOUS
100
AcDbLine
 10
106.7409569999999945
 20
-107.3352199999999925
 30
0
 11
106.5559140000000014
 21
-107.6814109999999971
 31
0
  0
LINE
  5
2BD
330
1B
100
AcDbEntity
  8
F.Mask
  6
CONTINUOUS
100
AcDbLine
 10
106.5559140000000014
 20
-107.6814109999999971
 30
0
 11
106.3378299999999967
 21
-108.0077969999999965
 31
0
  0
LINE
  5
2BE
330
1B
100
AcDbEntity
  8
F.Mask
  6
CONTINUOUS
100
AcDbLine
 10
106.3378299999999967
 20
-108.0077969999999965
 30
0
 11
106.0888049999999936
 21
-108.3112359999999939
 31
0
  0
LINE
  5
2BF
330
1B
100
AcDbEntity
  8
F.Mask
  6
CONTINUOUS
100
AcDbLine
 10
106.0888049999999936
 20
-108.3112359999999939
 30
0
 11
105.8112359999999939
 21
-108.5888049999999936
 31
0
  0
LINE
  5
2C0
330
1B
100
AcDbEntity
  8
F.Mask
  6
CONTINUOUS
100
AcDbLine
 10
105.8112359999999939
 20
-108.5888049999999936
 30
0
 11
105.5077969999999965
 21
-108.8378299999999967
 31
0
  0
LINE
  5
2C1
330
1B
100
AcDbEntity
  8
F.Mask
  6
CONTINUOUS
100
AcDbLine
 10
105.5077969999999965
 20
-108.8378299999999967
 30
0
 11
105.1814109999999971
 21
-109.0559140000000014
 31
0
  0
LINE
  5
2C2
330
1B
100
AcDbEntity
  8
F.Mask
  6
CONTINUOUS
100
AcDbLine
 10
105.1814109999999971
 20
-109.0559140000000014
 30
0
 11
104.8352199999999925
 21
-109.2409569999999945
 31
0
  0
LINE
  5
2C3
330
1B
100
AcDbEntity
  8
F.Mask
  6
CONTINUOUS
100
AcDbLine
 10
104.8352199999999925
 20
-109.2409569999999945
 30
0
 11
104.4725589999999897
 21
-109.3911760000000015
 31
0
  0
LINE
  5
2C4
330
1B
100
AcDbEntity
  8
F.Mask
  6
CONTINUOUS
100
AcDbLine
 10
104.4725589999999897
 20
-109.3911760000000015
 30
0
 11
104.0969209999999947
 21
-109.5051249999999925
 31
0
  0
LINE
  5
2C5
330
1B
100
AcDbEntity
  8
F.Mask
  6
CONTINUOUS
100
AcDbLine
 10
104.0969209999999947
 20
-109.5051249999999925
 30
0
 11
103.7119220000000013
 21
-109.5817059999999969
 31
0
  0
LINE
  5
2C6
330
1B
100
AcDbEntity
  8
F.Mask
  6
CONTINUOUS
100
AcDbLine
 10
103.7119220000000013
 20
-109.5817059999999969
 30
0
 11
103.3212709999999959
 21
-109.6201819999999998
 31
0
  0
LINE
  5
2C7
330
1B
100
AcDbEntity
  8
F.Mask
  6
CONTINUOUS
100
AcDbLine
 10
103.3212709999999959
 20
-109.6201819999999998
 30
0
 11
102.9287289999999899
 21
-109.6201819999999998
 31
0
  0
LINE
  5
2C8
330
1B
100
AcDbEntity
  8
F.Mask
  6
CONTINUOUS
100
AcDbLine
 10
102.9287289999999899
 20
-109.6201819999999998
 30
0
 11
102.5380779999999987
 21
-109.5817059999999969
 31
0
  0
LINE
  5
2C9
330
1B
100
AcDbEntity
  8
F.Mask
  6
CONTINUOUS
100
AcDbLine
 10
102.5380779999999987
 20
-109.5817059999999969
 30
0
 11
102.1530789999999911
 21
-109.5051249999999925
 31
0
  0
LINE
  5
2CA
330
1B
100
AcDbEntity
  8
F.Mask
  6
CONTINUOUS
100
AcDbLine
 10
102.1530789999999911
 20
-109.5051249999999925
 30
0
 11
101.7774409999999961
 21
-109.3911760000000015
 31
0
  0
LINE
  5
2CB
330
1B
100
AcDbEntity
  8
F.Mask
  6
CONTINUOUS
100
AcDbLine
 10
101.7774409999999961
 20
-109.3911760000000015
 30
0
 11
101.4147799999999933
 21
-109.2409569999999945
 31
0
  0
LINE
  5
2CC
330
1B
100
AcDbEntity
  8
F.Mask
  6
CONTINUOUS
100
AcDbLine
 10
101.4147799999999933
 20
-109.2409569999999945
 30
0
 11
101.0685889999999887
 21
-109.0559140000000014
 31
0
  0
LINE
  5
2CD
330
1B
100
AcDbEntity
  8
F.Mask
  6
CONTINUOUS
100
AcDbLine
 10
101.0685889999999887
 20
-109.0559140000000014
 30
0
 11
100.7422029999999893
 21
-108.8378299999999967
 31
0
  0
LINE
  5
2CE
330
1B
100
AcDbEntity
  8
F.Mask
  6
CONTINUOUS
100
AcDbLine
 10
100.7422029999999893
 20
-108.8378299999999967
 30
0
 11
100.4387639999999919
 21
-108.5888049999999936
 31
0
  0
LINE
  5
2CF
330
1B
100
AcDbEntity
  8
F.Mask
  6
CONTINUOUS
100
AcDbLine
 10
100.4387639999999919
 20
-108.5888049999999936
 30
0
 11
100.1611949999999922
 21
-108.3112359999999939
 31
0
  0
LINE
  5
2D0
330
1B
100
AcDbEntity
  8
F.Mask
  6
CONTINUOUS
100
AcDbLine
 10
100.1611949999999922
 20
-108.3112359999999939
 30
0
 11
99.912169999999989
 21
-108.0077969999999965
 31
0
  0
LINE
  5
2D1
330
1B
100
AcDbEntity
  8
F.Mask
  6
CONTINUOUS
100
AcDbLine
 10
99.912169999999989
 20
-108.0077969999999965
 30
0
 11
99.6940859999999986
 21
-107.6814109999999971
 31
0
  0
LINE
  5
2D2
330
1B
100
AcDbEntity
  8
F.Mask
  6
CONTINUOUS
100
AcDbLine
 10
99.6940859999999986
 20
-107.6814109999999971
 30
0
 11
99.5090429999999913
 21
-107.3352199999999925
 31
0
  0
LINE
  5
2D3
330
1B
100
AcDbEntity
  8
F.Mask
  6
CONTINUOUS
100
AcDbLine
 10
99.5090429999999913
 20
-107.3352199999999925
 30
0
 11
99.3588239999999985
 21
-106.9725589999999897
 31
0
  0
LINE
  5
2D4
330
1B
100
AcDbEntity
  8
F.Mask
  6
CONTINUOUS
100
AcDbLine
 10
99.3588239999999985
 20
-106.9725589999999897
 30
0
 11
99.2448749999999933
 21
-106.5969209999999947
 31
0
  0
LINE
  5
2D5
330
1B
100
AcDbEntity
  8
F.Mask
  6
CONTINUOUS
100
AcDbLine
 10
99.2448749999999933
 20
-106.5969209999999947
 30
0
 11
99.1682939999999888
 21
-106.2119220000000013
 31
0
  0
LINE
  5
2D6
330
1B
100
AcDbEntity
  8
F.Mask
  6
CONTINUOUS
100
AcDbLine
 10
99.1682939999999888
 20
-106.2119220000000013
 30
0
 11
99.1298180000000002
 21
-105.8212709999999959
 31
0
  0
LINE
  5
2D7
330
1B
100
AcDbEntity
  8
F.Mask
  6
CONTINUOUS
100
AcDbLine
 10
99.1298180000000002
 20
-105.8212709999999959
 30
0
 11
99.1298180000000002
 21
-105.4287289999999899
 31
0
  0
LINE
  5
2D8
330
1B
100
AcDbEntity
  8
F.Mask
  6
CONTINUOUS
100
AcDbLine
 10
99.1298180000000002
 20
-105.4287289999999899
 30
0
 11
99.1682939999999888
 21
-105.0380779999999987
 31
0
  0
LINE
  5
2D9
330
1B
100
AcDbEntity
  8
F.Mask
  6
CONTINUOUS
100
AcDbLine
 10
99.1682939999999888
 20
-105.0380779999999987
 30
0
 11
99.2448749999999933
 21
-104.6530789999999911
 31
0
  0
LINE
  5
2DA
330
1B
100
AcDbEntity
  8
F.Mask
  6
CONTINUOUS
100
AcDbLine
 10
99.2448749999999933
 20
-104.6530789999999911
 30
0
 11
99.3588239999999985
 21
-104.2774409999999961
 31
0
  0
LINE
  5
2DB
330
1B
100
AcDbEntity
  8
F.Mask
  6
CONTINUOUS
100
AcDbLine
 10
99.3588239999999985
 20
-104.2774409999999961
 30
0
 11
99.5090429999999913
 21
-103.9147799999999933
 31
0
  0
LINE
  5
2DC
330
1B
100
AcDbEntity
  8
F.Mask
  6
CONTINUOUS
100
AcDbLine
 10
99.5090429999999913
 20
-103.9147799999999933
 30
0
 11
99.6940859999999986
 21
-103.5685889999999887
 31
0
  0
LINE
  5
2DD
330
1B
100
AcDbEntity
  8
F.Mask
  6
CONTINUOUS
100
AcDbLine
 10
99.6940859999999986
 20
-103.5685889999999887
 30
0
 11
99.912169999999989
 21
-103.2422029999999893
 31
0
  0
LINE
  5
2DE
330
1B
100
AcDbEntity
  8
F.Mask
  6
CONTINUOUS
100
AcDbLine
 10
99.912169999999989
 20
-103.2422029999999893
 30
0
 11
100.1611949999999922
 21
-102.9387639999999919
 31
0
  0
LINE
  5
2DF
330
1B
100
AcDbEntity
  8
F.Mask
  6
CONTINUOUS
100
AcDbLine
 10
100.1611949999999922
 20
-102.9387639999999919
 30
0
 11
100.4387639999999919
 21
-102.6611949999999922
 31
0
  0
LINE
  5
2E0
330
1B
100
AcDbEntity
  8
F.Mask
  6
CONTINUOUS
100
AcDbLine
 10
100.4387639999999919
 20
-102.6611949999999922
 30
0
 11
100.7422029999999893
 21
-102.412169999999989
 31
0
  0
LINE
  5
2E1
330
1B
100
AcDbEntity
  8
F.Mask
  6
CONTINUOUS
100
AcDbLine
 10
100.7422029999999893
 20
-102.412169999999989
 30
0
 11
101.0685889999999887
 21
-102.1940859999999986
 31
0
  0
LINE
  5
2E2
330
1B
100
AcDbEntity
  8
F.Mask
  6
CONTINUOUS
100
AcDbLine
 10
101.0685889999999887
 20
-102.1940859999999986
 30
0
 11
101.4147799999999933
 21
-102.0090429999999913
 31
0
  0
LINE
  5
2E3
330
1B
100
AcDbEntity
  8
F.Mask
  6
CONTINUOUS
100
AcDbLine
 10
101.4147799999999933
 20
-102.0090429999999913
 30
0
 11
101.7774409999999961
 21
-101.8588239999999985
 31
0
  0
LINE
  5
2E4
330
1B
100
AcDbEntity
  8
F.Mask
  6
CONTINUOUS
100
AcDbLine
 10
101.7774409999999961
 20
-101.8588239999999985
 30
0
 11
102.1530789999999911
 21
-101.7448749999999933
 31
0
  0
LINE
  5
2E5
330
1B
100
AcDbEntity
  8
F.Mask
  6
CONTINUOUS
100
AcDbLine
 10
102.1530789999999911
 20
-101.7448749999999933
 30
0
 11
102.5380779999999987
 21
-101.6682939999999888
 31
0
  0
LINE
  5
2E6
330
1B
100
AcDbEntity
  8
F.Mask
  6
CONTINUOUS
100
AcDbLine
 10
102.5380779999999987
 20
-101.6682939999999888
 30
0
 11
102.9287289999999899
 21
-101.6298180000000002
 31
0
  0
LINE
  5
2E7
330
1B
100
AcDbEntity
  8
F.Mask
  6
CONTINUOUS
100
AcDbLine
 10
102.9287289999999899
 20
-101.6298180000000002
 30
0
 11
103.3212709999999959
 21
-101.6298180000000002
 31
0
  0
LINE
  5
2E8
330
1B
100
AcDbEntity
  8
F.Mask
  6
CONTINUOUS
100
AcDbLine
 10
103.3212709999999959
 20
-101.6298180000000002
 30
0
 11
103.7119220000000013
 21
-101.6682939999999888
 31
0
  0
LINE
  5
2E9
330
1B
100
AcDbEntity
  8
F.Mask
  6
CONTINUOUS
100
AcDbLine
 10
130.7119219999999871
 20
-101.6682939999999888
 30
0
 11
131.0969209999999805
 21
-101.7448749999999933
 31
0
  0
LINE
  5
2EA
330
1B
100
AcDbEntity
  8
F.Mask
  6
CONTINUOUS
100
AcDbLine
 10
131.0969209999999805
 20
-101.7448749999999933
 30
0
 11
131.4725589999999897
 21
-101.8588239999999985
 31
0
  0
LINE
  5
2EB
330
1B
100
AcDbEntity
  8
F.Mask
  6
CONTINUOUS
100
AcDbLine
 10
131.4725589999999897
 20
-101.8588239999999985
 30
0
 11
131.8352199999999925
 21
-102.0090429999999913
 31
0
  0
LINE
  5
2EC
330
1B
100
AcDbEntity
  8
F.Mask
  6
CONTINUOUS
100
AcDbLine
 10
131.8352199999999925
 20
-102.0090429999999913
 30
0
 11
132.1814109999999971
 21
-102.1940859999999986
 31
0
  0
LINE
  5
2ED
330
1B
100
AcDbEntity
  8
F.Mask
  6
CONTINUOUS
100
AcDbLine
 10
132.1814109999999971
 20
-102.1940859999999986
 30
0
 11
132.5077969999999823
 21
-102.412169999999989
 31
0
  0
LINE
  5
2EE
330
1B
100
AcDbEntity
  8
F.Mask
  6
CONTINUOUS
100
AcDbLine
 10
132.5077969999999823
 20
-102.412169999999989
 30
0
 11
132.8112360000000081
 21
-102.6611949999999922
 31
0
  0
LINE
  5
2EF
330
1B
100
AcDbEntity
  8
F.Mask
  6
CONTINUOUS
100
AcDbLine
 10
132.8112360000000081
 20
-102.6611949999999922
 30
0
 11
133.0888050000000078
 21
-102.9387639999999919
 31
0
  0
LINE
  5
2F0
330
1B
100
AcDbEntity
  8
F.Mask
  6
CONTINUOUS
100
AcDbLine
 10
133.0888050000000078
 20
-102.9387639999999919
 30
0
 11
133.3378299999999967
 21
-103.2422029999999893
 31
0
  0
LINE
  5
2F1
330
1B
100
AcDbEntity
  8
F.Mask
  6
CONTINUOUS
100
AcDbLine
 10
133.3378299999999967
 20
-103.2422029999999893
 30
0
 11
133.5559140000000014
 21
-103.5685889999999887
 31
0
  0
LINE
  5
2F2
330
1B
100
AcDbEntity
  8
F.Mask
  6
CONTINUOUS
100
AcDbLine
 10
133.5559140000000014
 20
-103.5685889999999887
 30
0
 11
133.7409569999999803
 21
-103.9147799999999933
 31
0
  0
LINE
  5
2F3
330
1B
100
AcDbEntity
  8
F.Mask
  6
CONTINUOUS
100
AcDbLine
 10
133.7409569999999803
 20
-103.9147799999999933
 30
0
 11
133.8911760000000015
 21
-104.2774409999999961
 31
0
  0
LINE
  5
2F4
330
1B
100
AcDbEntity
  8
F.Mask
  6
CONTINUOUS
100
AcDbLine
 10
133.8911760000000015
 20
-104.2774409999999961
 30
0
 11
134.0051249999999925
 21
-104.6530789999999911
 31
0
  0
LINE
  5
2F5
330
1B
100
AcDbEntity
  8
F.Mask
  6
CONTINUOUS
100
AcDbLine
 10
134.0051249999999925
 20
-104.6530789999999911
 30
0
 11
134.0817059999999969
 21
-105.0380779999999987
 31
0
  0
LINE
  5
2F6
330
1B
100
AcDbEntity
  8
F.Mask
  6
CONTINUOUS
100
AcDbLine
 10
134.0817059999999969
 20
-105.0380779999999987
 30
0
 11
134.1201819999999998
 21
-105.4287289999999899
 31
0
  0
LINE
  5
2F7
330
1B
100
AcDbEntity
  8
F.Mask
  6
CONTINUOUS
100
AcDbLine
 10
134.1201819999999998
 20
-105.4287289999999899
 30
0
 11
134.1201819999999998
 21
-105.8212709999999959
 31
0
  0
LINE
  5
2F8
330
1B
100
AcDbEntity
  8
F.Mask
  6
CONTINUOUS
100
AcDbLine
 10
134.1201819999999998
 20
-105.8212709999999959
 30
0
 11
134.0817059999999969
 21
-106.2119220000000013
 31
0
  0
LINE
  5
2F9
330
1B
100
AcDbEntity
  8
F.Mask
  6
CONTINUOUS
100
AcDbLine
 10
134.0817059999999969
 20
-106.2119220000000013
 30
0
 11
134.0051249999999925
 21
-106.5969209999999947
 31
0
  0
LINE
  5
2FA
330
1B
100
AcDbEntity
  8
F.Mask
  6
CONTINUOUS
100
AcDbLine
 10
134.0051249999999925
 20
-106.5969209999999947
 30
0
 11
133.8911760000000015
 21
-106.9725589999999897
 31
0
  0
LINE
  5
2FB
330
1B
100
AcDbEntity
  8
F.Mask
  6
CONTINUOUS
100
AcDbLine
 10
133.8911760000000015
 20
-106.9725589999999897
 30
0
 11
133.7409569999999803
 21
-107.3352199999999925
 31
0
  0
LINE
  5
2FC
330
1B
100
AcDbEntity
  8
F.Mask
  6
CONTINUOUS
100
AcDbLine
 10
133.7409569999999803
 20
-107.3352199999999925
 30
0
 11
133.5559140000000014
 21
-107.6814109999999971
 31
0
  0
LINE
  5
2FD
330
1B
100
AcDbEntity
  8
F.Mask
  6
CONTINUOUS
100
AcDbLine
 10
133.5559140000000014
 20
-107.6814109999999971
 30
0
 11
133.3378299999999967
 21
-108.0077969999999965
 31
0
  0
LINE
  5
2FE
330
1B
100
AcDbEntity
  8
F.Mask
  6
CONTINUOUS
100
AcDbLine
 10
133.3378299999999967
 20
-108.0077969999999965
 30
0
 11
133.0888050000000078
 21
-108.3112359999999939
 31
0
  0
LINE
  5
2FF
330
1B
100
AcDbEntity
  8
F.Mask
  6
CONTINUOUS
100
AcDbLine
 10
133.0888050000000078
 20
-108.3112359999999939
 30
0
 11
132.8112360000000081
 21
-108.5888049999999936
 31
0
  0
LINE
  5
300
330
1B
100
AcDbEntity
  8
F.Mask
  6
CONTINUOUS
100
AcDbLine
 10
132.8112360000000081
 20
-108.5888049999999936
 30
0
 11
132.5077969999999823
 21
-108.8378299999999967
 31
0
  0
LINE
  5
301
330
1B
100
AcDbEntity
  8
F.Mask
  6
CONTINUOUS
100
AcDbLine
 10
132.5077969999999823
 20
-108.8378299999999967
 30
0
 11
132.1814109999999971
 21
-109.0559140000000014
 31
0
  0
LINE
  5
302
330
1B
100
AcDbEntity
  8
F.Mask
  6
CONTINUOUS
100
AcDbLine
 10
132.1814109999999971
 20
-109.0559140000000014
 30
0
 11
131.8352199999999925
 21
-109.2409569999999945
 31
0
  0
LINE
  5
303
330
1B
100
AcDbEntity
  8
F.Mask
  6
CONTINUOUS
100
AcDbLine
 10
131.8352199999999925
 20
-109.2409569999999945
 30
0
 11
131.4725589999999897
 21
-109.3911760000000015
 31
0
  0
LINE
  5
304
330
1B
100
AcDbEntity
  8
F.Mask
  6
CONTINUOUS
100
AcDbLine
 10
131.4725589999999897
 20
-109.3911760000000015
 30
0
 11
131.0969209999999805
 21
-109.5051249999999925
 31
0
  0
LINE
  5
305
330
1B
100
AcDbEntity
  8
F.Mask
  6
CONTINUOUS
100
AcDbLine
 10
131.0969209999999805
 20
-109.5051249999999925
 30
0
 11
130.7119219999999871
 21
-109.5817059999999969
 31
0
  0
LINE
  5
306
330
1B
100
AcDbEntity
  8
F.Mask
  6
CONTINUOUS
100
AcDbLine
 10
130.7119219999999871
 20
-109.5817059999999969
 30
0
 11
130.3212709999999959
 21
-109.6201819999999998
 31
0
  0
LINE
  5
307
330
1B
100
AcDbEntity
  8
F.Mask
  6
CONTINUOUS
100
AcDbLine
 10
130.3212709999999959
 20
-109.6201819999999998
 30
0
 11
129.9287290000000041
 21
-109.6201819999999998
 31
0
  0
LINE
  5
308
330
1B
100
AcDbEntity
  8
F.Mask
  6
CONTINUOUS
100
AcDbLine
 10
129.9287290000000041
 20
-109.6201819999999998
 30
0
 11
129.5380779999999845
 21
-109.5817059999999969
 31
0
  0
LINE
  5
309
330
1B
100
AcDbEntity
  8
F.Mask
  6
CONTINUOUS
100
AcDbLine
 10
129.5380779999999845
 20
-109.5817059999999969
 30
0
 11
129.1530789999999911
 21
-109.5051249999999925
 31
0
  0
LINE
  5
30A
330
1B
100
AcDbEntity
  8
F.Mask
  6
CONTINUOUS
100
AcDbLine
 10
129.1530789999999911
 20
-109.5051249999999925
 30
0
 11
128.7774409999999818
 21
-109.3911760000000015
 31
0
  0
LINE
  5
30B
330
1B
100
AcDbEntity
  8
F.Mask
  6
CONTINUOUS
100
AcDbLine
 10
128.7774409999999818
 20
-109.3911760000000015
 30
0
 11
128.4147800000000075
 21
-109.2409569999999945
 31
0
  0
LINE
  5
30C
330
1B
100
AcDbEntity
  8
F.Mask
  6
CONTINUOUS
100
AcDbLine
 10
128.4147800000000075
 20
-109.2409569999999945
 30
0
 11
128.0685890000000029
 21
-109.0559140000000014
 31
0
  0
LINE
  5
30D
330
1B
100
AcDbEntity
  8
F.Mask
  6
CONTINUOUS
100
AcDbLine
 10
128.0685890000000029
 20
-109.0559140000000014
 30
0
 11
127.7422029999999893
 21
-108.8378299999999967
 31
0
  0
LINE
  5
30E
330
1B
100
AcDbEntity
  8
F.Mask
  6
CONTINUOUS
100
AcDbLine
 10
127.7422029999999893
 20
-108.8378299999999967
 30
0
 11
127.4387639999999919
 21
-108.5888049999999936
 31
0
  0
LINE
  5
30F
330
1B
100
AcDbEntity
  8
F.Mask
  6
CONTINUOUS
100
AcDbLine
 10
127.4387639999999919
 20
-108.5888049999999936
 30
0
 11
127.1611949999999922
 21
-108.3112359999999939
 31
0
  0
LINE
  5
310
330
1B
100
AcDbEntity
  8
F.Mask
  6
CONTINUOUS
100
AcDbLine
 10
127.1611949999999922
 20
-108.3112359999999939
 30
0
 11
126.912169999999989
 21
-108.0077969999999965
 31
0
  0
LINE
  5
311
330
1B
100
AcDbEntity
  8
F.Mask
  6
CONTINUOUS
100
AcDbLine
 10
126.912169999999989
 20
-108.0077969999999965
 30
0
 11
126.6940859999999986
 21
-107.6814109999999971
 31
0
  0
LINE
  5
312
330
1B
100
AcDbEntity
  8
F.Mask
  6
CONTINUOUS
100
AcDbLine
 10
126.6940859999999986
 20
-107.6814109999999971
 30
0
 11
126.5090429999999913
 21
-107.3352199999999925
 31
0
  0
LINE
  5
313
330
1B
100
AcDbEntity
  8
F.Mask
  6
CONTINUOUS
100
AcDbLine
 10
126.5090429999999913
 20
-107.3352199999999925
 30
0
 11
126.3588239999999985
 21
-106.9725589999999897
 31
0
  0
LINE
  5
314
330
1B
100
AcDbEntity
  8
F.Mask
  6
CONTINUOUS
100
AcDbLine
 10
126.3588239999999985
 20
-106.9725589999999897
 30
0
 11
126.2448749999999933
 21
-106.5969209999999947
 31
0
  0
LINE
  5
315
330
1B
100
AcDbEntity
  8
F.Mask
  6
CONTINUOUS
100
AcDbLine
 10
126.2448749999999933
 20
-106.5969209999999947
 30
0
 11
126.1682939999999888
 21
-106.2119220000000013
 31
0
  0
LINE
  5
316
330
1B
100
AcDbEntity
  8
F.Mask
  6
CONTINUOUS
100
AcDbLine
 10
126.1682939999999888
 20
-106.2119220000000013
 30
0
 11
126.1298180000000002
 21
-105.8212709999999959
 31
0
  0
LINE
  5
317
330
1B
100
AcDbEntity
  8
F.Mask
  6
CONTINUOUS
100
AcDbLine
 10
126.1298180000000002
 20
-105.8212709999999959
 30
0
 11
126.1298180000000002
 21
-105.4287289999999899
 31
0
  0
LINE
  5
318
330
1B
100
AcDbEntity
  8
F.Mask
  6
CONTINUOUS
100
AcDbLine
 10
126.1298180000000002
 20
-105.4287289999999899
 30
0
 11
126.1682939999999888
 21
-105.0380779999999987
 31
0
  0
LINE
  5
319
330
1B
100
AcDbEntity
  8
F.Mask
  6
CONTINUOUS
100
AcDbLine
 10
126.1682939999999888
 20
-105.0380779999999987
 30
0
 11
126.2448749999999933
 21
-104.6530789999999911
 31
0
  0
LINE
  5
31A
330
1B
100
AcDbEntity
  8
F.Mask
  6
CONTINUOUS
100
AcDbLine
 10
126.2448749999999933
 20
-104.6530789999999911
 30
0
 11
126.3588239999999985
 21
-104.2774409999999961
 31
0
  0
LINE
  5
31B
330
1B
100
AcDbEntity
  8
F.Mask
  6
CONTINUOUS
100
AcDbLine
 10
126.3588239999999985
 20
-104.2774409999999961
 30
0
 11
126.5090429999999913
 21
-103.9147799999999933
 31
0
  0
LINE
  5
31C
330
1B
100
AcDbEntity
  8
F.Mask
  6
CONTINUOUS
100
AcDbLine
 10
126.5090429999999913
 20
-103.9147799999999933
 30
0
 11
126.6940859999999986
 21
-103.5685889999999887
 31
0
  0
LINE
  5
31D
330
1B
100
AcDbEntity
  8
F.Mask
  6
CONTINUOUS
100
AcDbLine
 10
126.6940859999999986
 20
-103.5685889999999887
 30
0
 11
126.912169999999989
 21
-103.2422029999999893
 31
0
  0
LINE
  5
31E
330
1B
100
AcDbEntity
  8
F.Mask
  6
CONTINUOUS
100
AcDbLine
 10
126.912169999999989
 20
-103.2422029999999893
 30
0
 11
127.1611949999999922
 21
-102.9387639999999919
 31
0
  0
LINE
  5
31F
330
1B
100
AcDbEntity
  8
F.Mask
  6
CONTINUOUS
100
AcDbLine
 10
127.1611949999999922
 20
-102.9387639999999919
 30
0
 11
127.4387639999999919
 21
-102.6611949999999922
 31
0
  0
LINE
  5
320
330
1B
100
AcDbEntity
  8
F.Mask
  6
CONTINUOUS
100
AcDbLine
 10
127.4387639999999919
 20
-102.6611949999999922
 30
0
 11
127.7422029999999893
 21
-102.412169999999989
 31
0
  0
LINE
  5
321
330
1B
100
AcDbEntity
  8
F.Mask
  6
CONTINUOUS
100
AcDbLine
 10
127.7422029999999893
 20
-102.412169999999989
 30
0
 11
128.0685890000000029
 21
-102.1940859999999986
 31
0
  0
LINE
  5
322
330
1B
100
AcDbEntity
  8
F.Mask
  6
CONTINUOUS
100
AcDbLine
 10
128.0685890000000029
 20
-102.1940859999999986
 30
0
 11
128.4147800000000075
 21
-102.0090429999999913
 31
0
  0
LINE
  5
323
330
1B
100
AcDbEntity
  8
F.Mask
  6
CONTINUOUS
100
AcDbLine
 10
128.4147800000000075
 20
-102.0090429999999913
 30
0
 11
128.7774409999999818
 21
-101.8588239999999985
 31
0
  0
LINE
  5
324
330
1B
100
AcDbEntity
  8
F.Mask
  6
CONTINUOUS
100
AcDbLine
 10
128.7774409999999818
 20
-101.8588239999999985
 30
0
 11
129.1530789999999911
 21
-101.7448749999999933
 31
0
  0
LINE
  5
325
330
1B
100
AcDbEntity
  8
F.Mask
  6
CONTINUOUS
100
AcDbLine
 10
129.1530789999999911
 20
-101.7448749999999933
 30
0
 11
129.5380779999999845
 21
-101.6682939999999888
 31
0
  0
LINE
  5
326
330
1B
100
AcDbEntity
  8
F.Mask
  6
CONTINUOUS
100
AcDbLine
 10
129.5380779999999845
 20
-101.6682939999999888
 30
0
 11
129.9287290000000041
 21
-101.6298180000000002
 31
0
  0
LINE
  5
327
330
1B
100
AcDbEntity
  8
F.Mask
  6
CONTINUOUS
100
AcDbLine
 10
129.9287290000000041
 20
-101.6298180000000002
 30
0
 11
130.3212709999999959
 21
-101.6298180000000002
 31
0
  0
LINE
  5
328
330
1B
100
AcDbEntity
  8
F.Mask
  6
CONTINUOUS
100
AcDbLine
 10
130.3212709999999959
 20
-101.6298180000000002
 30
0
 11
130.7119219999999871
 21
-101.6682939999999888
 31
0
  0
LINE
  5
329
330
1B
100
AcDbEntity
  8
F.Mask
  6
CONTINUOUS
100
AcDbLine
 10
154.5869219999999871
 20
-98.5432939999999888
 30
0
 11
154.9719209999999805
 21
-98.6198749999999933
 31
0
  0
LINE
  5
32A
330
1B
100
AcDbEntity
  8
F.Mask
  6
CONTINUOUS
100
AcDbLine
 10
154.9719209999999805
 20
-98.6198749999999933
 30
0
 11
155.3475589999999897
 21
-98.7338239999999985
 31
0
  0
LINE
  5
32B
330
1B
100
AcDbEntity
  8
F.Mask
  6
CONTINUOUS
100
AcDbLine
 10
155.3475589999999897
 20
-98.7338239999999985
 30
0
 11
155.7102199999999925
 21
-98.8840429999999913
 31
0
  0
LINE
  5
32C
330
1B
100
AcDbEntity
  8
F.Mask
  6
CONTINUOUS
100
AcDbLine
 10
155.7102199999999925
 20
-98.8840429999999913
 30
0
 11
156.0564109999999971
 21
-99.0690859999999986
 31
0
  0
LINE
  5
32D
330
1B
100
AcDbEntity
  8
F.Mask
  6
CONTINUOUS
100
AcDbLine
 10
156.0564109999999971
 20
-99.0690859999999986
 30
0
 11
156.3827969999999823
 21
-99.287169999999989
 31
0
  0
LINE
  5
32E
330
1B
100
AcDbEntity
  8
F.Mask
  6
CONTINUOUS
100
AcDbLine
 10
156.3827969999999823
 20
-99.287169999999989
 30
0
 11
156.6862359999999796
 21
-99.5361949999999922
 31
0
  0
LINE
  5
32F
330
1B
100
AcDbEntity
  8
F.Mask
  6
CONTINUOUS
100
AcDbLine
 10
156.6862359999999796
 20
-99.5361949999999922
 30
0
 11
156.9638049999999794
 21
-99.8137639999999919
 31
0
  0
LINE
  5
330
330
1B
100
AcDbEntity
  8
F.Mask
  6
CONTINUOUS
100
AcDbLine
 10
156.9638049999999794
 20
-99.8137639999999919
 30
0
 11
157.2128299999999967
 21
-100.1172029999999893
 31
0
  0
LINE
  5
331
330
1B
100
AcDbEntity
  8
F.Mask
  6
CONTINUOUS
100
AcDbLine
 10
157.2128299999999967
 20
-100.1172029999999893
 30
0
 11
157.4309140000000014
 21
-100.4435889999999887
 31
0
  0
LINE
  5
332
330
1B
100
AcDbEntity
  8
F.Mask
  6
CONTINUOUS
100
AcDbLine
 10
157.4309140000000014
 20
-100.4435889999999887
 30
0
 11
157.6159569999999803
 21
-100.7897799999999933
 31
0
  0
LINE
  5
333
330
1B
100
AcDbEntity
  8
F.Mask
  6
CONTINUOUS
100
AcDbLine
 10
157.6159569999999803
 20
-100.7897799999999933
 30
0
 11
157.7661760000000015
 21
-101.1524409999999961
 31
0
  0
LINE
  5
334
330
1B
100
AcDbEntity
  8
F.Mask
  6
CONTINUOUS
100
AcDbLine
 10
157.7661760000000015
 20
-101.1524409999999961
 30
0
 11
157.8801249999999925
 21
-101.5280789999999911
 31
0
  0
LINE
  5
335
330
1B
100
AcDbEntity
  8
F.Mask
  6
CONTINUOUS
100
AcDbLine
 10
157.8801249999999925
 20
-101.5280789999999911
 30
0
 11
157.9567059999999969
 21
-101.9130779999999987
 31
0
  0
LINE
  5
336
330
1B
100
AcDbEntity
  8
F.Mask
  6
CONTINUOUS
100
AcDbLine
 10
157.9567059999999969
 20
-101.9130779999999987
 30
0
 11
157.9951819999999998
 21
-102.3037289999999899
 31
0
  0
LINE
  5
337
330
1B
100
AcDbEntity
  8
F.Mask
  6
CONTINUOUS
100
AcDbLine
 10
157.9951819999999998
 20
-102.3037289999999899
 30
0
 11
157.9951819999999998
 21
-102.6962709999999959
 31
0
  0
LINE
  5
338
330
1B
100
AcDbEntity
  8
F.Mask
  6
CONTINUOUS
100
AcDbLine
 10
157.9951819999999998
 20
-102.6962709999999959
 30
0
 11
157.9567059999999969
 21
-103.0869220000000013
 31
0
  0
LINE
  5
339
330
1B
100
AcDbEntity
  8
F.Mask
  6
CONTINUOUS
100
AcDbLine
 10
157.9567059999999969
 20
-103.0869220000000013
 30
0
 11
157.8801249999999925
 21
-103.4719209999999947
 31
0
  0
LINE
  5
33A
330
1B
100
AcDbEntity
  8
F.Mask
  6
CONTINUOUS
100
AcDbLine
 10
157.8801249999999925
 20
-103.4719209999999947
 30
0
 11
157.7661760000000015
 21
-103.8475589999999897
 31
0
  0
LINE
  5
33B
330
1B
100
AcDbEntity
  8
F.Mask
  6
CONTINUOUS
100
AcDbLine
 10
157.7661760000000015
 20
-103.8475589999999897
 30
0
 11
157.6159569999999803
 21
-104.2102199999999925
 31
0
  0
LINE
  5
33C
330
1B
100
AcDbEntity
  8
F.Mask
  6
CONTINUOUS
100
AcDbLine
 10
157.6159569999999803
 20
-104.2102199999999925
 30
0
 11
157.4309140000000014
 21
-104.5564109999999971
 31
0
  0
LINE
  5
33D
330
1B
100
AcDbEntity
  8
F.Mask
  6
CONTINUOUS
100
AcDbLine
 10
157.4309140000000014
 20
-104.5564109999999971
 30
0
 11
157.2128299999999967
 21
-104.8827969999999965
 31
0
  0
LINE
  5
33E
330
1B
100
AcDbEntity
  8
F.Mask
  6
CONTINUOUS
100
AcDbLine
 10
157.2128299999999967
 20
-104.8827969999999965
 30
0
 11
156.9638049999999794
 21
-105.1862359999999939
 31
0
  0
LINE
  5
33F
330
1B
100
AcDbEntity
  8
F.Mask
  6
CONTINUOUS
100
AcDbLine
 10
156.9638049999999794
 20
-105.1862359999999939
 30
0
 11
156.6862359999999796
 21
-105.4638049999999936
 31
0
  0
LINE
  5
340
330
1B
100
AcDbEntity
  8
F.Mask
  6
CONTINUOUS
100
AcDbLine
 10
156.6862359999999796
 20
-105.4638049999999936
 30
0
 11
156.3827969999999823
 21
-105.7128299999999967
 31
0
  0
LINE
  5
341
330
1B
100
AcDbEntity
  8
F.Mask
  6
CONTINUOUS
100
AcDbLine
 10
156.3827969999999823
 20
-105.7128299999999967
 30
0
 11
156.0564109999999971
 21
-105.9309140000000014
 31
0
  0
LINE
  5
342
330
1B
100
AcDbEntity
  8
F.Mask
  6
CONTINUOUS
100
AcDbLine
 10
156.0564109999999971
 20
-105.9309140000000014
 30
0
 11
155.7102199999999925
 21
-106.1159569999999945
 31
0
  0
LINE
  5
343
330
1B
100
AcDbEntity
  8
F.Mask
  6
CONTINUOUS
100
AcDbLine
 10
155.7102199999999925
 20
-106.1159569999999945
 30
0
 11
155.3475589999999897
 21
-106.2661760000000015
 31
0
  0
LINE
  5
344
330
1B
100
AcDbEntity
  8
F.Mask
  6
CONTINUOUS
100
AcDbLine
 10
155.3475589999999897
 20
-106.2661760000000015
 30
0
 11
154.9719209999999805
 21
-106.3801249999999925
 31
0
  0
LINE
  5
345
330
1B
100
AcDbEntity
  8
F.Mask
  6
CONTINUOUS
100
AcDbLine
 10
154.9719209999999805
 20
-106.3801249999999925
 30
0
 11
154.5869219999999871
 21
-106.4567059999999969
 31
0
  0
LINE
  5
346
330
1B
100
AcDbEntity
  8
F.Mask
  6
CONTINUOUS
100
AcDbLine
 10
154.5869219999999871
 20
-106.4567059999999969
 30
0
 11
154.1962709999999959
 21
-106.4951819999999998
 31
0
  0
LINE
  5
347
330
1B
100
AcDbEntity
  8
F.Mask
  6
CONTINUOUS
100
AcDbLine
 10
154.1962709999999959
 20
-106.4951819999999998
 30
0
 11
153.8037290000000041
 21
-106.4951819999999998
 31
0
  0
LINE
  5
348
330
1B
100
AcDbEntity
  8
F.Mask
  6
CONTINUOUS
100
AcDbLine
 10
153.8037290000000041
 20
-106.4951819999999998
 30
0
 11
153.4130779999999845
 21
-106.4567059999999969
 31
0
  0
LINE
  5
349
330
1B
100
AcDbEntity
  8
F.Mask
  6
CONTINUOUS
100
AcDbLine
 10
153.4130779999999845
 20
-106.4567059999999969
 30
0
 11
153.0280789999999911
 21
-106.3801249999999925
 31
0
  0
LINE
  5
34A
330
1B
100
AcDbEntity
  8
F.Mask
  6
CONTINUOUS
100
AcDbLine
 10
153.0280789999999911
 20
-106.3801249999999925
 30
0
 11
152.6524409999999818
 21
-106.2661760000000015
 31
0
  0
LINE
  5
34B
330
1B
100
AcDbEntity
  8
F.Mask
  6
CONTINUOUS
100
AcDbLine
 10
152.6524409999999818
 20
-106.2661760000000015
 30
0
 11
152.2897799999999791
 21
-106.1159569999999945
 31
0
  0
LINE
  5
34C
330
1B
100
AcDbEntity
  8
F.Mask
  6
CONTINUOUS
100
AcDbLine
 10
152.2897799999999791
 20
-106.1159569999999945
 30
0
 11
151.9435890000000029
 21
-105.9309140000000014
 31
0
  0
LINE
  5
34D
330
1B
100
AcDbEntity
  8
F.Mask
  6
CONTINUOUS
100
AcDbLine
 10
151.9435890000000029
 20
-105.9309140000000014
 30
0
 11
151.6172029999999893
 21
-105.7128299999999967
 31
0
  0
LINE
  5
34E
330
1B
100
AcDbEntity
  8
F.Mask
  6
CONTINUOUS
100
AcDbLine
 10
151.6172029999999893
 20
-105.7128299999999967
 30
0
 11
151.3137639999999919
 21
-105.4638049999999936
 31
0
  0
LINE
  5
34F
330
1B
100
AcDbEntity
  8
F.Mask
  6
CONTINUOUS
100
AcDbLine
 10
151.3137639999999919
 20
-105.4638049999999936
 30
0
 11
151.0361949999999922
 21
-105.1862359999999939
 31
0
  0
LINE
  5
350
330
1B
100
AcDbEntity
  8
F.Mask
  6
CONTINUOUS
100
AcDbLine
 10
151.0361949999999922
 20
-105.1862359999999939
 30
0
 11
150.7871700000000033
 21
-104.8827969999999965
 31
0
  0
LINE
  5
351
330
1B
100
AcDbEntity
  8
F.Mask
  6
CONTINUOUS
100
AcDbLine
 10
150.7871700000000033
 20
-104.8827969999999965
 30
0
 11
150.5690859999999986
 21
-104.5564109999999971
 31
0
  0
LINE
  5
352
330
1B
100
AcDbEntity
  8
F.Mask
  6
CONTINUOUS
100
AcDbLine
 10
150.5690859999999986
 20
-104.5564109999999971
 30
0
 11
150.3840429999999913
 21
-104.2102199999999925
 31
0
  0
LINE
  5
353
330
1B
100
AcDbEntity
  8
F.Mask
  6
CONTINUOUS
100
AcDbLine
 10
150.3840429999999913
 20
-104.2102199999999925
 30
0
 11
150.2338239999999985
 21
-103.8475589999999897
 31
0
  0
LINE
  5
354
330
1B
100
AcDbEntity
  8
F.Mask
  6
CONTINUOUS
100
AcDbLine
 10
150.2338239999999985
 20
-103.8475589999999897
 30
0
 11
150.1198749999999791
 21
-103.4719209999999947
 31
0
  0
LINE
  5
355
330
1B
100
AcDbEntity
  8
F.Mask
  6
CONTINUOUS
100
AcDbLine
 10
150.1198749999999791
 20
-103.4719209999999947
 30
0
 11
150.0432940000000031
 21
-103.0869220000000013
 31
0
  0
LINE
  5
356
330
1B
100
AcDbEntity
  8
F.Mask
  6
CONTINUOUS
100
AcDbLine
 10
150.0432940000000031
 20
-103.0869220000000013
 30
0
 11
150.0048180000000002
 21
-102.6962709999999959
 31
0
  0
LINE
  5
357
330
1B
100
AcDbEntity
  8
F.Mask
  6
CONTINUOUS
100
AcDbLine
 10
150.0048180000000002
 20
-102.6962709999999959
 30
0
 11
150.0048180000000002
 21
-102.3037289999999899
 31
0
  0
LINE
  5
358
330
1B
100
AcDbEntity
  8
F.Mask
  6
CONTINUOUS
100
AcDbLine
 10
150.0048180000000002
 20
-102.3037289999999899
 30
0
 11
150.0432940000000031
 21
-101.9130779999999987
 31
0
  0
LINE
  5
359
330
1B
100
AcDbEntity
  8
F.Mask
  6
CONTINUOUS
100
AcDbLine
 10
150.0432940000000031
 20
-101.9130779999999987
 30
0
 11
150.1198749999999791
 21
-101.5280789999999911
 31
0
  0
LINE
  5
35A
330
1B
100
AcDbEntity
  8
F.Mask
  6
CONTINUOUS
100
AcDbLine
 10
150.1198749999999791
 20
-101.5280789999999911
 30
0
 11
150.2338239999999985
 21
-101.1524409999999961
 31
0
  0
LINE
  5
35B
330
1B
100
AcDbEntity
  8
F.Mask
  6
CONTINUOUS
100
AcDbLine
 10
150.2338239999999985
 20
-101.1524409999999961
 30
0
 11
150.3840429999999913
 21
-100.7897799999999933
 31
0
  0
LINE
  5
35C
330
1B
100
AcDbEntity
  8
F.Mask
  6
CONTINUOUS
100
AcDbLine
 10
150.3840429999999913
 20
-100.7897799999999933
 30
0
 11
150.5690859999999986
 21
-100.4435889999999887
 31
0
  0
LINE
  5
35D
330
1B
100
AcDbEntity
  8
F.Mask
  6
CONTINUOUS
100
AcDbLine
 10
150.5690859999999986
 20
-100.4435889999999887
 30
0
 11
150.7871700000000033
 21
-100.1172029999999893
 31
0
  0
LINE
  5
35E
330
1B
100
AcDbEntity
  8
F.Mask
  6
CONTINUOUS
100
AcDbLine
 10
150.7871700000000033
 20
-100.1172029999999893
 30
0
 11
151.0361949999999922
 21
-99.8137639999999919
 31
0
  0
LINE
  5
35F
330
1B
100
AcDbEntity
  8
F.Mask
  6
CONTINUOUS
100
AcDbLine
 10
151.0361949999999922
 20
-99.8137639999999919
 30
0
 11
151.3137639999999919
 21
-99.5361949999999922
 31
0
  0
LINE
  5
360
330
1B
100
AcDbEntity
  8
F.Mask
  6
CONTINUOUS
100
AcDbLine
 10
151.3137639999999919
 20
-99.5361949999999922
 30
0
 11
151.6172029999999893
 21
-99.287169999999989
 31
0
  0
LINE
  5
361
330
1B
100
AcDbEntity
  8
F.Mask
  6
CONTINUOUS
100
AcDbLine
 10
151.6172029999999893
 20
-99.287169999999989
 30
0
 11
151.9435890000000029
 21
-99.0690859999999986
 31
0
  0
LINE
  5
362
330
1B
100
AcDbEntity
  8
F.Mask
  6
CONTINUOUS
100
AcDbLine
 10
151.9435890000000029
 20
-99.0690859999999986
 30
0
 11
152.2897799999999791
 21
-98.8840429999999913
 31
0
  0
LINE
  5
363
330
1B
100
AcDbEntity
  8
F.Mask
  6
CONTINUOUS
100
AcDbLine
 10
152.2897799999999791
 20
-98.8840429999999913
 30
0
 11
152.6524409999999818
 21
-98.7338239999999985
 31
0
  0
LINE
  5
364
330
1B
100
AcDbEntity
  8
F.Mask
  6
CONTINUOUS
100
AcDbLine
 10
152.6524409999999818
 20
-98.7338239999999985
 30
0
 11
153.0280789999999911
 21
-98.6198749999999933
 31
0
  0
LINE
  5
365
330
1B
100
AcDbEntity
  8
F.Mask
  6
CONTINUOUS
100
AcDbLine
 10
153.0280789999999911
 20
-98.6198749999999933
 30
0
 11
153.4130779999999845
 21
-98.5432939999999888
 31
0
  0
LINE
  5
366
330
1B
100
AcDbEntity
  8
F.Mask
  6
CONTINUOUS
100
AcDbLine
 10
153.4130779999999845
 20
-98.5432939999999888
 30
0
 11
153.8037290000000041
 21
-98.5048180000000002
 31
0
  0
LINE
  5
367
330
1B
100
AcDbEntity
  8
F.Mask
  6
CONTINUOUS
100
AcDbLine
 10
153.8037290000000041
 20
-98.5048180000000002
 30
0
 11
154.1962709999999959
 21
-98.5048180000000002
 31
0
  0
LINE
  5
368
330
1B
100
AcDbEntity
  8
F.Mask
  6
CONTINUOUS
100
AcDbLine
 10
154.1962709999999959
 20
-98.5048180000000002
 30
0
 11
154.5869219999999871
 21
-98.5432939999999888
 31
0
  0
LINE
  5
369
330
1B
100
AcDbEntity
  8
F.Mask
  6
CONTINUOUS
100
AcDbLine
 10
52.5869219999999942
 20
-72.1682940000000031
 30
0
 11
52.9719209999999947
 21
-72.2448749999999933
 31
0
  0
LINE
  5
36A
330
1B
100
AcDbEntity
  8
F.Mask
  6
CONTINUOUS
100
AcDbLine
 10
52.9719209999999947
 20
-72.2448749999999933
 30
0
 11
53.3475589999999968
 21
-72.3588239999999985
 31
0
  0
LINE
  5
36B
330
1B
100
AcDbEntity
  8
F.Mask
  6
CONTINUOUS
100
AcDbLine
 10
53.3475589999999968
 20
-72.3588239999999985
 30
0
 11
53.7102199999999996
 21
-72.5090429999999913
 31
0
  0
LINE
  5
36C
330
1B
100
AcDbEntity
  8
F.Mask
  6
CONTINUOUS
100
AcDbLine
 10
53.7102199999999996
 20
-72.5090429999999913
 30
0
 11
54.0564109999999971
 21
-72.6940859999999986
 31
0
  0
LINE
  5
36D
330
1B
100
AcDbEntity
  8
F.Mask
  6
CONTINUOUS
100
AcDbLine
 10
54.0564109999999971
 20
-72.6940859999999986
 30
0
 11
54.3827969999999965
 21
-72.9121700000000033
 31
0
  0
LINE
  5
36E
330
1B
100
AcDbEntity
  8
F.Mask
  6
CONTINUOUS
100
AcDbLine
 10
54.3827969999999965
 20
-72.9121700000000033
 30
0
 11
54.686236000000001
 21
-73.1611949999999922
 31
0
  0
LINE
  5
36F
330
1B
100
AcDbEntity
  8
F.Mask
  6
CONTINUOUS
100
AcDbLine
 10
54.686236000000001
 20
-73.1611949999999922
 30
0
 11
54.9638050000000007
 21
-73.4387639999999919
 31
0
  0
LINE
  5
370
330
1B
100
AcDbEntity
  8
F.Mask
  6
CONTINUOUS
100
AcDbLine
 10
54.9638050000000007
 20
-73.4387639999999919
 30
0
 11
55.2128299999999967
 21
-73.7422030000000035
 31
0
  0
LINE
  5
371
330
1B
100
AcDbEntity
  8
F.Mask
  6
CONTINUOUS
100
AcDbLine
 10
55.2128299999999967
 20
-73.7422030000000035
 30
0
 11
55.4309139999999942
 21
-74.0685890000000029
 31
0
  0
LINE
  5
372
330
1B
100
AcDbEntity
  8
F.Mask
  6
CONTINUOUS
100
AcDbLine
 10
55.4309139999999942
 20
-74.0685890000000029
 30
0
 11
55.6159569999999945
 21
-74.4147799999999933
 31
0
  0
LINE
  5
373
330
1B
100
AcDbEntity
  8
F.Mask
  6
CONTINUOUS
100
AcDbLine
 10
55.6159569999999945
 20
-74.4147799999999933
 30
0
 11
55.7661759999999944
 21
-74.7774409999999961
 31
0
  0
LINE
  5
374
330
1B
100
AcDbEntity
  8
F.Mask
  6
CONTINUOUS
100
AcDbLine
 10
55.7661759999999944
 20
-74.7774409999999961
 30
0
 11
55.8801249999999996
 21
-75.1530789999999911
 31
0
  0
LINE
  5
375
330
1B
100
AcDbEntity
  8
F.Mask
  6
CONTINUOUS
100
AcDbLine
 10
55.8801249999999996
 20
-75.1530789999999911
 30
0
 11
55.9567059999999969
 21
-75.5380779999999987
 31
0
  0
LINE
  5
376
330
1B
100
AcDbEntity
  8
F.Mask
  6
CONTINUOUS
100
AcDbLine
 10
55.9567059999999969
 20
-75.5380779999999987
 30
0
 11
55.9951819999999998
 21
-75.9287289999999899
 31
0
  0
LINE
  5
377
330
1B
100
AcDbEntity
  8
F.Mask
  6
CONTINUOUS
100
AcDbLine
 10
55.9951819999999998
 20
-75.9287289999999899
 30
0
 11
55.9951819999999998
 21
-76.3212709999999959
 31
0
  0
LINE
  5
378
330
1B
100
AcDbEntity
  8
F.Mask
  6
CONTINUOUS
100
AcDbLine
 10
55.9951819999999998
 20
-76.3212709999999959
 30
0
 11
55.9567059999999969
 21
-76.7119220000000013
 31
0
  0
LINE
  5
379
330
1B
100
AcDbEntity
  8
F.Mask
  6
CONTINUOUS
100
AcDbLine
 10
55.9567059999999969
 20
-76.7119220000000013
 30
0
 11
55.8801249999999996
 21
-77.0969209999999947
 31
0
  0
LINE
  5
37A
330
1B
100
AcDbEntity
  8
F.Mask
  6
CONTINUOUS
100
AcDbLine
 10
55.8801249999999996
 20
-77.0969209999999947
 30
0
 11
55.7661759999999944
 21
-77.4725589999999897
 31
0
  0
LINE
  5
37B
330
1B
100
AcDbEntity
  8
F.Mask
  6
CONTINUOUS
100
AcDbLine
 10
55.7661759999999944
 20
-77.4725589999999897
 30
0
 11
55.6159569999999945
 21
-77.8352199999999925
 31
0
  0
LINE
  5
37C
330
1B
100
AcDbEntity
  8
F.Mask
  6
CONTINUOUS
100
AcDbLine
 10
55.6159569999999945
 20
-77.8352199999999925
 30
0
 11
55.4309139999999942
 21
-78.1814109999999971
 31
0
  0
LINE
  5
37D
330
1B
100
AcDbEntity
  8
F.Mask
  6
CONTINUOUS
100
AcDbLine
 10
55.4309139999999942
 20
-78.1814109999999971
 30
0
 11
55.2128299999999967
 21
-78.5077969999999965
 31
0
  0
LINE
  5
37E
330
1B
100
AcDbEntity
  8
F.Mask
  6
CONTINUOUS
100
AcDbLine
 10
55.2128299999999967
 20
-78.5077969999999965
 30
0
 11
54.9638050000000007
 21
-78.8112359999999939
 31
0
  0
LINE
  5
37F
330
1B
100
AcDbEntity
  8
F.Mask
  6
CONTINUOUS
100
AcDbLine
 10
54.9638050000000007
 20
-78.8112359999999939
 30
0
 11
54.686236000000001
 21
-79.0888049999999936
 31
0
  0
LINE
  5
380
330
1B
100
AcDbEntity
  8
F.Mask
  6
CONTINUOUS
100
AcDbLine
 10
54.686236000000001
 20
-79.0888049999999936
 30
0
 11
54.3827969999999965
 21
-79.3378299999999967
 31
0
  0
LINE
  5
381
330
1B
100
AcDbEntity
  8
F.Mask
  6
CONTINUOUS
100
AcDbLine
 10
54.3827969999999965
 20
-79.3378299999999967
 30
0
 11
54.0564109999999971
 21
-79.5559140000000014
 31
0
  0
LINE
  5
382
330
1B
100
AcDbEntity
  8
F.Mask
  6
CONTINUOUS
100
AcDbLine
 10
54.0564109999999971
 20
-79.5559140000000014
 30
0
 11
53.7102199999999996
 21
-79.7409569999999945
 31
0
  0
LINE
  5
383
330
1B
100
AcDbEntity
  8
F.Mask
  6
CONTINUOUS
100
AcDbLine
 10
53.7102199999999996
 20
-79.7409569999999945
 30
0
 11
53.3475589999999968
 21
-79.8911760000000015
 31
0
  0
LINE
  5
384
330
1B
100
AcDbEntity
  8
F.Mask
  6
CONTINUOUS
100
AcDbLine
 10
53.3475589999999968
 20
-79.8911760000000015
 30
0
 11
52.9719209999999947
 21
-80.0051249999999925
 31
0
  0
LINE
  5
385
330
1B
100
AcDbEntity
  8
F.Mask
  6
CONTINUOUS
100
AcDbLine
 10
52.9719209999999947
 20
-80.0051249999999925
 30
0
 11
52.5869219999999942
 21
-80.0817059999999969
 31
0
  0
LINE
  5
386
330
1B
100
AcDbEntity
  8
F.Mask
  6
CONTINUOUS
100
AcDbLine
 10
52.5869219999999942
 20
-80.0817059999999969
 30
0
 11
52.1962709999999959
 21
-80.1201819999999998
 31
0
  0
LINE
  5
387
330
1B
100
AcDbEntity
  8
F.Mask
  6
CONTINUOUS
100
AcDbLine
 10
52.1962709999999959
 20
-80.1201819999999998
 30
0
 11
51.803728999999997
 21
-80.1201819999999998
 31
0
  0
LINE
  5
388
330
1B
100
AcDbEntity
  8
F.Mask
  6
CONTINUOUS
100
AcDbLine
 10
51.803728999999997
 20
-80.1201819999999998
 30
0
 11
51.4130779999999987
 21
-80.0817059999999969
 31
0
  0
LINE
  5
389
330
1B
100
AcDbEntity
  8
F.Mask
  6
CONTINUOUS
100
AcDbLine
 10
51.4130779999999987
 20
-80.0817059999999969
 30
0
 11
51.0280789999999982
 21
-80.0051249999999925
 31
0
  0
LINE
  5
38A
330
1B
100
AcDbEntity
  8
F.Mask
  6
CONTINUOUS
100
AcDbLine
 10
51.0280789999999982
 20
-80.0051249999999925
 30
0
 11
50.6524409999999961
 21
-79.8911760000000015
 31
0
  0
LINE
  5
38B
330
1B
100
AcDbEntity
  8
F.Mask
  6
CONTINUOUS
100
AcDbLine
 10
50.6524409999999961
 20
-79.8911760000000015
 30
0
 11
50.2897800000000004
 21
-79.7409569999999945
 31
0
  0
LINE
  5
38C
330
1B
100
AcDbEntity
  8
F.Mask
  6
CONTINUOUS
100
AcDbLine
 10
50.2897800000000004
 20
-79.7409569999999945
 30
0
 11
49.9435889999999958
 21
-79.5559140000000014
 31
0
  0
LINE
  5
38D
330
1B
100
AcDbEntity
  8
F.Mask
  6
CONTINUOUS
100
AcDbLine
 10
49.9435889999999958
 20
-79.5559140000000014
 30
0
 11
49.6172029999999964
 21
-79.3378299999999967
 31
0
  0
LINE
  5
38E
330
1B
100
AcDbEntity
  8
F.Mask
  6
CONTINUOUS
100
AcDbLine
 10
49.6172029999999964
 20
-79.3378299999999967
 30
0
 11
49.313763999999999
 21
-79.0888049999999936
 31
0
  0
LINE
  5
38F
330
1B
100
AcDbEntity
  8
F.Mask
  6
CONTINUOUS
100
AcDbLine
 10
49.313763999999999
 20
-79.0888049999999936
 30
0
 11
49.0361949999999993
 21
-78.8112359999999939
 31
0
  0
LINE
  5
390
330
1B
100
AcDbEntity
  8
F.Mask
  6
CONTINUOUS
100
AcDbLine
 10
49.0361949999999993
 20
-78.8112359999999939
 30
0
 11
48.7871699999999962
 21
-78.5077969999999965
 31
0
  0
LINE
  5
391
330
1B
100
AcDbEntity
  8
F.Mask
  6
CONTINUOUS
100
AcDbLine
 10
48.7871699999999962
 20
-78.5077969999999965
 30
0
 11
48.5690859999999986
 21
-78.1814109999999971
 31
0
  0
LINE
  5
392
330
1B
100
AcDbEntity
  8
F.Mask
  6
CONTINUOUS
100
AcDbLine
 10
48.5690859999999986
 20
-78.1814109999999971
 30
0
 11
48.3840429999999984
 21
-77.8352199999999925
 31
0
  0
LINE
  5
393
330
1B
100
AcDbEntity
  8
F.Mask
  6
CONTINUOUS
100
AcDbLine
 10
48.3840429999999984
 20
-77.8352199999999925
 30
0
 11
48.2338239999999985
 21
-77.4725589999999897
 31
0
  0
LINE
  5
394
330
1B
100
AcDbEntity
  8
F.Mask
  6
CONTINUOUS
100
AcDbLine
 10
48.2338239999999985
 20
-77.4725589999999897
 30
0
 11
48.1198750000000004
 21
-77.0969209999999947
 31
0
  0
LINE
  5
395
330
1B
100
AcDbEntity
  8
F.Mask
  6
CONTINUOUS
100
AcDbLine
 10
48.1198750000000004
 20
-77.0969209999999947
 30
0
 11
48.0432939999999959
 21
-76.7119220000000013
 31
0
  0
LINE
  5
396
330
1B
100
AcDbEntity
  8
F.Mask
  6
CONTINUOUS
100
AcDbLine
 10
48.0432939999999959
 20
-76.7119220000000013
 30
0
 11
48.0048180000000002
 21
-76.3212709999999959
 31
0
  0
LINE
  5
397
330
1B
100
AcDbEntity
  8
F.Mask
  6
CONTINUOUS
100
AcDbLine
 10
48.0048180000000002
 20
-76.3212709999999959
 30
0
 11
48.0048180000000002
 21
-75.9287289999999899
 31
0
  0
LINE
  5
398
330
1B
100
AcDbEntity
  8
F.Mask
  6
CONTINUOUS
100
AcDbLine
 10
48.0048180000000002
 20
-75.9287289999999899
 30
0
 11
48.0432939999999959
 21
-75.5380779999999987
 31
0
  0
LINE
  5
399
330
1B
100
AcDbEntity
  8
F.Mask
  6
CONTINUOUS
100
AcDbLine
 10
48.0432939999999959
 20
-75.5380779999999987
 30
0
 11
48.1198750000000004
 21
-75.1530789999999911
 31
0
  0
LINE
  5
39A
330
1B
100
AcDbEntity
  8
F.Mask
  6
CONTINUOUS
100
AcDbLine
 10
48.1198750000000004
 20
-75.1530789999999911
 30
0
 11
48.2338239999999985
 21
-74.7774409999999961
 31
0
  0
LINE
  5
39B
330
1B
100
AcDbEntity
  8
F.Mask
  6
CONTINUOUS
100
AcDbLine
 10
48.2338239999999985
 20
-74.7774409999999961
 30
0
 11
48.3840429999999984
 21
-74.4147799999999933
 31
0
  0
LINE
  5
39C
330
1B
100
AcDbEntity
  8
F.Mask
  6
CONTINUOUS
100
AcDbLine
 10
48.3840429999999984
 20
-74.4147799999999933
 30
0
 11
48.5690859999999986
 21
-74.0685890000000029
 31
0
  0
LINE
  5
39D
330
1B
100
AcDbEntity
  8
F.Mask
  6
CONTINUOUS
100
AcDbLine
 10
48.5690859999999986
 20
-74.0685890000000029
 30
0
 11
48.7871699999999962
 21
-73.7422030000000035
 31
0
  0
LINE
  5
39E
330
1B
100
AcDbEntity
  8
F.Mask
  6
CONTINUOUS
100
AcDbLine
 10
48.7871699999999962
 20
-73.7422030000000035
 30
0
 11
49.0361949999999993
 21
-73.4387639999999919
 31
0
  0
LINE
  5
39F
330
1B
100
AcDbEntity
  8
F.Mask
  6
CONTINUOUS
100
AcDbLine
 10
49.0361949999999993
 20
-73.4387639999999919
 30
0
 11
49.313763999999999
 21
-73.1611949999999922
 31
0
  0
LINE
  5
3A0
330
1B
100
AcDbEntity
  8
F.Mask
  6
CONTINUOUS
100
AcDbLine
 10
49.313763999999999
 20
-73.1611949999999922
 30
0
 11
49.6172029999999964
 21
-72.9121700000000033
 31
0
  0
LINE
  5
3A1
330
1B
100
AcDbEntity
  8
F.Mask
  6
CONTINUOUS
100
AcDbLine
 10
49.6172029999999964
 20
-72.9121700000000033
 30
0
 11
49.9435889999999958
 21
-72.6940859999999986
 31
0
  0
LINE
  5
3A2
330
1B
100
AcDbEntity
  8
F.Mask
  6
CONTINUOUS
100
AcDbLine
 10
49.9435889999999958
 20
-72.6940859999999986
 30
0
 11
50.2897800000000004
 21
-72.5090429999999913
 31
0
  0
LINE
  5
3A3
330
1B
100
AcDbEntity
  8
F.Mask
  6
CONTINUOUS
100
AcDbLine
 10
50.2897800000000004
 20
-72.5090429999999913
 30
0
 11
50.6524409999999961
 21
-72.3588239999999985
 31
0
  0
LINE
  5
3A4
330
1B
100
AcDbEntity
  8
F.Mask
  6
CONTINUOUS
100
AcDbLine
 10
50.6524409999999961
 20
-72.3588239999999985
 30
0
 11
51.0280789999999982
 21
-72.2448749999999933
 31
0
  0
LINE
  5
3A5
330
1B
100
AcDbEntity
  8
F.Mask
  6
CONTINUOUS
100
AcDbLine
 10
51.0280789999999982
 20
-72.2448749999999933
 30
0
 11
51.4130779999999987
 21
-72.1682940000000031
 31
0
  0
LINE
  5
3A6
330
1B
100
AcDbEntity
  8
F.Mask
  6
CONTINUOUS
100
AcDbLine
 10
51.4130779999999987
 20
-72.1682940000000031
 30
0
 11
51.803728999999997
 21
-72.1298180000000002
 31
0
  0
LINE
  5
3A7
330
1B
100
AcDbEntity
  8
F.Mask
  6
CONTINUOUS
100
AcDbLine
 10
51.803728999999997
 20
-72.1298180000000002
 30
0
 11
52.1962709999999959
 21
-72.1298180000000002
 31
0
  0
LINE
  5
3A8
330
1B
100
AcDbEntity
  8
F.Mask
  6
CONTINUOUS
100
AcDbLine
 10
52.1962709999999959
 20
-72.1298180000000002
 30
0
 11
52.5869219999999942
 21
-72.1682940000000031
 31
0
  0
LINE
  5
3A9
330
1B
100
AcDbEntity
  8
F.Mask
  6
CONTINUOUS
100
AcDbLine
 10
84.5869220000000013
 20
-72.1682940000000031
 30
0
 11
84.9719209999999947
 21
-72.2448749999999933
 31
0
  0
LINE
  5
3AA
330
1B
100
AcDbEntity
  8
F.Mask
  6
CONTINUOUS
100
AcDbLine
 10
84.9719209999999947
 20
-72.2448749999999933
 30
0
 11
85.3475589999999897
 21
-72.3588239999999985
 31
0
  0
LINE
  5
3AB
330
1B
100
AcDbEntity
  8
F.Mask
  6
CONTINUOUS
100
AcDbLine
 10
85.3475589999999897
 20
-72.3588239999999985
 30
0
 11
85.7102199999999925
 21
-72.5090429999999913
 31
0
  0
LINE
  5
3AC
330
1B
100
AcDbEntity
  8
F.Mask
  6
CONTINUOUS
100
AcDbLine
 10
85.7102199999999925
 20
-72.5090429999999913
 30
0
 11
86.0564109999999971
 21
-72.6940859999999986
 31
0
  0
LINE
  5
3AD
330
1B
100
AcDbEntity
  8
F.Mask
  6
CONTINUOUS
100
AcDbLine
 10
86.0564109999999971
 20
-72.6940859999999986
 30
0
 11
86.3827969999999965
 21
-72.9121700000000033
 31
0
  0
LINE
  5
3AE
330
1B
100
AcDbEntity
  8
F.Mask
  6
CONTINUOUS
100
AcDbLine
 10
86.3827969999999965
 20
-72.9121700000000033
 30
0
 11
86.6862359999999939
 21
-73.1611949999999922
 31
0
  0
LINE
  5
3AF
330
1B
100
AcDbEntity
  8
F.Mask
  6
CONTINUOUS
100
AcDbLine
 10
86.6862359999999939
 20
-73.1611949999999922
 30
0
 11
86.9638049999999936
 21
-73.4387639999999919
 31
0
  0
LINE
  5
3B0
330
1B
100
AcDbEntity
  8
F.Mask
  6
CONTINUOUS
100
AcDbLine
 10
86.9638049999999936
 20
-73.4387639999999919
 30
0
 11
87.2128299999999967
 21
-73.7422030000000035
 31
0
  0
LINE
  5
3B1
330
1B
100
AcDbEntity
  8
F.Mask
  6
CONTINUOUS
100
AcDbLine
 10
87.2128299999999967
 20
-73.7422030000000035
 30
0
 11
87.4309140000000014
 21
-74.0685890000000029
 31
0
  0
LINE
  5
3B2
330
1B
100
AcDbEntity
  8
F.Mask
  6
CONTINUOUS
100
AcDbLine
 10
87.4309140000000014
 20
-74.0685890000000029
 30
0
 11
87.6159569999999945
 21
-74.4147799999999933
 31
0
  0
LINE
  5
3B3
330
1B
100
AcDbEntity
  8
F.Mask
  6
CONTINUOUS
100
AcDbLine
 10
87.6159569999999945
 20
-74.4147799999999933
 30
0
 11
87.7661760000000015
 21
-74.7774409999999961
 31
0
  0
LINE
  5
3B4
330
1B
100
AcDbEntity
  8
F.Mask
  6
CONTINUOUS
100
AcDbLine
 10
87.7661760000000015
 20
-74.7774409999999961
 30
0
 11
87.8801249999999925
 21
-75.1530789999999911
 31
0
  0
LINE
  5
3B5
330
1B
100
AcDbEntity
  8
F.Mask
  6
CONTINUOUS
100
AcDbLine
 10
87.8801249999999925
 20
-75.1530789999999911
 30
0
 11
87.9567059999999969
 21
-75.5380779999999987
 31
0
  0
LINE
  5
3B6
330
1B
100
AcDbEntity
  8
F.Mask
  6
CONTINUOUS
100
AcDbLine
 10
87.9567059999999969
 20
-75.5380779999999987
 30
0
 11
87.9951819999999998
 21
-75.9287289999999899
 31
0
  0
LINE
  5
3B7
330
1B
100
AcDbEntity
  8
F.Mask
  6
CONTINUOUS
100
AcDbLine
 10
87.9951819999999998
 20
-75.9287289999999899
 30
0
 11
87.9951819999999998
 21
-76.3212709999999959
 31
0
  0
LINE
  5
3B8
330
1B
100
AcDbEntity
  8
F.Mask
  6
CONTINUOUS
100
AcDbLine
 10
87.9951819999999998
 20
-76.3212709999999959
 30
0
 11
87.9567059999999969
 21
-76.7119220000000013
 31
0
  0
LINE
  5
3B9
330
1B
100
AcDbEntity
  8
F.Mask
  6
CONTINUOUS
100
AcDbLine
 10
87.9567059999999969
 20
-76.7119220000000013
 30
0
 11
87.8801249999999925
 21
-77.0969209999999947
 31
0
  0
LINE
  5
3BA
330
1B
100
AcDbEntity
  8
F.Mask
  6
CONTINUOUS
100
AcDbLine
 10
87.8801249999999925
 20
-77.0969209999999947
 30
0
 11
87.7661760000000015
 21
-77.4725589999999897
 31
0
  0
LINE
  5
3BB
330
1B
100
AcDbEntity
  8
F.Mask
  6
CONTINUOUS
100
AcDbLine
 10
87.7661760000000015
 20
-77.4725589999999897
 30
0
 11
87.6159569999999945
 21
-77.8352199999999925
 31
0
  0
LINE
  5
3BC
330
1B
100
AcDbEntity
  8
F.Mask
  6
CONTINUOUS
100
AcDbLine
 10
87.6159569999999945
 20
-77.8352199999999925
 30
0
 11
87.4309140000000014
 21
-78.1814109999999971
 31
0
  0
LINE
  5
3BD
330
1B
100
AcDbEntity
  8
F.Mask
  6
CONTINUOUS
100
AcDbLine
 10
87.4309140000000014
 20
-78.1814109999999971
 30
0
 11
87.2128299999999967
 21
-78.5077969999999965
 31
0
  0
LINE
  5
3BE
330
1B
100
AcDbEntity
  8
F.Mask
  6
CONTINUOUS
100
AcDbLine
 10
87.2128299999999967
 20
-78.5077969999999965
 30
0
 11
86.9638049999999936
 21
-78.8112359999999939
 31
0
  0
LINE
  5
3BF
330
1B
100
AcDbEntity
  8
F.Mask
  6
CONTINUOUS
100
AcDbLine
 10
86.9638049999999936
 20
-78.8112359999999939
 30
0
 11
86.6862359999999939
 21
-79.0888049999999936
 31
0
  0
LINE
  5
3C0
330
1B
100
AcDbEntity
  8
F.Mask
  6
CONTINUOUS
100
AcDbLine
 10
86.6862359999999939
 20
-79.0888049999999936
 30
0
 11
86.3827969999999965
 21
-79.3378299999999967
 31
0
  0
LINE
  5
3C1
330
1B
100
AcDbEntity
  8
F.Mask
  6
CONTINUOUS
100
AcDbLine
 10
86.3827969999999965
 20
-79.3378299999999967
 30
0
 11
86.0564109999999971
 21
-79.5559140000000014
 31
0
  0
LINE
  5
3C2
330
1B
100
AcDbEntity
  8
F.Mask
  6
CONTINUOUS
100
AcDbLine
 10
86.0564109999999971
 20
-79.5559140000000014
 30
0
 11
85.7102199999999925
 21
-79.7409569999999945
 31
0
  0
LINE
  5
3C3
330
1B
100
AcDbEntity
  8
F.Mask
  6
CONTINUOUS
100
AcDbLine
 10
85.7102199999999925
 20
-79.7409569999999945
 30
0
 11
85.3475589999999897
 21
-79.8911760000000015
 31
0
  0
LINE
  5
3C4
330
1B
100
AcDbEntity
  8
F.Mask
  6
CONTINUOUS
100
AcDbLine
 10
85.3475589999999897
 20
-79.8911760000000015
 30
0
 11
84.9719209999999947
 21
-80.0051249999999925
 31
0
  0
LINE
  5
3C5
330
1B
100
AcDbEntity
  8
F.Mask
  6
CONTINUOUS
100
AcDbLine
 10
84.9719209999999947
 20
-80.0051249999999925
 30
0
 11
84.5869220000000013
 21
-80.0817059999999969
 31
0
  0
LINE
  5
3C6
330
1B
100
AcDbEntity
  8
F.Mask
  6
CONTINUOUS
100
AcDbLine
 10
84.5869220000000013
 20
-80.0817059999999969
 30
0
 11
84.1962709999999959
 21
-80.1201819999999998
 31
0
  0
LINE
  5
3C7
330
1B
100
AcDbEntity
  8
F.Mask
  6
CONTINUOUS
100
AcDbLine
 10
84.1962709999999959
 20
-80.1201819999999998
 30
0
 11
83.8037289999999899
 21
-80.1201819999999998
 31
0
  0
LINE
  5
3C8
330
1B
100
AcDbEntity
  8
F.Mask
  6
CONTINUOUS
100
AcDbLine
 10
83.8037289999999899
 20
-80.1201819999999998
 30
0
 11
83.4130779999999987
 21
-80.0817059999999969
 31
0
  0
LINE
  5
3C9
330
1B
100
AcDbEntity
  8
F.Mask
  6
CONTINUOUS
100
AcDbLine
 10
83.4130779999999987
 20
-80.0817059999999969
 30
0
 11
83.0280789999999911
 21
-80.0051249999999925
 31
0
  0
LINE
  5
3CA
330
1B
100
AcDbEntity
  8
F.Mask
  6
CONTINUOUS
100
AcDbLine
 10
83.0280789999999911
 20
-80.0051249999999925
 30
0
 11
82.6524409999999961
 21
-79.8911760000000015
 31
0
  0
LINE
  5
3CB
330
1B
100
AcDbEntity
  8
F.Mask
  6
CONTINUOUS
100
AcDbLine
 10
82.6524409999999961
 20
-79.8911760000000015
 30
0
 11
82.2897799999999933
 21
-79.7409569999999945
 31
0
  0
LINE
  5
3CC
330
1B
100
AcDbEntity
  8
F.Mask
  6
CONTINUOUS
100
AcDbLine
 10
82.2897799999999933
 20
-79.7409569999999945
 30
0
 11
81.9435890000000029
 21
-79.5559140000000014
 31
0
  0
LINE
  5
3CD
330
1B
100
AcDbEntity
  8
F.Mask
  6
CONTINUOUS
100
AcDbLine
 10
81.9435890000000029
 20
-79.5559140000000014
 30
0
 11
81.6172029999999893
 21
-79.3378299999999967
 31
0
  0
LINE
  5
3CE
330
1B
100
AcDbEntity
  8
F.Mask
  6
CONTINUOUS
100
AcDbLine
 10
81.6172029999999893
 20
-79.3378299999999967
 30
0
 11
81.3137639999999919
 21
-79.0888049999999936
 31
0
  0
LINE
  5
3CF
330
1B
100
AcDbEntity
  8
F.Mask
  6
CONTINUOUS
100
AcDbLine
 10
81.3137639999999919
 20
-79.0888049999999936
 30
0
 11
81.0361949999999922
 21
-78.8112359999999939
 31
0
  0
LINE
  5
3D0
330
1B
100
AcDbEntity
  8
F.Mask
  6
CONTINUOUS
100
AcDbLine
 10
81.0361949999999922
 20
-78.8112359999999939
 30
0
 11
80.7871700000000033
 21
-78.5077969999999965
 31
0
  0
LINE
  5
3D1
330
1B
100
AcDbEntity
  8
F.Mask
  6
CONTINUOUS
100
AcDbLine
 10
80.7871700000000033
 20
-78.5077969999999965
 30
0
 11
80.5690859999999986
 21
-78.1814109999999971
 31
0
  0
LINE
  5
3D2
330
1B
100
AcDbEntity
  8
F.Mask
  6
CONTINUOUS
100
AcDbLine
 10
80.5690859999999986
 20
-78.1814109999999971
 30
0
 11
80.3840429999999913
 21
-77.8352199999999925
 31
0
  0
LINE
  5
3D3
330
1B
100
AcDbEntity
  8
F.Mask
  6
CONTINUOUS
100
AcDbLine
 10
80.3840429999999913
 20
-77.8352199999999925
 30
0
 11
80.2338239999999985
 21
-77.4725589999999897
 31
0
  0
LINE
  5
3D4
330
1B
100
AcDbEntity
  8
F.Mask
  6
CONTINUOUS
100
AcDbLine
 10
80.2338239999999985
 20
-77.4725589999999897
 30
0
 11
80.1198749999999933
 21
-77.0969209999999947
 31
0
  0
LINE
  5
3D5
330
1B
100
AcDbEntity
  8
F.Mask
  6
CONTINUOUS
100
AcDbLine
 10
80.1198749999999933
 20
-77.0969209999999947
 30
0
 11
80.0432940000000031
 21
-76.7119220000000013
 31
0
  0
LINE
  5
3D6
330
1B
100
AcDbEntity
  8
F.Mask
  6
CONTINUOUS
100
AcDbLine
 10
80.0432940000000031
 20
-76.7119220000000013
 30
0
 11
80.0048180000000002
 21
-76.3212709999999959
 31
0
  0
LINE
  5
3D7
330
1B
100
AcDbEntity
  8
F.Mask
  6
CONTINUOUS
100
AcDbLine
 10
80.0048180000000002
 20
-76.3212709999999959
 30
0
 11
80.0048180000000002
 21
-75.9287289999999899
 31
0
  0
LINE
  5
3D8
330
1B
100
AcDbEntity
  8
F.Mask
  6
CONTINUOUS
100
AcDbLine
 10
80.0048180000000002
 20
-75.9287289999999899
 30
0
 11
80.0432940000000031
 21
-75.5380779999999987
 31
0
  0
LINE
  5
3D9
330
1B
100
AcDbEntity
  8
F.Mask
  6
CONTINUOUS
100
AcDbLine
 10
80.0432940000000031
 20
-75.5380779999999987
 30
0
 11
80.1198749999999933
 21
-75.1530789999999911
 31
0
  0
LINE
  5
3DA
330
1B
100
AcDbEntity
  8
F.Mask
  6
CONTINUOUS
100
AcDbLine
 10
80.1198749999999933
 20
-75.1530789999999911
 30
0
 11
80.2338239999999985
 21
-74.7774409999999961
 31
0
  0
LINE
  5
3DB
330
1B
100
AcDbEntity
  8
F.Mask
  6
CONTINUOUS
100
AcDbLine
 10
80.2338239999999985
 20
-74.7774409999999961
 30
0
 11
80.3840429999999913
 21
-74.4147799999999933
 31
0
  0
LINE
  5
3DC
330
1B
100
AcDbEntity
  8
F.Mask
  6
CONTINUOUS
100
AcDbLine
 10
80.3840429999999913
 20
-74.4147799999999933
 30
0
 11
80.5690859999999986
 21
-74.0685890000000029
 31
0
  0
LINE
  5
3DD
330
1B
100
AcDbEntity
  8
F.Mask
  6
CONTINUOUS
100
AcDbLine
 10
80.5690859999999986
 20
-74.0685890000000029
 30
0
 11
80.7871700000000033
 21
-73.7422030000000035
 31
0
  0
LINE
  5
3DE
330
1B
100
AcDbEntity
  8
F.Mask
  6
CONTINUOUS
100
AcDbLine
 10
80.7871700000000033
 20
-73.7422030000000035
 30
0
 11
81.0361949999999922
 21
-73.4387639999999919
 31
0
  0
LINE
  5
3DF
330
1B
100
AcDbEntity
  8
F.Mask
  6
CONTINUOUS
100
AcDbLine
 10
81.0361949999999922
 20
-73.4387639999999919
 30
0
 11
81.3137639999999919
 21
-73.1611949999999922
 31
0
  0
LINE
  5
3E0
330
1B
100
AcDbEntity
  8
F.Mask
  6
CONTINUOUS
100
AcDbLine
 10
81.3137639999999919
 20
-73.1611949999999922
 30
0
 11
81.6172029999999893
 21
-72.9121700000000033
 31
0
  0
LINE
  5
3E1
330
1B
100
AcDbEntity
  8
F.Mask
  6
CONTINUOUS
100
AcDbLine
 10
81.6172029999999893
 20
-72.9121700000000033
 30
0
 11
81.9435890000000029
 21
-72.6940859999999986
 31
0
  0
LINE
  5
3E2
330
1B
100
AcDbEntity
  8
F.Mask
  6
CONTINUOUS
100
AcDbLine
 10
81.9435890000000029
 20
-72.6940859999999986
 30
0
 11
82.2897799999999933
 21
-72.5090429999999913
 31
0
  0
LINE
  5
3E3
330
1B
100
AcDbEntity
  8
F.Mask
  6
CONTINUOUS
100
AcDbLine
 10
82.2897799999999933
 20
-72.5090429999999913
 30
0
 11
82.6524409999999961
 21
-72.3588239999999985
 31
0
  0
LINE
  5
3E4
330
1B
100
AcDbEntity
  8
F.Mask
  6
CONTINUOUS
100
AcDbLine
 10
82.6524409999999961
 20
-72.3588239999999985
 30
0
 11
83.0280789999999911
 21
-72.2448749999999933
 31
0
  0
LINE
  5
3E5
330
1B
100
AcDbEntity
  8
F.Mask
  6
CONTINUOUS
100
AcDbLine
 10
83.0280789999999911
 20
-72.2448749999999933
 30
0
 11
83.4130779999999987
 21
-72.1682940000000031
 31
0
  0
LINE
  5
3E6
330
1B
100
AcDbEntity
  8
F.Mask
  6
CONTINUOUS
100
AcDbLine
 10
83.4130779999999987
 20
-72.1682940000000031
 30
0
 11
83.8037289999999899
 21
-72.1298180000000002
 31
0
  0
LINE
  5
3E7
330
1B
100
AcDbEntity
  8
F.Mask
  6
CONTINUOUS
100
AcDbLine
 10
83.8037289999999899
 20
-72.1298180000000002
 30
0
 11
84.1962709999999959
 21
-72.1298180000000002
 31
0
  0
LINE
  5
3E8
330
1B
100
AcDbEntity
  8
F.Mask
  6
CONTINUOUS
100
AcDbLine
 10
84.1962709999999959
 20
-72.1298180000000002
 30
0
 11
84.5869220000000013
 21
-72.1682940000000031
 31
0
  0
LINE
  5
3E9
330
1B
100
AcDbEntity
  8
F.Mask
  6
CONTINUOUS
100
AcDbLine
 10
116.5869220000000013
 20
-72.1682940000000031
 30
0
 11
116.9719209999999947
 21
-72.2448749999999933
 31
0
  0
LINE
  5
3EA
330
1B
100
AcDbEntity
  8
F.Mask
  6
CONTINUOUS
100
AcDbLine
 10
116.9719209999999947
 20
-72.2448749999999933
 30
0
 11
117.3475589999999897
 21
-72.3588239999999985
 31
0
  0
LINE
  5
3EB
330
1B
100
AcDbEntity
  8
F.Mask
  6
CONTINUOUS
100
AcDbLine
 10
117.3475589999999897
 20
-72.3588239999999985
 30
0
 11
117.7102199999999925
 21
-72.5090429999999913
 31
0
  0
LINE
  5
3EC
330
1B
100
AcDbEntity
  8
F.Mask
  6
CONTINUOUS
100
AcDbLine
 10
117.7102199999999925
 20
-72.5090429999999913
 30
0
 11
118.0564109999999971
 21
-72.6940859999999986
 31
0
  0
LINE
  5
3ED
330
1B
100
AcDbEntity
  8
F.Mask
  6
CONTINUOUS
100
AcDbLine
 10
118.0564109999999971
 20
-72.6940859999999986
 30
0
 11
118.3827969999999965
 21
-72.9121700000000033
 31
0
  0
LINE
  5
3EE
330
1B
100
AcDbEntity
  8
F.Mask
  6
CONTINUOUS
100
AcDbLine
 10
118.3827969999999965
 20
-72.9121700000000033
 30
0
 11
118.6862359999999939
 21
-73.1611949999999922
 31
0
  0
LINE
  5
3EF
330
1B
100
AcDbEntity
  8
F.Mask
  6
CONTINUOUS
100
AcDbLine
 10
118.6862359999999939
 20
-73.1611949999999922
 30
0
 11
118.9638049999999936
 21
-73.4387639999999919
 31
0
  0
LINE
  5
3F0
330
1B
100
AcDbEntity
  8
F.Mask
  6
CONTINUOUS
100
AcDbLine
 10
118.9638049999999936
 20
-73.4387639999999919
 30
0
 11
119.2128299999999967
 21
-73.7422030000000035
 31
0
  0
LINE
  5
3F1
330
1B
100
AcDbEntity
  8
F.Mask
  6
CONTINUOUS
100
AcDbLine
 10
119.2128299999999967
 20
-73.7422030000000035
 30
0
 11
119.4309140000000014
 21
-74.0685890000000029
 31
0
  0
LINE
  5
3F2
330
1B
100
AcDbEntity
  8
F.Mask
  6
CONTINUOUS
100
AcDbLine
 10
119.4309140000000014
 20
-74.0685890000000029
 30
0
 11
119.6159569999999945
 21
-74.4147799999999933
 31
0
  0
LINE
  5
3F3
330
1B
100
AcDbEntity
  8
F.Mask
  6
CONTINUOUS
100
AcDbLine
 10
119.6159569999999945
 20
-74.4147799999999933
 30
0
 11
119.7661760000000015
 21
-74.7774409999999961
 31
0
  0
LINE
  5
3F4
330
1B
100
AcDbEntity
  8
F.Mask
  6
CONTINUOUS
100
AcDbLine
 10
119.7661760000000015
 20
-74.7774409999999961
 30
0
 11
119.8801249999999925
 21
-75.1530789999999911
 31
0
  0
LINE
  5
3F5
330
1B
100
AcDbEntity
  8
F.Mask
  6
CONTINUOUS
100
AcDbLine
 10
119.8801249999999925
 20
-75.1530789999999911
 30
0
 11
119.9567059999999969
 21
-75.5380779999999987
 31
0
  0
LINE
  5
3F6
330
1B
100
AcDbEntity
  8
F.Mask
  6
CONTINUOUS
100
AcDbLine
 10
119.9567059999999969
 20
-75.5380779999999987
 30
0
 11
119.9951819999999998
 21
-75.9287289999999899
 31
0
  0
LINE
  5
3F7
330
1B
100
AcDbEntity
  8
F.Mask
  6
CONTINUOUS
100
AcDbLine
 10
119.9951819999999998
 20
-75.9287289999999899
 30
0
 11
119.9951819999999998
 21
-76.3212709999999959
 31
0
  0
LINE
  5
3F8
330
1B
100
AcDbEntity
  8
F.Mask
  6
CONTINUOUS
100
AcDbLine
 10
119.9951819999999998
 20
-76.3212709999999959
 30
0
 11
119.9567059999999969
 21
-76.7119220000000013
 31
0
  0
LINE
  5
3F9
330
1B
100
AcDbEntity
  8
F.Mask
  6
CONTINUOUS
100
AcDbLine
 10
119.9567059999999969
 20
-76.7119220000000013
 30
0
 11
119.8801249999999925
 21
-77.0969209999999947
 31
0
  0
LINE
  5
3FA
330
1B
100
AcDbEntity
  8
F.Mask
  6
CONTINUOUS
100
AcDbLine
 10
119.8801249999999925
 20
-77.0969209999999947
 30
0
 11
119.7661760000000015
 21
-77.4725589999999897
 31
0
  0
LINE
  5
3FB
330
1B
100
AcDbEntity
  8
F.Mask
  6
CONTINUOUS
100
AcDbLine
 10
119.7661760000000015
 20
-77.4725589999999897
 30
0
 11
119.6159569999999945
 21
-77.8352199999999925
 31
0
  0
LINE
  5
3FC
330
1B
100
AcDbEntity
  8
F.Mask
  6
CONTINUOUS
100
AcDbLine
 10
119.6159569999999945
 20
-77.8352199999999925
 30
0
 11
119.4309140000000014
 21
-78.1814109999999971
 31
0
  0
LINE
  5
3FD
330
1B
100
AcDbEntity
  8
F.Mask
  6
CONTINUOUS
100
AcDbLine
 10
119.4309140000000014
 20
-78.1814109999999971
 30
0
 11
119.2128299999999967
 21
-78.5077969999999965
 31
0
  0
LINE
  5
3FE
330
1B
100
AcDbEntity
  8
F.Mask
  6
CONTINUOUS
100
AcDbLine
 10
119.2128299999999967
 20
-78.5077969999999965
 30
0
 11
118.9638049999999936
 21
-78.8112359999999939
 31
0
  0
LINE
  5
3FF
330
1B
100
AcDbEntity
  8
F.Mask
  6
CONTINUOUS
100
AcDbLine
 10
118.9638049999999936
 20
-78.8112359999999939
 30
0
 11
118.6862359999999939
 21
-79.0888049999999936
 31
0
  0
LINE
  5
400
330
1B
100
AcDbEntity
  8
F.Mask
  6
CONTINUOUS
100
AcDbLine
 10
118.6862359999999939
 20
-79.0888049999999936
 30
0
 11
118.3827969999999965
 21
-79.3378299999999967
 31
0
  0
LINE
  5
401
330
1B
100
AcDbEntity
  8
F.Mask
  6
CONTINUOUS
100
AcDbLine
 10
118.3827969999999965
 20
-79.3378299999999967
 30
0
 11
118.0564109999999971
 21
-79.5559140000000014
 31
0
  0
LINE
  5
402
330
1B
100
AcDbEntity
  8
F.Mask
  6
CONTINUOUS
100
AcDbLine
 10
118.0564109999999971
 20
-79.5559140000000014
 30
0
 11
117.7102199999999925
 21
-79.7409569999999945
 31
0
  0
LINE
  5
403
330
1B
100
AcDbEntity
  8
F.Mask
  6
CONTINUOUS
100
AcDbLine
 10
117.7102199999999925
 20
-79.7409569999999945
 30
0
 11
117.3475589999999897
 21
-79.8911760000000015
 31
0
  0
LINE
  5
404
330
1B
100
AcDbEntity
  8
F.Mask
  6
CONTINUOUS
100
AcDbLine
 10
117.3475589999999897
 20
-79.8911760000000015
 30
0
 11
116.9719209999999947
 21
-80.0051249999999925
 31
0
  0
LINE
  5
405
330
1B
100
AcDbEntity
  8
F.Mask
  6
CONTINUOUS
100
AcDbLine
 10
116.9719209999999947
 20
-80.0051249999999925
 30
0
 11
116.5869220000000013
 21
-80.0817059999999969
 31
0
  0
LINE
  5
406
330
1B
100
AcDbEntity
  8
F.Mask
  6
CONTINUOUS
100
AcDbLine
 10
116.5869220000000013
 20
-80.0817059999999969
 30
0
 11
116.1962709999999959
 21
-80.1201819999999998
 31
0
  0
LINE
  5
407
330
1B
100
AcDbEntity
  8
F.Mask
  6
CONTINUOUS
100
AcDbLine
 10
116.1962709999999959
 20
-80.1201819999999998
 30
0
 11
115.8037289999999899
 21
-80.1201819999999998
 31
0
  0
LINE
  5
408
330
1B
100
AcDbEntity
  8
F.Mask
  6
CONTINUOUS
100
AcDbLine
 10
115.8037289999999899
 20
-80.1201819999999998
 30
0
 11
115.4130779999999987
 21
-80.0817059999999969
 31
0
  0
LINE
  5
409
330
1B
100
AcDbEntity
  8
F.Mask
  6
CONTINUOUS
100
AcDbLine
 10
115.4130779999999987
 20
-80.0817059999999969
 30
0
 11
115.0280789999999911
 21
-80.0051249999999925
 31
0
  0
LINE
  5
40A
330
1B
100
AcDbEntity
  8
F.Mask
  6
CONTINUOUS
100
AcDbLine
 10
115.0280789999999911
 20
-80.0051249999999925
 30
0
 11
114.6524409999999961
 21
-79.8911760000000015
 31
0
  0
LINE
  5
40B
330
1B
100
AcDbEntity
  8
F.Mask
  6
CONTINUOUS
100
AcDbLine
 10
114.6524409999999961
 20
-79.8911760000000015
 30
0
 11
114.2897799999999933
 21
-79.7409569999999945
 31
0
  0
LINE
  5
40C
330
1B
100
AcDbEntity
  8
F.Mask
  6
CONTINUOUS
100
AcDbLine
 10
114.2897799999999933
 20
-79.7409569999999945
 30
0
 11
113.9435889999999887
 21
-79.5559140000000014
 31
0
  0
LINE
  5
40D
330
1B
100
AcDbEntity
  8
F.Mask
  6
CONTINUOUS
100
AcDbLine
 10
113.9435889999999887
 20
-79.5559140000000014
 30
0
 11
113.6172029999999893
 21
-79.3378299999999967
 31
0
  0
LINE
  5
40E
330
1B
100
AcDbEntity
  8
F.Mask
  6
CONTINUOUS
100
AcDbLine
 10
113.6172029999999893
 20
-79.3378299999999967
 30
0
 11
113.3137639999999919
 21
-79.0888049999999936
 31
0
  0
LINE
  5
40F
330
1B
100
AcDbEntity
  8
F.Mask
  6
CONTINUOUS
100
AcDbLine
 10
113.3137639999999919
 20
-79.0888049999999936
 30
0
 11
113.0361949999999922
 21
-78.8112359999999939
 31
0
  0
LINE
  5
410
330
1B
100
AcDbEntity
  8
F.Mask
  6
CONTINUOUS
100
AcDbLine
 10
113.0361949999999922
 20
-78.8112359999999939
 30
0
 11
112.787169999999989
 21
-78.5077969999999965
 31
0
  0
LINE
  5
411
330
1B
100
AcDbEntity
  8
F.Mask
  6
CONTINUOUS
100
AcDbLine
 10
112.787169999999989
 20
-78.5077969999999965
 30
0
 11
112.5690859999999986
 21
-78.1814109999999971
 31
0
  0
LINE
  5
412
330
1B
100
AcDbEntity
  8
F.Mask
  6
CONTINUOUS
100
AcDbLine
 10
112.5690859999999986
 20
-78.1814109999999971
 30
0
 11
112.3840429999999913
 21
-77.8352199999999925
 31
0
  0
LINE
  5
413
330
1B
100
AcDbEntity
  8
F.Mask
  6
CONTINUOUS
100
AcDbLine
 10
112.3840429999999913
 20
-77.8352199999999925
 30
0
 11
112.2338239999999985
 21
-77.4725589999999897
 31
0
  0
LINE
  5
414
330
1B
100
AcDbEntity
  8
F.Mask
  6
CONTINUOUS
100
AcDbLine
 10
112.2338239999999985
 20
-77.4725589999999897
 30
0
 11
112.1198749999999933
 21
-77.0969209999999947
 31
0
  0
LINE
  5
415
330
1B
100
AcDbEntity
  8
F.Mask
  6
CONTINUOUS
100
AcDbLine
 10
112.1198749999999933
 20
-77.0969209999999947
 30
0
 11
112.0432939999999888
 21
-76.7119220000000013
 31
0
  0
LINE
  5
416
330
1B
100
AcDbEntity
  8
F.Mask
  6
CONTINUOUS
100
AcDbLine
 10
112.0432939999999888
 20
-76.7119220000000013
 30
0
 11
112.0048180000000002
 21
-76.3212709999999959
 31
0
  0
LINE
  5
417
330
1B
100
AcDbEntity
  8
F.Mask
  6
CONTINUOUS
100
AcDbLine
 10
112.0048180000000002
 20
-76.3212709999999959
 30
0
 11
112.0048180000000002
 21
-75.9287289999999899
 31
0
  0
LINE
  5
418
330
1B
100
AcDbEntity
  8
F.Mask
  6
CONTINUOUS
100
AcDbLine
 10
112.0048180000000002
 20
-75.9287289999999899
 30
0
 11
112.0432939999999888
 21
-75.5380779999999987
 31
0
  0
LINE
  5
419
330
1B
100
AcDbEntity
  8
F.Mask
  6
CONTINUOUS
100
AcDbLine
 10
112.0432939999999888
 20
-75.5380779999999987
 30
0
 11
112.1198749999999933
 21
-75.1530789999999911
 31
0
  0
LINE
  5
41A
330
1B
100
AcDbEntity
  8
F.Mask
  6
CONTINUOUS
100
AcDbLine
 10
112.1198749999999933
 20
-75.1530789999999911
 30
0
 11
112.2338239999999985
 21
-74.7774409999999961
 31
0
  0
LINE
  5
41B
330
1B
100
AcDbEntity
  8
F.Mask
  6
CONTINUOUS
100
AcDbLine
 10
112.2338239999999985
 20
-74.7774409999999961
 30
0
 11
112.3840429999999913
 21
-74.4147799999999933
 31
0
  0
LINE
  5
41C
330
1B
100
AcDbEntity
  8
F.Mask
  6
CONTINUOUS
100
AcDbLine
 10
112.3840429999999913
 20
-74.4147799999999933
 30
0
 11
112.5690859999999986
 21
-74.0685890000000029
 31
0
  0
LINE
  5
41D
330
1B
100
AcDbEntity
  8
F.Mask
  6
CONTINUOUS
100
AcDbLine
 10
112.5690859999999986
 20
-74.0685890000000029
 30
0
 11
112.787169999999989
 21
-73.7422030000000035
 31
0
  0
LINE
  5
41E
330
1B
100
AcDbEntity
  8
F.Mask
  6
CONTINUOUS
100
AcDbLine
 10
112.787169999999989
 20
-73.7422030000000035
 30
0
 11
113.0361949999999922
 21
-73.4387639999999919
 31
0
  0
LINE
  5
41F
330
1B
100
AcDbEntity
  8
F.Mask
  6
CONTINUOUS
100
AcDbLine
 10
113.0361949999999922
 20
-73.4387639999999919
 30
0
 11
113.3137639999999919
 21
-73.1611949999999922
 31
0
  0
LINE
  5
420
330
1B
100
AcDbEntity
  8
F.Mask
  6
CONTINUOUS
100
AcDbLine
 10
113.3137639999999919
 20
-73.1611949999999922
 30
0
 11
113.6172029999999893
 21
-72.9121700000000033
 31
0
  0
LINE
  5
421
330
1B
100
AcDbEntity
  8
F.Mask
  6
CONTINUOUS
100
AcDbLine
 10
113.6172029999999893
 20
-72.9121700000000033
 30
0
 11
113.9435889999999887
 21
-72.6940859999999986
 31
0
  0
LINE
  5
422
330
1B
100
AcDbEntity
  8
F.Mask
  6
CONTINUOUS
100
AcDbLine
 10
113.9435889999999887
 20
-72.6940859999999986
 30
0
 11
114.2897799999999933
 21
-72.5090429999999913
 31
0
  0
LINE
  5
423
330
1B
100
AcDbEntity
  8
F.Mask
  6
CONTINUOUS
100
AcDbLine
 10
114.2897799999999933
 20
-72.5090429999999913
 30
0
 11
114.6524409999999961
 21
-72.3588239999999985
 31
0
  0
LINE
  5
424
330
1B
100
AcDbEntity
  8
F.Mask
  6
CONTINUOUS
100
AcDbLine
 10
114.6524409999999961
 20
-72.3588239999999985
 30
0
 11
115.0280789999999911
 21
-72.2448749999999933
 31
0
  0
LINE
  5
425
330
1B
100
AcDbEntity
  8
F.Mask
  6
CONTINUOUS
100
AcDbLine
 10
115.0280789999999911
 20
-72.2448749999999933
 30
0
 11
115.4130779999999987
 21
-72.1682940000000031
 31
0
  0
LINE
  5
426
330
1B
100
AcDbEntity
  8
F.Mask
  6
CONTINUOUS
100
AcDbLine
 10
115.4130779999999987
 20
-72.1682940000000031
 30
0
 11
115.8037289999999899
 21
-72.1298180000000002
 31
0
  0
LINE
  5
427
330
1B
100
AcDbEntity
  8
F.Mask
  6
CONTINUOUS
100
AcDbLine
 10
115.8037289999999899
 20
-72.1298180000000002
 30
0
 11
116.1962709999999959
 21
-72.1298180000000002
 31
0
  0
LINE
  5
428
330
1B
100
AcDbEntity
  8
F.Mask
  6
CONTINUOUS
100
AcDbLine
 10
116.1962709999999959
 20
-72.1298180000000002
 30
0
 11
116.5869220000000013
 21
-72.1682940000000031
 31
0
  0
LINE
  5
429
330
1B
100
AcDbEntity
  8
F.Mask
  6
CONTINUOUS
100
AcDbLine
 10
148.5869219999999871
 20
-72.1682940000000031
 30
0
 11
148.9719209999999805
 21
-72.2448749999999933
 31
0
  0
LINE
  5
42A
330
1B
100
AcDbEntity
  8
F.Mask
  6
CONTINUOUS
100
AcDbLine
 10
148.9719209999999805
 20
-72.2448749999999933
 30
0
 11
149.3475589999999897
 21
-72.3588239999999985
 31
0
  0
LINE
  5
42B
330
1B
100
AcDbEntity
  8
F.Mask
  6
CONTINUOUS
100
AcDbLine
 10
149.3475589999999897
 20
-72.3588239999999985
 30
0
 11
149.7102199999999925
 21
-72.5090429999999913
 31
0
  0
LINE
  5
42C
330
1B
100
AcDbEntity
  8
F.Mask
  6
CONTINUOUS
100
AcDbLine
 10
149.7102199999999925
 20
-72.5090429999999913
 30
0
 11
150.0564109999999971
 21
-72.6940859999999986
 31
0
  0
LINE
  5
42D
330
1B
100
AcDbEntity
  8
F.Mask
  6
CONTINUOUS
100
AcDbLine
 10
150.0564109999999971
 20
-72.6940859999999986
 30
0
 11
150.3827969999999823
 21
-72.9121700000000033
 31
0
  0
LINE
  5
42E
330
1B
100
AcDbEntity
  8
F.Mask
  6
CONTINUOUS
100
AcDbLine
 10
150.3827969999999823
 20
-72.9121700000000033
 30
0
 11
150.6862359999999796
 21
-73.1611949999999922
 31
0
  0
LINE
  5
42F
330
1B
100
AcDbEntity
  8
F.Mask
  6
CONTINUOUS
100
AcDbLine
 10
150.6862359999999796
 20
-73.1611949999999922
 30
0
 11
150.9638049999999794
 21
-73.4387639999999919
 31
0
  0
LINE
  5
430
330
1B
100
AcDbEntity
  8
F.Mask
  6
CONTINUOUS
100
AcDbLine
 10
150.9638049999999794
 20
-73.4387639999999919
 30
0
 11
151.2128299999999967
 21
-73.7422030000000035
 31
0
  0
LINE
  5
431
330
1B
100
AcDbEntity
  8
F.Mask
  6
CONTINUOUS
100
AcDbLine
 10
151.2128299999999967
 20
-73.7422030000000035
 30
0
 11
151.4309140000000014
 21
-74.0685890000000029
 31
0
  0
LINE
  5
432
330
1B
100
AcDbEntity
  8
F.Mask
  6
CONTINUOUS
100
AcDbLine
 10
151.4309140000000014
 20
-74.0685890000000029
 30
0
 11
151.6159569999999803
 21
-74.4147799999999933
 31
0
  0
LINE
  5
433
330
1B
100
AcDbEntity
  8
F.Mask
  6
CONTINUOUS
100
AcDbLine
 10
151.6159569999999803
 20
-74.4147799999999933
 30
0
 11
151.7661760000000015
 21
-74.7774409999999961
 31
0
  0
LINE
  5
434
330
1B
100
AcDbEntity
  8
F.Mask
  6
CONTINUOUS
100
AcDbLine
 10
151.7661760000000015
 20
-74.7774409999999961
 30
0
 11
151.8801249999999925
 21
-75.1530789999999911
 31
0
  0
LINE
  5
435
330
1B
100
AcDbEntity
  8
F.Mask
  6
CONTINUOUS
100
AcDbLine
 10
151.8801249999999925
 20
-75.1530789999999911
 30
0
 11
151.9567059999999969
 21
-75.5380779999999987
 31
0
  0
LINE
  5
436
330
1B
100
AcDbEntity
  8
F.Mask
  6
CONTINUOUS
100
AcDbLine
 10
151.9567059999999969
 20
-75.5380779999999987
 30
0
 11
151.9951819999999998
 21
-75.9287289999999899
 31
0
  0
LINE
  5
437
330
1B
100
AcDbEntity
  8
F.Mask
  6
CONTINUOUS
100
AcDbLine
 10
151.9951819999999998
 20
-75.9287289999999899
 30
0
 11
151.9951819999999998
 21
-76.3212709999999959
 31
0
  0
LINE
  5
438
330
1B
100
AcDbEntity
  8
F.Mask
  6
CONTINUOUS
100
AcDbLine
 10
151.9951819999999998
 20
-76.3212709999999959
 30
0
 11
151.9567059999999969
 21
-76.7119220000000013
 31
0
  0
LINE
  5
439
330
1B
100
AcDbEntity
  8
F.Mask
  6
CONTINUOUS
100
AcDbLine
 10
151.9567059999999969
 20
-76.7119220000000013
 30
0
 11
151.8801249999999925
 21
-77.0969209999999947
 31
0
  0
LINE
  5
43A
330
1B
100
AcDbEntity
  8
F.Mask
  6
CONTINUOUS
100
AcDbLine
 10
151.8801249999999925
 20
-77.0969209999999947
 30
0
 11
151.7661760000000015
 21
-77.4725589999999897
 31
0
  0
LINE
  5
43B
330
1B
100
AcDbEntity
  8
F.Mask
  6
CONTINUOUS
100
AcDbLine
 10
151.7661760000000015
 20
-77.4725589999999897
 30
0
 11
151.6159569999999803
 21
-77.8352199999999925
 31
0
  0
LINE
  5
43C
330
1B
100
AcDbEntity
  8
F.Mask
  6
CONTINUOUS
100
AcDbLine
 10
151.6159569999999803
 20
-77.8352199999999925
 30
0
 11
151.4309140000000014
 21
-78.1814109999999971
 31
0
  0
LINE
  5
43D
330
1B
100
AcDbEntity
  8
F.Mask
  6
CONTINUOUS
100
AcDbLine
 10
151.4309140000000014
 20
-78.1814109999999971
 30
0
 11
151.2128299999999967
 21
-78.5077969999999965
 31
0
  0
LINE
  5
43E
330
1B
100
AcDbEntity
  8
F.Mask
  6
CONTINUOUS
100
AcDbLine
 10
151.2128299999999967
 20
-78.5077969999999965
 30
0
 11
150.9638049999999794
 21
-78.8112359999999939
 31
0
  0
LINE
  5
43F
330
1B
100
AcDbEntity
  8
F.Mask
  6
CONTINUOUS
100
AcDbLine
 10
150.9638049999999794
 20
-78.8112359999999939
 30
0
 11
150.6862359999999796
 21
-79.0888049999999936
 31
0
  0
LINE
  5
440
330
1B
100
AcDbEntity
  8
F.Mask
  6
CONTINUOUS
100
AcDbLine
 10
150.6862359999999796
 20
-79.0888049999999936
 30
0
 11
150.3827969999999823
 21
-79.3378299999999967
 31
0
  0
LINE
  5
441
330
1B
100
AcDbEntity
  8
F.Mask
  6
CONTINUOUS
100
AcDbLine
 10
150.3827969999999823
 20
-79.3378299999999967
 30
0
 11
150.0564109999999971
 21
-79.5559140000000014
 31
0
  0
LINE
  5
442
330
1B
100
AcDbEntity
  8
F.Mask
  6
CONTINUOUS
100
AcDbLine
 10
150.0564109999999971
 20
-79.5559140000000014
 30
0
 11
149.7102199999999925
 21
-79.7409569999999945
 31
0
  0
LINE
  5
443
330
1B
100
AcDbEntity
  8
F.Mask
  6
CONTINUOUS
100
AcDbLine
 10
149.7102199999999925
 20
-79.7409569999999945
 30
0
 11
149.3475589999999897
 21
-79.8911760000000015
 31
0
  0
LINE
  5
444
330
1B
100
AcDbEntity
  8
F.Mask
  6
CONTINUOUS
100
AcDbLine
 10
149.3475589999999897
 20
-79.8911760000000015
 30
0
 11
148.9719209999999805
 21
-80.0051249999999925
 31
0
  0
LINE
  5
445
330
1B
100
AcDbEntity
  8
F.Mask
  6
CONTINUOUS
100
AcDbLine
 10
148.9719209999999805
 20
-80.0051249999999925
 30
0
 11
148.5869219999999871
 21
-80.0817059999999969
 31
0
  0
LINE
  5
446
330
1B
100
AcDbEntity
  8
F.Mask
  6
CONTINUOUS
100
AcDbLine
 10
148.5869219999999871
 20
-80.0817059999999969
 30
0
 11
148.1962709999999959
 21
-80.1201819999999998
 31
0
  0
LINE
  5
447
330
1B
100
AcDbEntity
  8
F.Mask
  6
CONTINUOUS
100
AcDbLine
 10
148.1962709999999959
 20
-80.1201819999999998
 30
0
 11
147.8037290000000041
 21
-80.1201819999999998
 31
0
  0
LINE
  5
448
330
1B
100
AcDbEntity
  8
F.Mask
  6
CONTINUOUS
100
AcDbLine
 10
147.8037290000000041
 20
-80.1201819999999998
 30
0
 11
147.4130779999999845
 21
-80.0817059999999969
 31
0
  0
LINE
  5
449
330
1B
100
AcDbEntity
  8
F.Mask
  6
CONTINUOUS
100
AcDbLine
 10
147.4130779999999845
 20
-80.0817059999999969
 30
0
 11
147.0280789999999911
 21
-80.0051249999999925
 31
0
  0
LINE
  5
44A
330
1B
100
AcDbEntity
  8
F.Mask
  6
CONTINUOUS
100
AcDbLine
 10
147.0280789999999911
 20
-80.0051249999999925
 30
0
 11
146.6524409999999818
 21
-79.8911760000000015
 31
0
  0
LINE
  5
44B
330
1B
100
AcDbEntity
  8
F.Mask
  6
CONTINUOUS
100
AcDbLine
 10
146.6524409999999818
 20
-79.8911760000000015
 30
0
 11
146.2897800000000075
 21
-79.7409569999999945
 31
0
  0
LINE
  5
44C
330
1B
100
AcDbEntity
  8
F.Mask
  6
CONTINUOUS
100
AcDbLine
 10
146.2897800000000075
 20
-79.7409569999999945
 30
0
 11
145.9435890000000029
 21
-79.5559140000000014
 31
0
  0
LINE
  5
44D
330
1B
100
AcDbEntity
  8
F.Mask
  6
CONTINUOUS
100
AcDbLine
 10
145.9435890000000029
 20
-79.5559140000000014
 30
0
 11
145.6172029999999893
 21
-79.3378299999999967
 31
0
  0
LINE
  5
44E
330
1B
100
AcDbEntity
  8
F.Mask
  6
CONTINUOUS
100
AcDbLine
 10
145.6172029999999893
 20
-79.3378299999999967
 30
0
 11
145.3137639999999919
 21
-79.0888049999999936
 31
0
  0
LINE
  5
44F
330
1B
100
AcDbEntity
  8
F.Mask
  6
CONTINUOUS
100
AcDbLine
 10
145.3137639999999919
 20
-79.0888049999999936
 30
0
 11
145.0361949999999922
 21
-78.8112359999999939
 31
0
  0
LINE
  5
450
330
1B
100
AcDbEntity
  8
F.Mask
  6
CONTINUOUS
100
AcDbLine
 10
145.0361949999999922
 20
-78.8112359999999939
 30
0
 11
144.7871700000000033
 21
-78.5077969999999965
 31
0
  0
LINE
  5
451
330
1B
100
AcDbEntity
  8
F.Mask
  6
CONTINUOUS
100
AcDbLine
 10
144.7871700000000033
 20
-78.5077969999999965
 30
0
 11
144.5690859999999986
 21
-78.1814109999999971
 31
0
  0
LINE
  5
452
330
1B
100
AcDbEntity
  8
F.Mask
  6
CONTINUOUS
100
AcDbLine
 10
144.5690859999999986
 20
-78.1814109999999971
 30
0
 11
144.3840429999999913
 21
-77.8352199999999925
 31
0
  0
LINE
  5
453
330
1B
100
AcDbEntity
  8
F.Mask
  6
CONTINUOUS
100
AcDbLine
 10
144.3840429999999913
 20
-77.8352199999999925
 30
0
 11
144.2338239999999985
 21
-77.4725589999999897
 31
0
  0
LINE
  5
454
330
1B
100
AcDbEntity
  8
F.Mask
  6
CONTINUOUS
100
AcDbLine
 10
144.2338239999999985
 20
-77.4725589999999897
 30
0
 11
144.1198750000000075
 21
-77.0969209999999947
 31
0
  0
LINE
  5
455
330
1B
100
AcDbEntity
  8
F.Mask
  6
CONTINUOUS
100
AcDbLine
 10
144.1198750000000075
 20
-77.0969209999999947
 30
0
 11
144.0432940000000031
 21
-76.7119220000000013
 31
0
  0
LINE
  5
456
330
1B
100
AcDbEntity
  8
F.Mask
  6
CONTINUOUS
100
AcDbLine
 10
144.0432940000000031
 20
-76.7119220000000013
 30
0
 11
144.0048180000000002
 21
-76.3212709999999959
 31
0
  0
LINE
  5
457
330
1B
100
AcDbEntity
  8
F.Mask
  6
CONTINUOUS
100
AcDbLine
 10
144.0048180000000002
 20
-76.3212709999999959
 30
0
 11
144.0048180000000002
 21
-75.9287289999999899
 31
0
  0
LINE
  5
458
330
1B
100
AcDbEntity
  8
F.Mask
  6
CONTINUOUS
100
AcDbLine
 10
144.0048180000000002
 20
-75.9287289999999899
 30
0
 11
144.0432940000000031
 21
-75.5380779999999987
 31
0
  0
LINE
  5
459
330
1B
100
AcDbEntity
  8
F.Mask
  6
CONTINUOUS
100
AcDbLine
 10
144.0432940000000031
 20
-75.5380779999999987
 30
0
 11
144.1198750000000075
 21
-75.1530789999999911
 31
0
  0
LINE
  5
45A
330
1B
100
AcDbEntity
  8
F.Mask
  6
CONTINUOUS
100
AcDbLine
 10
144.1198750000000075
 20
-75.1530789999999911
 30
0
 11
144.2338239999999985
 21
-74.7774409999999961
 31
0
  0
LINE
  5
45B
330
1B
100
AcDbEntity
  8
F.Mask
  6
CONTINUOUS
100
AcDbLine
 10
144.2338239999999985
 20
-74.7774409999999961
 30
0
 11
144.3840429999999913
 21
-74.4147799999999933
 31
0
  0
LINE
  5
45C
330
1B
100
AcDbEntity
  8
F.Mask
  6
CONTINUOUS
100
AcDbLine
 10
144.3840429999999913
 20
-74.4147799999999933
 30
0
 11
144.5690859999999986
 21
-74.0685890000000029
 31
0
  0
LINE
  5
45D
330
1B
100
AcDbEntity
  8
F.Mask
  6
CONTINUOUS
100
AcDbLine
 10
144.5690859999999986
 20
-74.0685890000000029
 30
0
 11
144.7871700000000033
 21
-73.7422030000000035
 31
0
  0
LINE
  5
45E
330
1B
100
AcDbEntity
  8
F.Mask
  6
CONTINUOUS
100
AcDbLine
 10
144.7871700000000033
 20
-73.7422030000000035
 30
0
 11
145.0361949999999922
 21
-73.4387639999999919
 31
0
  0
LINE
  5
45F
330
1B
100
AcDbEntity
  8
F.Mask
  6
CONTINUOUS
100
AcDbLine
 10
145.0361949999999922
 20
-73.4387639999999919
 30
0
 11
145.3137639999999919
 21
-73.1611949999999922
 31
0
  0
LINE
  5
460
330
1B
100
AcDbEntity
  8
F.Mask
  6
CONTINUOUS
100
AcDbLine
 10
145.3137639999999919
 20
-73.1611949999999922
 30
0
 11
145.6172029999999893
 21
-72.9121700000000033
 31
0
  0
LINE
  5
461
330
1B
100
AcDbEntity
  8
F.Mask
  6
CONTINUOUS
100
AcDbLine
 10
145.6172029999999893
 20
-72.9121700000000033
 30
0
 11
145.9435890000000029
 21
-72.6940859999999986
 31
0
  0
LINE
  5
462
330
1B
100
AcDbEntity
  8
F.Mask
  6
CONTINUOUS
100
AcDbLine
 10
145.9435890000000029
 20
-72.6940859999999986
 30
0
 11
146.2897800000000075
 21
-72.5090429999999913
 31
0
  0
LINE
  5
463
330
1B
100
AcDbEntity
  8
F.Mask
  6
CONTINUOUS
100
AcDbLine
 10
146.2897800000000075
 20
-72.5090429999999913
 30
0
 11
146.6524409999999818
 21
-72.3588239999999985
 31
0
  0
LINE
  5
464
330
1B
100
AcDbEntity
  8
F.Mask
  6
CONTINUOUS
100
AcDbLine
 10
146.6524409999999818
 20
-72.3588239999999985
 30
0
 11
147.0280789999999911
 21
-72.2448749999999933
 31
0
  0
LINE
  5
465
330
1B
100
AcDbEntity
  8
F.Mask
  6
CONTINUOUS
100
AcDbLine
 10
147.0280789999999911
 20
-72.2448749999999933
 30
0
 11
147.4130779999999845
 21
-72.1682940000000031
 31
0
  0
LINE
  5
466
330
1B
100
AcDbEntity
  8
F.Mask
  6
CONTINUOUS
100
AcDbLine
 10
147.4130779999999845
 20
-72.1682940000000031
 30
0
 11
147.8037290000000041
 21
-72.1298180000000002
 31
0
  0
LINE
  5
467
330
1B
100
AcDbEntity
  8
F.Mask
  6
CONTINUOUS
100
AcDbLine
 10
147.8037290000000041
 20
-72.1298180000000002
 30
0
 11
148.1962709999999959
 21
-72.1298180000000002
 31
0
  0
LINE
  5
468
330
1B
100
AcDbEntity
  8
F.Mask
  6
CONTINUOUS
100
AcDbLine
 10
148.1962709999999959
 20
-72.1298180000000002
 30
0
 11
148.5869219999999871
 21
-72.1682940000000031
 31
0
  0
LINE
  5
469
330
1B
100
AcDbEntity
  8
Edge.Cuts
  6
CONTINUOUS
100
AcDbLine
 10
165.2595670000000041
 20
-60.3519030000000001
 30
0
 11
165.2730969999999786
 21
-60.3654329999999959
 31
0
  0
LINE
  5
46A
330
1B
100
AcDbEntity
  8
Edge.Cuts
  6
CONTINUOUS
100
AcDbLine
 10
165.2730969999999786
 20
-60.3654329999999959
 30
0
 11
165.2750000000000057
 21
-60.375
 31
0
  0
LINE
  5
46B
330
1B
100
AcDbEntity
  8
Edge.Cuts
  6
CONTINUOUS
100
AcDbLine
 10
165.2750000000000057
 20
-60.375
 30
0
 11
165.2750000000000057
 21
-139.625
 31
0
  0
LINE
  5
46C
330
1B
100
AcDbEntity
  8
Edge.Cuts
  6
CONTINUOUS
100
AcDbLine
 10
165.2750000000000057
 20
-139.625
 30
0
 11
165.2730969999999786
 21
-139.6345670000000041
 31
0
  0
LINE
  5
46D
330
1B
100
AcDbEntity
  8
Edge.Cuts
  6
CONTINUOUS
100
AcDbLine
 10
165.2730969999999786
 20
-139.6345670000000041
 30
0
 11
165.2595670000000041
 21
-139.648097000000007
 31
0
  0
LINE
  5
46E
330
1B
100
AcDbEntity
  8
Edge.Cuts
  6
CONTINUOUS
100
AcDbLine
 10
165.2595670000000041
 20
-139.648097000000007
 30
0
 11
165.25
 21
-139.6500000000000057
 31
0
  0
LINE
  5
46F
330
1B
100
AcDbEntity
  8
Edge.Cuts
  6
CONTINUOUS
100
AcDbLine
 10
165.25
 20
-139.6500000000000057
 30
0
 11
34.75
 21
-139.6500000000000057
 31
0
  0
LINE
  5
470
330
1B
100
AcDbEntity
  8
Edge.Cuts
  6
CONTINUOUS
100
AcDbLine
 10
34.75
 20
-139.6500000000000057
 30
0
 11
34.7404329999999959
 21
-139.648097000000007
 31
0
  0
LINE
  5
471
330
1B
100
AcDbEntity
  8
Edge.Cuts
  6
CONTINUOUS
100
AcDbLine
 10
34.7404329999999959
 20
-139.648097000000007
 30
0
 11
34.7269030000000001
 21
-139.6345670000000041
 31
0
  0
LINE
  5
472
330
1B
100
AcDbEntity
  8
Edge.Cuts
  6
CONTINUOUS
100
AcDbLine
 10
34.7269030000000001
 20
-139.6345670000000041
 30
0
 11
34.7250000000000014
 21
-139.625
 31
0
  0
LINE
  5
473
330
1B
100
AcDbEntity
  8
Edge.Cuts
  6
CONTINUOUS
100
AcDbLine
 10
34.7250000000000014
 20
-139.625
 30
0
 11
34.7250000000000014
 21
-60.375
 31
0
  0
LINE
  5
474
330
1B
100
AcDbEntity
  8
Edge.Cuts
  6
CONTINUOUS
100
AcDbLine
 10
34.7250000000000014
 20
-60.375
 30
0
 11
34.7269030000000001
 21
-60.3654329999999959
 31
0
  0
LINE
  5
475
330
1B
100
AcDbEntity
  8
Edge.Cuts
  6
CONTINUOUS
100
AcDbLine
 10
34.7269030000000001
 20
-60.3654329999999959
 30
0
 11
34.7404329999999959
 21
-60.3519030000000001
 31
0
  0
LINE
  5
476
330
1B
100
AcDbEntity
  8
Edge.Cuts
  6
CONTINUOUS
100
AcDbLine
 10
34.7404329999999959
 20
-60.3519030000000001
 30
0
 11
34.75
 21
-60.3499999999999943
 31
0
  0
LINE
  5
477
330
1B
100
AcDbEntity
  8
Edge.Cuts
  6
CONTINUOUS
100
AcDbLine
 10
34.75
 20
-60.3499999999999943
 30
0
 11
165.25
 21
-60.3499999999999943
 31
0
  0
LINE
  5
478
330
1B
100
AcDbEntity
  8
Edge.Cuts
  6
CONTINUOUS
100
AcDbLine
 10
165.25
 20
-60.3499999999999943
 30
0
 11
165.2595670000000041
 21
-60.3519030000000001
 31
0
  0
LINE
  5
479
330
1B
100
AcDbEntity
  8
Edge.Cuts
  6
CONTINUOUS
100
AcDbLine
 10
34.7749999999999986
 20
-60.3999999999999986
 30
0
 11
34.7749999999999986
 21
-139.5999999999999943
 31
0
  0
LINE
  5
47A
330
1B
100
AcDbEntity
  8
Edge.Cuts
  6
CONTINUOUS
100
AcDbLine
 10
34.7749999999999986
 20
-139.5999999999999943
 30
0
 11
165.2249999999999943
 21
-139.5999999999999943
 31
0
  0
LINE
  5
47B
330
1B
100
AcDbEntity
  8
Edge.Cuts
  6
CONTINUOUS
100
AcDbLine
 10
165.2249999999999943
 20
-139.5999999999999943
 30
0
 11
165.2249999999999943
 21
-60.3999999999999986
 31
0
  0
LINE
  5
47C
330
1B
100
AcDbEntity
  8
Edge.Cuts
  6
CONTINUOUS
100
AcDbLine
 10
165.2249999999999943
 20
-60.3999999999999986
 30
0
 11
34.7749999999999986
 21
-60.3999999999999986
 31
0
  0
ENDSEC
  0
SECTION
  2
OBJECTS
  0
DICTIONARY
  5
21
330
0
100
AcDbDictionary
281
1
  3
ACAD_GROUP
350
47D
  3
ACAD_LAYOUT
350
22
  3
ACAD_PLOTSTYLENAME
350
11
  0
DICTIONARY
  5
47D
330
21
100
AcDbDictionary
281
1
  0
ACDBDICTIONARYWDFLT
  5
11
330
21
100
AcDbDictionary
281
1
  3
Normal
350
10
100
AcDbDictionaryWithDefault
340
10
  0
ACDBPLACEHOLDER
  5
10
330
11
  0
DICTIONARY
  5
22
330
21
100
AcDbDictionary
281
1
  3
Model
350
1E
  3
Layout1
350
1F
  3
Layout2
350
20
  0
LAYOUT
  5
1E
330
22
100
AcDbPlotSettings
  1

  2
none_device
  4
A3
  6

 40
0.0
 41
0.0
 42
0.0
 43
0.0
 44
420.0
 45
297.0
 46
0.0
 47
0.0
 48
0.0
 49
0.0
140
0.0
141
0.0
142
1.0
143
1.0
 70
1024
 72
1
 73
0
 74
5
  7

 75
16
 76
0
 77
2
 78
300
147
1.0
148
0.0
149
0.0
100
AcDbLayout
  1
Model
 70
1
 71
0
 10
0.0
 20
0.0
 11
420.0
 21
297.0
 12
0.0
 22
0.0
 32
0.0
 14
1e+20
 24
1e+20
 34
1e+20
 15
-1e+20
 25
-1e+20
 35
-1e+20
146
0.0
 13
0.0
 23
0.0
 33
0.0
 16
1.0
 26
0.0
 36
0.0
 17
0.0
 27
1.0
 37
0.0
 76
0
330
1B
  0
LAYOUT
  5
1F
330
22
100
AcDbPlotSettings
  1

  2
none_device
  4
A3
  6

 40
0.0
 41
0.0
 42
0.0
 43
0.0
 44
420.0
 45
297.0
 46
0.0
 47
0.0
 48
0.0
 49
0.0
140
0.0
141
0.0
142
1.0
143
1.0
 70
0
 72
1
 73
0
 74
5
  7

 75
16
 76
0
 77
2
 78
300
147
1.0
148
0.0
149
0.0
100
AcDbLayout
  1
Layout1
 70
1
 71
1
 10
0.0
 20
0.0
 11
420.0
 21
297.0
 12
0.0
 22
0.0
 32
0.0
 14
1e+20
 24
1e+20
 34
1e+20
 15
-1e+20
 25
-1e+20
 35
-1e+20
146
0.0
 13
0.0
 23
0.0
 33
0.0
 16
1.0
 26
0.0
 36
0.0
 17
0.0
 27
1.0
 37
0.0
 76
0
330
1C
  0
LAYOUT
  5
20
330
22
100
AcDbPlotSettings
  1

  2
none_device
  4
A3
  6

 40
0.0
 41
0.0
 42
0.0
 43
0.0
 44
420.0
 45
297.0
 46
0.0
 47
0.0
 48
0.0
 49
0.0
140
0.0
141
0.0
142
1.0
143
1.0
 70
0
 72
1
 73
0
 74
5
  7

 75
16
 76
0
 77
2
 78
300
147
1.0
148
0.0
149
0.0
100
AcDbLayout
  1
Layout2
 70
1
 71
2
 10
0.0
 20
0.0
 11
420.0
 21
297.0
 12
0.0
 22
0.0
 32
0.0
 14
1e+20
 24
1e+20
 34
1e+20
 15
-1e+20
 25
-1e+20
 35
-1e+20
146
0.0
 13
0.0
 23
0.0
 33
0.0
 16
1.0
 26
0.0
 36
0.0
 17
0.0
 27
1.0
 37
0.0
 76
0
330
1D
  0
ENDSEC
  0
EOF
